编号,来源版本,L1类别,L2子类,语体大类,语体,噪声类型,文本长度,输入句子,期望输出,期望标签,性别触发词,保留理由,常见误改（负例陷阱）,难度,是否争议,备注,处置,切分,处置理由
NEG-0001,v2,一、指称已知性别的具体个人,1.1 姓名与社会称谓,口语与私人交流,即时通讯,无,,王姐说她那份材料下班前发我，你先别催。,,无需改写,王姐/她,同事间对特定个人的称呼与代词,王某说其那份材料下班前发我,难,否,,主集,test,
NEG-0002,v2,一、指称已知性别的具体个人,1.1 姓名与社会称谓,口语与私人交流,日常口语,无,,李阿姨每天六点在楼下打太极，风雨无阻。,,无需改写,李阿姨,邻里称谓，指称明确个体,李某每天六点在楼下打太极,中,否,,主集,dev,
NEG-0003,v2,一、指称已知性别的具体个人,1.1 姓名与社会称谓,新闻报道,新闻报道,无,,获奖者张桂梅是丽江华坪女子高级中学的创办人。,,无需改写,张桂梅/女子高级中学,人名与学校专名均不可改,获奖者是丽江华坪一所高级中学的创办人,易,否,同时涉第四类专名,主集,dev,
NEG-0004,v2,一、指称已知性别的具体个人,1.1 姓名与社会称谓,公文与规章,人事公文,无,,经研究，决定聘任刘敏同志为财务部副经理，她自下月一日起履职。,,无需改写,她,公文中对特定任职人员的指称,决定聘任刘敏同志为财务部副经理，其自下月一日起履职,中,否,,主集,dev,
NEG-0005,v2,一、指称已知性别的具体个人,1.1 姓名与社会称谓,公文与规章,电商客服,无,,您好，订单上留的收货人是陈女士，尾号 3721 这个电话对吗？,,无需改写,陈女士,订单登记信息，改动会造成核对失败,订单上留的收货人是陈某某,易,否,,主集,index,
NEG-0007,v2,一、指称已知性别的具体个人,1.1 姓名与社会称谓,社交与社区,论坛回帖,无,,楼主别急，我表姐去年也走的这个流程，她两个月就办下来了。,,无需改写,表姐/她,亲属称谓＋代词，均为事实,楼主别急，我亲戚去年也走的这个流程,中,否,,主集,dev,
NEG-0008,v2,一、指称已知性别的具体个人,1.1 姓名与社会称谓,文艺创作与评论,讣告,无,,先母周秀兰女士于本月十二日安详辞世，享年八十九岁。,,无需改写,先母/女士,讣告体例，称谓不可替换,先母周秀兰于本月十二日安详辞世,易,否,,主集,test,
NEG-0009,v2,一、指称已知性别的具体个人,1.2 人称代词,口语与私人交流,日常口语,无,,你别管她，她这人就这样，气头上说的话不算数。,,无需改写,她,口语中指向在场双方都知道的具体某人,你别管TA，TA这人就这样,难,否,,主集,index,
NEG-0010,v2,一、指称已知性别的具体个人,1.2 人称代词,医疗健康,病历,无,,患者女，58 岁，因反复头晕两周入院，她自述近期血压波动较大。,,无需改写,女/她,病历首程的规范格式,患者 58 岁，因反复头晕两周入院,易,否,,主集,dev,
NEG-0011,v2,一、指称已知性别的具体个人,1.2 人称代词,新闻报道,新闻报道,无,,被困者被抬出时意识清醒，他向救援人员比了个手势。,,无需改写,他,现场报道中对具体获救者的描述,被困者被抬出时意识清醒，其向救援人员比了个手势,中,否,,主集,test,
NEG-0012,v2,一、指称已知性别的具体个人,1.2 人称代词,文艺创作与评论,小说,无,,他把烟摁灭在花盆里，没回头。,,无需改写,他,叙事文本中的人物指代,这个人把烟摁灭在花盆里，没回头,易,否,,主集,index,
NEG-0013,v2,一、指称已知性别的具体个人,1.2 人称代词,公文与规章,会议纪要,无,,供应商对接由小赵负责，他这周会出一版比价表。,,无需改写,他,纪要中对具体责任人的指称,供应商对接由小赵负责，其这周会出一版比价表,中,否,,主集,index,
NEG-0014,v2,一、指称已知性别的具体个人,1.2 人称代词,社交与社区,社交媒体,无,,我闺女三岁半，她现在最爱说的一句话是“我自己来”。,,无需改写,闺女/她,家长对自己孩子的描述,我孩子三岁半，TA现在最爱说的一句话是“我自己来”,难,否,,主集,test,
NEG-0015,v2,一、指称已知性别的具体个人,1.3 血亲与姻亲称谓,口语与私人交流,日常口语,无,,我爸退休以后迷上钓鱼，我妈说家里冰箱都快塞不下了。,,无需改写,我爸/我妈,家庭成员的具体指称,我父母退休以后迷上钓鱼,中,否,改写会丢失“两个人各自做了什么”的信息,主集,index,
NEG-0016,v2,一、指称已知性别的具体个人,1.3 血亲与姻亲称谓,口语与私人交流,即时通讯,无,,今晚不回去吃了，跟我姐夫约了看球。,,无需改写,姐夫,姻亲称谓无中性对应词,今晚不回去吃了，跟我亲戚约了看球,中,否,,主集,test,
NEG-0017,v2,一、指称已知性别的具体个人,1.3 血亲与姻亲称谓,公文与规章,表单填写,无,,紧急联系人：配偶 张伟；备用联系人：其母 王秀英。,,无需改写,其母,登记信息须与实际关系一致,备用联系人：其家长 王秀英,易,否,,主集,index,
NEG-0018,v2,一、指称已知性别的具体个人,1.3 血亲与姻亲称谓,学术与调研,族谱/史料,无,,曾祖父育有三子二女，长子早夭。,,无需改写,三子二女/长子,家族记录，数目与性别都是史实,曾祖父育有五个子女，其中一人早夭,易,否,,主集,dev,
NEG-0019,v2,一、指称已知性别的具体个人,1.3 血亲与姻亲称谓,社交与社区,论坛提问,无,,婆婆刚做完膝关节置换，想问下术后康复一般要多久。,,无需改写,婆婆,姻亲称谓，指称具体某人,家人刚做完膝关节置换,中,否,,主集,index,
NEG-0020,v2,一、指称已知性别的具体个人,1.3 血亲与姻亲称谓,法律与司法,法律文书,无,,本人名下位于朝阳区的房产，由长女李某某单独继承。,,无需改写,长女,继承法律关系须精确,由子女李某某单独继承,易,否,,主集,index,
NEG-0021,v2,一、指称已知性别的具体个人,1.3 血亲与姻亲称谓,口语与私人交流,日常口语,无,,我外婆是苏州人，她做的酱鸭我到现在没吃到过第二家。,,无需改写,外婆/她,母系祖辈的特定称谓,我祖辈是苏州人,中,否,“外婆”与“奶奶”在汉语中不可互换,主集,test,
NEG-0022,v2,一、指称已知性别的具体个人,1.4 伴侣与恋爱关系,口语与私人交流,即时通讯,无,,我女朋友说她那边开完会就过来，你们先点菜。,,无需改写,女朋友/她,当事人对自身关系的描述,我对象说TA那边开完会就过来,难,否,高频误改样本,主集,test,
NEG-0023,v2,一、指称已知性别的具体个人,1.4 伴侣与恋爱关系,社交与社区,论坛帖子,无,,和男朋友异地三年了，最近他工作调动，终于能到一个城市。,,无需改写,男朋友/他,同上,和伴侣异地三年了，最近TA工作调动,难,否,,主集,test,
NEG-0024,v2,一、指称已知性别的具体个人,1.4 伴侣与恋爱关系,公文与规章,申请材料,无,,申请人配偶（妻子）李某某，现于本市某中学任教。,,无需改写,妻子,随迁材料中的亲属关系认定,申请人配偶李某某，现于本市某中学任教,中,否,,主集,test,
NEG-0025,v2,一、指称已知性别的具体个人,1.4 伴侣与恋爱关系,新闻报道,新闻报道,无,,遇难者的未婚妻在事故现场等了整整一夜。,,无需改写,未婚妻,特定关系的既有称谓,遇难者的未婚伴侣在事故现场等了整整一夜,中,否,,主集,test,
NEG-0026,v2,一、指称已知性别的具体个人,1.4 伴侣与恋爱关系,口语与私人交流,日常口语,无,,我前夫每周三接孩子，这是当初协议里写好的。,,无需改写,前夫,离婚后抚养安排的事实,我前任配偶每周三接孩子,中,否,,主集,test,
NEG-0027,v2,一、指称已知性别的具体个人,1.4 伴侣与恋爱关系,学术与调研,访谈/播客,无,,我和我太太是大学同学，我追了她两年才追上。,,无需改写,太太/她,当事人自述，属自我表达范畴,我和我伴侣是大学同学,难,否,兼涉第六类自称,主集,test,
NEG-0028,v2,一、指称已知性别的具体个人,1.5 社会角色中的具体个人,口语与私人交流,日常口语,无,,我们主治大夫是位女医生，姓吴，特别有耐心。,,无需改写,女医生,介绍具体某人，非给职业加性别限定,我们主治大夫姓吴，特别有耐心,难,否,与“女司机技术不行”构成最小对立对,主集,index,
NEG-0029,v2,一、指称已知性别的具体个人,1.5 社会角色中的具体个人,新闻报道,新闻报道,无,,本案唯一的目击者是一位七十岁的老太太，她的证词成为关键。,,无需改写,老太太/她,案件报道中对具体证人的描述,本案唯一的目击者是一位七十岁的老人,中,否,,主集,test,
NEG-0030,v2,一、指称已知性别的具体个人,1.5 社会角色中的具体个人,公文与规章,询问笔录,无,,被害人系女性，22 岁，案发时独自在出租屋内。,,无需改写,女性,刑事案件中性别是案情要素,被害人 22 岁，案发时独自在出租屋内,易,否,,主集,test,
NEG-0031,v2,一、指称已知性别的具体个人,1.5 社会角色中的具体个人,新闻报道,新闻报道,无,,本次机组由机长赵某某带队，她也是该航司首位执飞该机型的女性飞行员。,,无需改写,女性飞行员,该纪录本身就是新闻点，删去则报道失去主题,她也是该航司首位执飞该机型的飞行员,难,否,脱离该语境的“女飞行员”则应改写,主集,index,
NEG-0032,v2,一、指称已知性别的具体个人,1.5 社会角色中的具体个人,新闻报道,特写报道,无,,她是这家诊所唯一的儿科医生，附近几个村的孩子都找她看。,,无需改写,她,人物特写中的主角指代,这位是诊所唯一的儿科医生,中,否,,主集,dev,
NEG-0033,v2,一、指称已知性别的具体个人,1.5 社会角色中的具体个人,口语与私人交流,日常口语,无,,教我们数学的是个男老师，姓周，讲课特别快。,,无需改写,男老师,介绍具体任课教师,教我们数学的老师姓周，讲课特别快,难,否,与 1.5 首条对称，防止模型只对“女X”敏感,主集,test,
NEG-0034,v2,二、生理与医学必需,2.1 生殖与生育,医疗健康,医嘱,无,,孕 32 周，胎位为臀先露，建议两周后复查以决定分娩方式。,,无需改写,孕/胎位,产科临床记录,32 周复查，建议两周后再次评估,易,否,,主集,test,
NEG-0035,v2,二、生理与医学必需,2.1 生殖与生育,医疗健康,健康科普,无,,叶酸建议在备孕前三个月开始补充，男方也可适量补充锌和硒。,,无需改写,备孕/男方,备孕指导中双方分工不同,备孕前三个月开始补充叶酸，双方均可适量补充,中,否,,主集,index,
NEG-0036,v2,二、生理与医学必需,2.1 生殖与生育,医疗健康,药品说明书,无,,妊娠期妇女及哺乳期妇女禁用本品。,,无需改写,妊娠期/哺乳期妇女,说明书法定表述，涉及用药安全,特定生理期人群禁用本品,易,否,同时受第五类保护,主集,index,
NEG-0037,v2,二、生理与医学必需,2.1 生殖与生育,社交与社区,论坛提问,无,,剖腹产第三天，刀口一咳嗽就疼，有什么办法能缓解吗？,,无需改写,剖腹产,口语中的术式名称,术后第三天，伤口一咳嗽就疼,易,否,,主集,index,
NEG-0038,v2,二、生理与医学必需,2.1 生殖与生育,学术与调研,学术论文,无,,本组 87 例不孕不育患者中，男方因素占 31.0%，女方因素占 42.5%。,,无需改写,男方/女方,病因构成分析，删去即无结论,本组 87 例患者中，各类因素占比不同,易,否,,主集,dev,
NEG-0039,v2,二、生理与医学必需,2.1 生殖与生育,口语与私人交流,日常口语,无,,我媳妇预产期在下个月十号，我这几天心里一直悬着。,,无需改写,媳妇/预产期,当事人对自家情况的叙述,我伴侣预产期在下个月十号,中,否,,主集,index,
NEG-0040,v2,二、生理与医学必需,2.2 生理周期与内分泌,医疗健康,病历,无,,主诉：停经 45 天，尿妊娠试验阳性。,,无需改写,停经/妊娠,主诉原文与鉴别诊断路径,主诉：月经异常 45 天，相关检查阳性,易,否,,主集,index,
NEG-0041,v2,二、生理与医学必需,2.2 生理周期与内分泌,社交与社区,论坛帖子,无,,痛经十几年了，第一天基本下不了床，前阵子查出来是子宫内膜异位症。,,无需改写,痛经/子宫内膜异位症,症状与疾病名称,腹痛十几年了，查出来是相关疾病,易,否,,主集,dev,
NEG-0042,v2,二、生理与医学必需,2.2 生理周期与内分泌,医疗健康,健康科普,无,,更年期潮热多在夜间发作，与雌激素水平下降直接相关。,,无需改写,更年期/雌激素,生理阶段与机制说明,该阶段潮热多在夜间发作,中,否,,主集,test,
NEG-0043,v2,二、生理与医学必需,2.2 生理周期与内分泌,工程与技术,检验报告,无,,血清睾酮 1.8 nmol/L，低于男性参考范围下限，建议复查。,,无需改写,睾酮/男性参考范围,检验参考区间按生理性别分层,血清睾酮 1.8 nmol/L，低于参考范围下限,中,否,,主集,index,
NEG-0044,v2,二、生理与医学必需,2.2 生理周期与内分泌,学术与调研,教材,无,,近几十年女性初潮年龄呈提前趋势，与营养状况改善相关。,,无需改写,女性初潮,流行病学结论，删去性别则命题不成立,近几十年青春期发育呈提前趋势,中,否,,主集,test,
NEG-0045,v2,二、生理与医学必需,2.3 性别特异性器官与疾病,医疗健康,医嘱,无,,PSA 6.7 ng/mL，建议至泌尿外科门诊进一步评估前列腺情况。,,无需改写,前列腺,解剖结构与检查项目,建议至泌尿外科门诊进一步评估,易,否,,主集,index,
NEG-0046,v2,二、生理与医学必需,2.3 性别特异性器官与疾病,医疗健康,健康科普,无,,宫颈癌是目前唯一病因明确、可通过疫苗预防的恶性肿瘤。,,无需改写,宫颈癌,疾病名称与公共卫生事实,该癌症是目前唯一可通过疫苗预防的恶性肿瘤,易,否,,主集,index,
NEG-0047,v2,二、生理与医学必需,2.3 性别特异性器官与疾病,学术与调研,学术论文,无,,男性乳腺癌约占全部乳腺癌病例的 1%，确诊时分期普遍偏晚。,,无需改写,男性,流行病学事实，且句子本身在破除“乳腺癌只发生于女性”的误解,乳腺癌病例中有一部分确诊时分期偏晚,难,否,模型常误判为“给疾病加性别标记”,主集,test,
NEG-0048,v2,二、生理与医学必需,2.3 性别特异性器官与疾病,口语与私人交流,日常口语,无,,我爸查出前列腺增生，医生说先吃药观察，不着急做手术。,,无需改写,我爸/前列腺,家属转述的诊断,我家人查出相关问题,易,否,,主集,test,
NEG-0049,v2,二、生理与医学必需,2.3 性别特异性器官与疾病,医疗健康,临床指南,无,,建议 25 至 64 岁女性每三年进行一次宫颈细胞学筛查。,,无需改写,女性/宫颈,筛查建议的目标人群,建议 25 至 64 岁人群每三年进行一次宫颈细胞学筛查,中,是,部分指南已改为“有宫颈者”以兼顾跨性别人群,主集,index,
NEG-0050,v2,二、生理与医学必需,2.4 药理与诊疗差异,医疗健康,药品说明书,无,,本品在女性受试者中的血药浓度峰值较男性高约 20%，必要时减量。,,无需改写,女性/男性,药代动力学差异，是用药安全依据,本品在不同人群中的血药浓度存在差异,易,否,,主集,index,
NEG-0051,v2,二、生理与医学必需,2.4 药理与诊疗差异,工程与技术,检验报告,无,,血红蛋白 132 g/L（参考区间：男 130–175，女 115–150）。,,无需改写,男/女,检验参考区间的标准分层,血红蛋白 132 g/L（参考区间 115–175）,易,否,,主集,test,
NEG-0052,v2,二、生理与医学必需,2.4 药理与诊疗差异,医疗健康,医嘱,无,,该造影剂哺乳期使用后建议暂停哺乳 24 小时。,,无需改写,哺乳期,用药禁忌与注意事项,该造影剂使用后建议暂停相关行为 24 小时,易,否,,主集,index,
NEG-0053,v2,二、生理与医学必需,2.4 药理与诊疗差异,公文与规章,研究方案,无,,受试者入组时按性别 1:1 分层随机，以保证组间可比。,,无需改写,性别分层随机,试验设计的方法学要求,受试者入组时采用分层随机,易,否,,主集,dev,
NEG-0054,v2,二、生理与医学必需,2.4 药理与诊疗差异,医疗健康,健康科普,无,,同样一杯酒，女性的血液酒精浓度通常高于男性，与体脂比例和代谢酶活性有关。,,无需改写,女性/男性,生理机制说明,同样一杯酒，不同人的血液酒精浓度存在差异,中,否,,主集,test,
NEG-0055,v2,二、生理与医学必需,2.5 性别确认医疗与性健康,医疗健康,病历,无,,患者接受性别确认激素治疗已 14 个月，本次复查肝功能及血脂。,,无需改写,性别确认激素治疗,治疗方案名称与患者本人的医疗事实,患者接受激素治疗已 14 个月,中,否,,主集,test,
NEG-0057,v2,二、生理与医学必需,2.5 性别确认医疗与性健康,医疗健康,门诊记录,无,,跨性别女性长期使用雌激素者，需定期评估静脉血栓风险。,,无需改写,跨性别女性/雌激素,特定人群的用药监测要求,长期使用相关激素者需定期评估血栓风险,中,否,,主集,dev,
NEG-0058,v2,二、生理与医学必需,2.5 性别确认医疗与性健康,医疗健康,公共卫生,无,,男男性行为人群的 HIV 感染风险显著高于一般人群，建议定期检测。,,无需改写,男男性行为人群,流行病学高危人群界定,部分人群的 HIV 感染风险较高，建议定期检测,中,否,模糊化会削弱公共卫生干预的针对性,主集,index,
NEG-0059,v2,二、生理与医学必需,2.5 性别确认医疗与性健康,医疗健康,科普问答,无,,长效可逆避孕方式包括宫内节育器和皮下埋植剂，适用于暂无生育计划的女性。,,无需改写,宫内节育器/女性,避孕方式的适用人群,长效可逆避孕方式适用于暂无生育计划的人群,中,否,,主集,dev,
NEG-0060,v2,二、生理与医学必需,2.6 鉴定与研究场景,法律与司法,鉴定意见书,无,,根据耻骨联合面形态及骨盆入口指数，推断死者为女性，年龄 30 至 40 岁。,,无需改写,女性,法医学鉴定结论,推断死者年龄为 30 至 40 岁,易,否,,主集,test,
NEG-0061,v2,二、生理与医学必需,2.6 鉴定与研究场景,学术与调研,考古报告,无,,M12 号墓主为男性，随葬品以兵器为主，未见纺织工具。,,无需改写,男性,考古学个体鉴定与随葬品组合分析,M12 号墓主随葬品以兵器为主,易,否,,主集,index,
NEG-0062,v2,二、生理与医学必需,2.6 鉴定与研究场景,学术与调研,学术论文,无,,本研究对 12 万名受试者按性别分层，分别估计吸烟与肺癌的关联强度。,,无需改写,性别分层,研究方法学,本研究对 12 万名受试者进行了分层分析,易,否,,主集,index,
NEG-0063,v2,二、生理与医学必需,2.6 鉴定与研究场景,新闻报道,新闻报道,无,,DNA 比对已确认，遇难的五人中包含两名女性和一名未成年人。,,无需改写,女性,事故通报中的遇难者构成,DNA 比对已确认遇难者共五人,易,否,,主集,dev,
NEG-0064,v2,二、生理与医学必需,2.6 鉴定与研究场景,学术与调研,教材,无,,体质人类学常用颅骨眉弓隆起与乳突大小辅助判断个体性别。,,无需改写,个体性别,学科方法介绍,体质人类学常用颅骨特征辅助个体识别,易,否,,主集,index,
NEG-0065,v2,三、制度性与统计性区分,3.1 法律与行政身份,公文与规章,表单,无,,请依次填写姓名、性别、出生日期及身份证号码。,,无需改写,性别,法定登记项目,请依次填写姓名、出生日期及身份证号码,易,否,,主集,index,
NEG-0066,v2,三、制度性与统计性区分,3.1 法律与行政身份,法律与司法,判决书,无,,原告与被告于 2015 年登记结婚，婚生女现年七岁，判决随母生活。,,无需改写,婚生女/母,抚养权判决的事实与主文,婚生子女现年七岁，判决随一方生活,易,否,,主集,test,
NEG-0067,v2,三、制度性与统计性区分,3.1 法律与行政身份,公文与规章,内部通知,无,,该同事已完成法律性别变更登记，请各业务系统于本周内同步更新。,,无需改写,法律性别变更,行政程序名称，且该表述本身即是包容做法,该同事已完成信息变更登记,中,否,,主集,index,
NEG-0068,v2,三、制度性与统计性区分,3.1 法律与行政身份,公文与规章,出入境须知,无,,护照资料页包含持照人姓名、性别、国籍、出生日期及签发机关。,,无需改写,性别,证件规范内容,护照资料页包含持照人基本信息及签发机关,易,否,,主集,dev,
NEG-0069,v2,三、制度性与统计性区分,3.1 法律与行政身份,公文与规章,户籍档案,无,,户主之妻王某某，1978 年生，务农，1996 年迁入本户。,,无需改写,之妻,户籍关系登记,户主之配偶王某某，1978 年生,中,否,,主集,index,
NEG-0070,v2,三、制度性与统计性区分,3.1 法律与行政身份,公文与规章,法律咨询,无,,非婚生子女与婚生子女享有同等权利，生母生父均负有抚养义务。,,无需改写,生母/生父,法定义务主体的完整表述,父母均负有抚养义务,中,否,,主集,index,
NEG-0071,v2,三、制度性与统计性区分,3.2 劳动与社会保障,公文与规章,规章制度,无,,女职工在哺乳期内，用人单位不得延长其劳动时间或者安排夜班劳动。,,无需改写,女职工/哺乳期,劳动保护条款的法定适用对象,职工在哺乳期内不得被安排夜班劳动,中,否,,主集,index,
NEG-0072,v2,三、制度性与统计性区分,3.2 劳动与社会保障,公文与规章,内部通知,无,,自本月起，男职工陪产假由 10 天延长至 15 天，休假期间工资照发。,,无需改写,男职工/陪产假,现行假期制度的适用对象,自本月起，陪产假由 10 天延长至 15 天,中,是,部分单位已改为性别中立的育儿假,主集,index,
NEG-0073,v2,三、制度性与统计性区分,3.2 劳动与社会保障,公文与规章,客服话术,无,,生育津贴申领需提供出生医学证明和女方的连续参保记录。,,无需改写,女方,经办规则中的材料要求,生育津贴申领需提供出生医学证明和参保记录,中,否,,主集,dev,
NEG-0074,v2,三、制度性与统计性区分,3.2 劳动与社会保障,新闻报道,新闻报道,无,,延迟退休方案对女性干部与女性工人的起算年龄作了区分。,,无需改写,女性干部/女性工人,现行制度的准确转述,延迟退休方案对不同岗位的起算年龄作了区分,中,否,,主集,index,
NEG-0075,v2,三、制度性与统计性区分,3.2 劳动与社会保障,公文与规章,HR 通知,无,,孕期同事可申请调整为不含夜班的排班，请提前将产检证明提交至人事。,,无需改写,孕期/产检,内部政策的适用条件,有需要的同事可申请调整排班,中,否,,主集,index,
NEG-0076,v2,三、制度性与统计性区分,3.3 体育竞技分级,新闻报道,赛事播报,无,,女子 100 米栏半决赛将于今晚八点在主体育场进行。,,无需改写,女子,竞赛项目正式分级名称,100 米栏半决赛将于今晚八点进行,易,否,,主集,test,
NEG-0078,v2,三、制度性与统计性区分,3.3 体育竞技分级,公文与规章,竞赛规程,无,,本项目按体重分级，男子组设 8 个级别，女子组设 7 个级别。,,无需改写,男子组/女子组,规程条文,本项目按体重分级，共设 15 个级别,易,否,,主集,index,
NEG-0079,v2,三、制度性与统计性区分,3.3 体育竞技分级,新闻报道,新闻报道,无,,国际泳联更新了跨性别运动员参加女子组比赛的资格条款。,,无需改写,跨性别/女子组,规则转述,国际泳联更新了运动员参赛资格条款,中,是,该规则本身在各组织间存在分歧，此处仅作转述,主集,test,
NEG-0080,v2,三、制度性与统计性区分,3.3 体育竞技分级,商业与产品,资料库,无,,该项目世界纪录男女分列，女子组纪录已保持 14 年。,,无需改写,男女分列/女子组,纪录统计口径,该项目世界纪录已保持 14 年,易,否,,主集,test,
NEG-0081,v2,三、制度性与统计性区分,3.4 空间与设施,公文与规章,现场指引,无,,女卫生间在走廊尽头右转，男卫生间在电梯口旁边。,,无需改写,女/男卫生间,导视信息，改写会导致指引失效,卫生间在走廊尽头和电梯口旁边,易,是,设施划分与跨性别者权益的关系存在持续争论,主集,dev,
NEG-0082,v2,三、制度性与统计性区分,3.4 空间与设施,新闻报道,场馆公告,无,,更衣室按男女分设，六岁以下儿童可随同任一方家长入内。,,无需改写,男女分设,场馆管理规定,更衣室分区设置，六岁以下儿童可随同家长入内,中,是,,主集,dev,
NEG-0083,v2,三、制度性与统计性区分,3.4 空间与设施,公文与规章,机场信息,无,,母婴室位于 T2 航站楼四层，提供哺乳间、护理台和热水。,,无需改写,母婴室/哺乳间,设施既有名称与功能说明,育婴室位于 T2 航站楼四层,中,是,部分机场已更名，但改写既有标识会造成指引错误,主集,index,
NEG-0084,v2,三、制度性与统计性区分,3.4 空间与设施,公文与规章,管理规定,无,,女性在押人员的看管和人身检查，应当由女性民警实施。,,无需改写,女性在押人员/女性民警,监所管理的法定要求,在押人员的看管和人身检查由民警实施,易,否,,主集,index,
NEG-0085,v2,三、制度性与统计性区分,3.4 空间与设施,公文与规章,学校简介,无,,本校为女子中学，创办于 1904 年，是本市历史最悠久的中学之一。,,无需改写,女子中学,学校性质与专名,本校创办于 1904 年，是本市历史最悠久的中学之一,易,否,,主集,dev,
NEG-0086,v2,三、制度性与统计性区分,3.5 统计、监测与研究,学术与调研,统计公报,无,,年末全国人口中，男性 72034 万人，女性 68935 万人。,,无需改写,男性/女性,人口统计基础数据,年末全国人口共 140969 万人,易,否,,主集,index,
NEG-0087,v2,三、制度性与统计性区分,3.5 统计、监测与研究,学术与调研,行业报告,无,,该行业女性从业者占比 61%，但管理层中女性仅占 23%。,,无需改写,女性,职业性别隔离的量化描述，是报告论点所在,该行业从业者与管理层的构成存在落差,难,否,删去性别，整段分析即失去对象,主集,index,
NEG-0088,v2,三、制度性与统计性区分,3.5 统计、监测与研究,学术与调研,学术论文,无,,在控制年龄与受教育程度后，性别对晋升概率仍具有显著影响。,,无需改写,性别,回归分析中的自变量,在控制年龄与受教育程度后，个体特征仍具有显著影响,中,否,,主集,dev,
NEG-0089,v2,三、制度性与统计性区分,3.5 统计、监测与研究,医疗健康,公共卫生报告,无,,我国成年男性吸烟率约为女性的 20 倍。,,无需改写,男性/女性,健康行为的性别差异数据,我国成年人吸烟率存在群体差异,易,否,,主集,index,
NEG-0090,v2,三、制度性与统计性区分,3.5 统计、监测与研究,学术与调研,教育统计,无,,近十年普通高校在校生中女生比例持续超过 50%。,,无需改写,女生比例,教育统计指标,近十年普通高校在校生结构持续变化,易,否,,主集,index,
NEG-0091,v2,三、制度性与统计性区分,3.5 统计、监测与研究,学术与调研,调查方法,无,,本次调查回收有效问卷 1200 份，男性 560 份、女性 632 份、其他 8 份。,,无需改写,男性/女性/其他,样本构成披露，且选项已含非二元项,本次调查回收有效问卷 1200 份,中,否,可作为“强制二元”误判的反例,主集,dev,
NEG-0092,v2,三、制度性与统计性区分,3.6 平权、保护与专项服务,公文与规章,监管要求,无,,上市公司应在年度报告中披露董事会成员的性别构成情况。,,无需改写,性别构成,信息披露的法定项目,上市公司应披露董事会成员的构成情况,中,否,,主集,dev,
NEG-0093,v2,三、制度性与统计性区分,3.6 平权、保护与专项服务,公文与规章,公益宣传,无,,12338 妇女维权公益服务热线已实现全国统一接入。,,无需改写,妇女维权,服务名称与服务对象,公益维权服务热线已实现全国统一接入,易,否,,主集,test,
NEG-0094,v2,三、制度性与统计性区分,3.6 平权、保护与专项服务,新闻报道,项目公告,无,,该计划每年资助 20 名 45 岁以下女性科研人员开展独立研究。,,无需改写,女性科研人员,资助资格条件,该计划每年资助 20 名 45 岁以下科研人员,难,否,此处性别限定即准入条件，与冗余标记性质不同,主集,test,
NEG-0095,v2,三、制度性与统计性区分,3.6 平权、保护与专项服务,公文与规章,机构通报,无,,本机构今年新设男性受害人临时安置床位 6 张。,,无需改写,男性受害人,针对被忽视群体的服务扩展,本机构今年新设临时安置床位 6 张,难,否,,主集,dev,
NEG-0096,v2,三、制度性与统计性区分,3.6 平权、保护与专项服务,新闻报道,招聘公告,无,,为改善团队性别结构，本轮校招将定向增加女性工程师岗位名额。,,无需改写,女性工程师,积极行动措施的目标说明,本轮校招将增加工程师岗位名额,中,是,定向措施的正当性与边界存在不同主张,主集,index,
NEG-0098,v2,三、制度性与统计性区分,3.7 宗教与文化传统实践,新闻报道,新闻报道,无,,该教派于 1994 年起允许女性担任神职，此前已争论近三十年。,,无需改写,女性,制度变迁的事实报道,该教派于 1994 年放宽了神职任职资格,中,否,,主集,index,
NEG-0099,v2,三、制度性与统计性区分,3.7 宗教与文化传统实践,学术与调研,人类学记录,无,,该族群的成年礼分男女两套仪式，内容与时长均不相同。,,无需改写,男女两套仪式,田野观察记录,该族群的成年礼分为两套仪式,易,否,,主集,dev,
NEG-0100,v2,三、制度性与统计性区分,3.7 宗教与文化传统实践,商业与产品,服饰说明,无,,这套礼服为女式，男式在纹样密度和下摆长度上有明显区别。,,无需改写,女式/男式,形制分类的既有名称,这套礼服在纹样密度和下摆长度上有多种形制,中,否,,主集,index,
NEG-0101,v2,三、制度性与统计性区分,3.7 宗教与文化传统实践,学术与调研,文物介绍,无,,旧时祠堂议事设男女分席，两侧廊庑至今保留着当时的格局。,,无需改写,男女分席,历史空间制度的说明,旧时祠堂议事分席而坐,易,否,,主集,dev,
NEG-0102,v2,四、专有名词与固定名称,4.1 法律法规,新闻报道,新闻报道,无,,《妇女权益保障法》修订后新增了对职场性骚扰的防治条款。,,无需改写,妇女权益保障法,法律正式名称,《权益保障法》修订后新增了相关条款,易,否,,主集,test,
NEG-0103,v2,四、专有名词与固定名称,4.1 法律法规,公文与规章,合规文件,无,,《女职工劳动保护特别规定》附录列明了女职工禁忌从事的劳动范围。,,无需改写,女职工,行政法规名称及其条文内容,《职工劳动保护特别规定》列明了禁忌劳动范围,易,否,,主集,index,
NEG-0104,v2,四、专有名词与固定名称,4.1 法律法规,学术与调研,学术写作,无,,我国于 1980 年批准加入《消除对妇女一切形式歧视公约》。,,无需改写,妇女,国际条约正式名称,我国于 1980 年批准加入相关反歧视公约,易,否,,主集,dev,
NEG-0105,v2,四、专有名词与固定名称,4.1 法律法规,公文与规章,政策解读,无,,《母婴保健法》对婚前医学检查和孕产期保健作了专门规定。,,无需改写,母婴保健法,法律正式名称,《健康保障法》对相关检查作了专门规定,易,否,,主集,dev,
NEG-0106,v2,四、专有名词与固定名称,4.2 机构、组织与场所,医疗健康,就医指南,无,,北京妇产医院的产科门诊需提前七天在小程序上预约。,,无需改写,妇产医院/产科,机构与科室法定名称,该专科医院的门诊需提前七天预约,易,否,,主集,index,
NEG-0107,v2,四、专有名词与固定名称,4.2 机构、组织与场所,新闻报道,体育报道,无,,中国女足在小组赛末轮以两球取胜，提前锁定出线名额。,,无需改写,女足,队伍正式名称,中国足球队在小组赛末轮取胜,易,否,,主集,index,
NEG-0108,v2,四、专有名词与固定名称,4.2 机构、组织与场所,新闻报道,新闻通稿,无,,全国妇联联合教育部等部门发布了家庭教育指导意见。,,无需改写,全国妇联,机构法定简称,相关联合会与教育部等部门发布了指导意见,易,否,,主集,dev,
NEG-0109,v2,四、专有名词与固定名称,4.2 机构、组织与场所,新闻报道,地方新闻,无,,市第一女子中学与两所公办初中组建了教育集团。,,无需改写,女子中学,学校法定名称,市第一中学与两所公办初中组建了教育集团,易,否,,主集,dev,
NEG-0111,v2,四、专有名词与固定名称,4.3 奖项、荣誉与称号,新闻报道,文娱报道,无,,本届金鸡奖最佳女配角由一位首次触电的新人获得。,,无需改写,最佳女配角,奖项设置的正式名称,本届金鸡奖最佳配角由一位新人获得,易,是,少数影展已取消性别分设，但不影响既有奖项名的引用,主集,test,
NEG-0113,v2,四、专有名词与固定名称,4.3 奖项、荣誉与称号,新闻报道,科研新闻,无,,该团队获颁本年度中国青年女科学家团队奖。,,无需改写,女科学家,奖项正式名称,该团队获颁本年度中国青年科学家团队奖,易,否,,主集,test,
NEG-0114,v2,四、专有名词与固定名称,4.4 节日与纪念日,公文与规章,活动通知,无,,三八国际妇女节当天，全市多家博物馆对女性观众免费开放。,,无需改写,妇女节/女性观众,节日名称与活动规则,国际劳动节当天，全市多家博物馆免费开放,易,否,,主集,test,
NEG-0115,v2,四、专有名词与固定名称,4.4 节日与纪念日,商业与产品,行业数据,无,,母亲节前一周，鲜花订单量环比上涨四成。,,无需改写,母亲节,节日名称,节日前一周，鲜花订单量环比上涨四成,易,否,,主集,index,
NEG-0116,v2,四、专有名词与固定名称,4.4 节日与纪念日,社交与社区,公益倡导,无,,11 月 25 日是消除对妇女暴力国际日，今年主题聚焦数字空间的性别暴力。,,无需改写,妇女/性别暴力,纪念日名称与年度主题,11 月 25 日是消除暴力国际日，今年主题聚焦数字空间,易,否,,主集,index,
NEG-0117,v2,四、专有名词与固定名称,4.4 节日与纪念日,商业与产品,消费观察,无,,父亲节的礼品搜索量近三年增速已超过母亲节。,,无需改写,父亲节/母亲节,节日名称与对比数据,两个节日的礼品搜索量近三年增速不同,易,否,,主集,dev,
NEG-0119,v2,四、专有名词与固定名称,4.5 作品名与文化产品,文艺创作与评论,剧评,无,,《大明宫词》至今仍被视为国产剧中女性视角叙事的代表作。,,无需改写,女性视角,剧名与评论中的分析术语,该剧至今仍被视为国产剧叙事的代表作,中,否,,主集,dev,
NEG-0120,v2,四、专有名词与固定名称,4.5 作品名与文化产品,商业与产品,音乐介绍,无,,《女人花》是梅艳芳流传最广的作品之一。,,无需改写,女人花,歌曲名,该曲是梅艳芳流传最广的作品之一,易,否,,主集,dev,
NEG-0121,v2,四、专有名词与固定名称,4.5 作品名与文化产品,新闻报道,影视资讯,无,,《一个女人的史诗》改编自严歌苓的同名小说。,,无需改写,一个女人的史诗,作品名,该剧改编自严歌苓的同名小说,易,否,,主集,index,
NEG-0122,v2,四、专有名词与固定名称,4.6 历史与制度术语,医疗健康,历史科普,无,,科举时代的“男丁”须承担徭役，女性不列入丁口。,,无需改写,男丁/丁口,历史制度术语,科举时代的成年人须承担徭役,易,否,,主集,test,
NEG-0123,v2,四、专有名词与固定名称,4.6 历史与制度术语,学术与调研,学术写作,无,,缠足的废止过程与清末新式女学的兴起大体同步。,,无需改写,缠足/女学,历史事物与制度名称,该习俗的废止与清末新式教育的兴起同步,易,否,,主集,dev,
NEG-0124,v2,四、专有名词与固定名称,4.6 历史与制度术语,医疗健康,历史科普,无,,唐代命妇的封号通常与其夫或子的官阶挂钩。,,无需改写,命妇/夫/子,历史制度术语及其运作方式,唐代相关封号通常与家人的官阶挂钩,易,否,,主集,index,
NEG-0125,v2,四、专有名词与固定名称,4.6 历史与制度术语,学术与调研,地方志,无,,童养媳现象在本地部分乡村延续至上世纪五十年代初。,,无需改写,童养媳,历史制度名称,早婚现象在本地部分乡村延续至五十年代初,易,否,,主集,index,
NEG-0126,v2,四、专有名词与固定名称,4.7 学术与批判性概念,学术与调研,学术论文,无,,“玻璃悬崖”指女性更容易在组织陷入危机时被推上高位。,,无需改写,玻璃悬崖/女性,术语的标准定义，删去性别则定义失效,该概念指人们更容易在组织危机时被推上高位,难,否,定义句中的性别词属定义内容,主集,index,
NEG-0128,v2,四、专有名词与固定名称,4.7 学术与批判性概念,学术与调研,学术论文,无,,本文在“男性凝视”的框架下重新解读了这批海报的构图逻辑。,,无需改写,男性凝视,分析工具，非作者立场,本文在“观看视角”的框架下解读了这批海报,中,否,,主集,test,
NEG-0129,v2,四、专有名词与固定名称,4.7 学术与批判性概念,商业与产品,消费观察,无,,“粉红税”指同类商品的女性版本定价普遍偏高的现象。,,无需改写,粉红税/女性版本,术语定义,该现象指同类商品的不同版本定价存在差异,难,否,,主集,index,
NEG-0130,v2,四、专有名词与固定名称,4.8 品牌、产品与商业名称,新闻报道,行业报道,无,,该品牌女装线与男装线的版型开发团队是分开的。,,无需改写,女装线/男装线,产品线的既有名称,该品牌不同产品线的版型开发团队是分开的,中,否,,主集,index,
NEG-0131,v2,四、专有名词与固定名称,4.8 品牌、产品与商业名称,公文与规章,商场导视,无,,四层为男装及运动区，五层为女装及童装区。,,无需改写,男装/女装,楼层导视信息,四层与五层为服装及运动区,中,是,部分商场已推行无性别分区，但改写既有导视会造成信息错误,主集,index,
NEG-0132,v2,四、专有名词与固定名称,4.8 品牌、产品与商业名称,商业与产品,市场报告,无,,“她经济”已成为近三年消费类研报中的高频词。,,无需改写,她经济,术语名称,消费类研报中出现了新的高频词,易,否,,主集,dev,
NEG-0133,v2,四、专有名词与固定名称,4.8 品牌、产品与商业名称,商业与产品,商品描述,无,,这款香水分男士版与女士版，前调差别较大，建议先试香。,,无需改写,男士版/女士版,商品分类的既有名称,这款香水有两个版本，前调差别较大,中,否,,主集,index,
NEG-0134,v2,五、引用与转述,5.1 直接引语,新闻报道,调查报道,无,,他在电话里说：“家里女人多，事就多。”记者随后追问了这句话的含义。,,无需改写,女人,直接引语属证据材料,他在电话里表达了对家庭事务繁多的抱怨,难,否,,主集,index,
NEG-0135,v2,五、引用与转述,5.1 直接引语,法律与司法,庭审记录,无,,被告人当庭表示：“我当时想她一个女的，不会真去报警。”,,无需改写,她/女的,供述原文是定罪量刑的事实依据,被告人当庭表示其低估了被害人的应对能力,难,否,,主集,test,
NEG-0136,v2,五、引用与转述,5.1 直接引语,文艺创作与评论,会议记录,无,,有代表提出：“一线岗位不适合招女生。”该意见未被会议采纳。,,无需改写,女生,记录原话，且后半句已表明立场,有代表提出了限制性招聘意见，未被会议采纳,难,否,,主集,dev,
NEG-0137,v2,五、引用与转述,5.1 直接引语,新闻报道,人物特写,无,,老人反复说着同一句话：“我这辈子就盼着我闺女能上大学。”,,无需改写,闺女,受访者原话,老人反复表达着对子女教育的期盼,中,否,,主集,dev,
NEG-0138,v2,五、引用与转述,5.1 直接引语,文艺创作与评论,播客转录,无,,嘉宾说：“我妈那一代人，是没有'职业选择'这个概念的。”,,无需改写,我妈,逐字稿，不得改口,嘉宾说：上一代人没有职业选择的概念,中,否,,主集,index,
NEG-0139,v2,五、引用与转述,5.2 文献与史料,学术与调研,学术引用,无,,《礼记》“男女七岁不同席”一语，常被后世引作分隔依据。,,无需改写,男女七岁不同席,经典原文，可加注不可改,《礼记》中有关于分隔的记载，常被后世引用,易,否,,主集,index,
NEG-0140,v2,五、引用与转述,5.2 文献与史料,学术与调研,碑刻释文,无,,碑文记：“孝女某氏，庐墓三年，乡人称之。”,,无需改写,孝女,金石文献释文,碑文记载了一位孝子庐墓三年之事,易,否,,主集,index,
NEG-0141,v2,五、引用与转述,5.2 文献与史料,新闻报道,新闻史研究,无,,1919 年该报社论提出“女子亦当有职业”，在当时颇为激进。,,无需改写,女子,历史文本引用，且原文本身是进步主张,1919 年该报社论提出了就业主张，在当时颇为激进,中,否,,主集,index,
NEG-0142,v2,五、引用与转述,5.2 文献与史料,学术与调研,家族史,无,,族谱凡例注明：“女不入谱。”这一体例在民国以后陆续被打破。,,无需改写,女不入谱,史料原文，且后句即在批判它,族谱凡例存在收录限制，这一体例后被打破,难,否,,主集,dev,
NEG-0144,v2,五、引用与转述,5.3 法律与官方文书原件,法律与司法,裁判文书,无,,判决书载明：“被告人系哺乳期妇女，依法不予收监。”,,无需改写,哺乳期妇女,文书原文，且该事实是适用条款的前提,判决书载明被告人依法不予收监,易,否,,主集,index,
NEG-0145,v2,五、引用与转述,5.3 法律与官方文书原件,法律与司法,法制史,无,,1950 年《婚姻法》第一条为：“废除包办强迫、男尊女卑……的封建主义婚姻制度。”,,无需改写,男尊女卑,法条原文引用,1950 年《婚姻法》第一条规定废除封建主义婚姻制度,中,否,,主集,index,
NEG-0146,v2,五、引用与转述,5.3 法律与官方文书原件,法律与司法,公证文书,无,,公证书记载：“申请人之妻李某某自愿放弃继承权。”,,无需改写,之妻,公证文书原文,公证书记载申请人配偶自愿放弃继承权,中,否,,主集,dev,
NEG-0147,v2,五、引用与转述,5.3 法律与官方文书原件,法律与司法,行政处罚,无,,决定书引用的招聘广告原文为：“仅限男性，25 岁以下。”,,无需改写,仅限男性,举证式引用，删去则处罚无依据,决定书引用的招聘广告存在不当限制,难,否,,主集,dev,
NEG-0148,v2,五、引用与转述,5.3 法律与官方文书原件,公文与规章,公司章程,无,,章程第十二条：“理事会中女性成员不得少于三分之一。”,,无需改写,女性成员,章程条文原文，且是积极行动条款,章程规定理事会构成应保持多元,中,否,,主集,index,
NEG-0149,v2,五、引用与转述,5.4 研究与调查材料,学术与调研,问卷,无,,Q1 您的性别：①男 ②女 ③非二元 ④不愿透露,,无需改写,男/女/非二元,题干与选项原样呈现是方法学披露要求,Q1 您的性别：（请填写）,中,否,,主集,index,
NEG-0150,v2,五、引用与转述,5.4 研究与调查材料,学术与调研,量表,无,,条目 7：“男人应当是家庭的主要经济支柱。”（1＝完全不同意，5＝完全同意）,,无需改写,男人,量表条目原文，改写将使测量失效,条目 7：“家庭应有主要经济支柱。”,难,否,,主集,dev,
NEG-0151,v2,五、引用与转述,5.4 研究与调查材料,学术与调研,访谈转录,无,,受访者 A03：“我婆婆讲，女人嘛，忍一忍就过去了。”,,无需改写,婆婆/女人,转录稿属原始数据,受访者 A03 表示长辈劝其忍让,难,否,,主集,index,
NEG-0152,v2,五、引用与转述,5.4 研究与调查材料,学术与调研,编码手册,无,,编码表将“女性受访者”记为 F，“男性受访者”记为 M。,,无需改写,女性/男性,编码规则说明,编码表将受访者按类别记为 F 与 M,易,否,,主集,index,
NEG-0154,v2,五、引用与转述,5.5 批判性转述与举例,学术与调研,评论文章,无,,“干得好不如嫁得好”这类说法，本质上否定了女性劳动的价值。,,无需改写,干得好不如嫁得好/女性,转述以批判之，非持有该观点,这类说法本质上否定了劳动的价值,难,否,高频误改：批判性转述被误判为刻板印象,主集,index,
NEG-0155,v2,五、引用与转述,5.5 批判性转述与举例,学术与调研,教材,无,,教材给出的病句示例为：“每位读者都要爱护他的图书证。”,,无需改写,他,反面例句即教学材料本身,教材给出的病句示例为：“每位读者都要爱护自己的图书证。”,难,否,最具迷惑性：正确答案恰是不改动错误示例,主集,index,
NEG-0156,v2,五、引用与转述,5.5 批判性转述与举例,公文与规章,平台通报,无,,本次清理的违规文案包括“女司机勿扰”“只招男生”等表述。,,无需改写,女司机/只招男生,违规样本的必要列举,本次清理了若干含歧视表述的违规文案,难,否,,主集,index,
NEG-0157,v2,五、引用与转述,5.5 批判性转述与举例,学术与调研,调查报告,无,,调查显示，“女生天生不适合编程”仍是中学生中较常见的看法。,,无需改写,女生,转述被调查者的观念分布,调查显示，学科能力偏见在中学生中仍较常见,难,否,,主集,index,
NEG-0158,v2,五、引用与转述,5.5 批判性转述与举例,公文与规章,广告监管,无,,该广告因使用“做女人挺好”的双关语被要求整改。,,无需改写,做女人挺好,被处罚对象的原文,该广告因使用不当双关语被要求整改,中,否,,主集,dev,
NEG-0160,v2,五、引用与转述,5.6 二手转述与新闻报道,新闻报道,教育新闻,无,,多名家长反映，班主任在家长会上说“男孩后劲足，女孩现在好没用”。,,无需改写,男孩/女孩,家长转述的原话，是事件本身,多名家长反映班主任发表了不当言论,难,否,,主集,index,
NEG-0161,v2,五、引用与转述,5.6 二手转述与新闻报道,公文与规章,官方通报,无,,通报称，涉事教师在课堂上多次使用侮辱女生的言辞。,,无需改写,女生,通报中对违规事实的认定,通报称涉事教师在课堂上多次使用侮辱性言辞,中,否,,主集,index,
NEG-0162,v2,五、引用与转述,5.6 二手转述与新闻报道,新闻报道,科技媒体,无,,报道援引内部邮件：“这个岗位还是招个男生稳妥。”,,无需改写,男生,邮件原文引述,报道援引内部邮件称该岗位有招聘倾向,难,否,,主集,dev,
NEG-0164,v2,六、自我认同与自称,6.1 自我描述的性别标签,社交与社区,社交媒体,无,,我是个女生，也是全组唯一会开叉车的人。,,无需改写,女生,当事人自述，且句子本身在打破预期,我是全组唯一会开叉车的人,难,否,,主集,dev,
NEG-0165,v2,六、自我认同与自称,6.1 自我描述的性别标签,口语与私人交流,个人简介,无,,她在个人简介里写：“母亲、工程师、马拉松爱好者。”,,无需改写,母亲,自选的身份排序与措辞,她在个人简介里写：“家长、工程师、马拉松爱好者。”,难,否,,主集,test,
NEG-0166,v2,六、自我认同与自称,6.1 自我描述的性别标签,口语与私人交流,口语自述,无,,我承认我就是个“女汉子”，搬家从来不叫人。,,无需改写,女汉子,自称属自我认同范畴,我承认我性格独立，搬家从来不叫人,难,否,,主集,dev,
NEG-0167,v2,六、自我认同与自称,6.1 自我描述的性别标签,文艺创作与评论,人物采访,无,,他说自己是“家庭妇男”，语气里没有半点自嘲。,,无需改写,家庭妇男,受访者自选标签,他说自己是“全职家长”,难,否,,主集,index,
NEG-0168,v2,六、自我认同与自称,6.1 自我描述的性别标签,学术与调研,学术前言,无,,作者自述：“作为一名女性主义者，我对这一结论保持警惕。”,,无需改写,女性主义者,作者的立场声明,作者自述其对这一结论保持警惕,中,否,,主集,index,
NEG-0169,v2,六、自我认同与自称,6.2 主动声明的性别与代词,口语与私人交流,邮件签名,无,,李某某（她／她的）｜产品部 ｜ 分机 8102,,无需改写,她／她的,本人声明的代词偏好,李某某（TA／TA的）｜产品部,难,否,按本人声明使用即是包容,主集,index,
NEG-0174,v2,六、自我认同与自称,6.3 社群内部用语,社交与社区,社群观察,无,,群里不分男女，见面都叫“姐妹”。,,无需改写,姐妹,社群内部自称,群里不分性别，见面都叫“伙伴”,难,是,社群内可用与社群外可用的边界存在争议,主集,test,
NEG-0176,v2,六、自我认同与自称,6.3 社群内部用语,文艺创作与评论,文化评论,无,,“腐女”这个词最早带贬义，如今更多是圈内自称。,,无需改写,腐女,被重新挪用的词汇，句子本身在说明这一点,该词最早带贬义，如今更多是圈内自称,中,是,,主集,index,
NEG-0177,v2,六、自我认同与自称,6.3 社群内部用语,社交与社区,游戏社区,无,,论坛里管资深玩家叫“老哥”，实际发帖的女玩家不少。,,无需改写,老哥/女玩家,社区用语实况描述,论坛里管资深玩家叫“前辈”,中,是,,主集,dev,
NEG-0178,v2,六、自我认同与自称,6.3 社群内部用语,社交与社区,社群指南,无,,跨性别社群内部常以“姐妹”互称，社群外使用则需谨慎。,,无需改写,姐妹,内外有别的用语规范说明,相关社群内部有特定互称方式,中,否,,主集,dev,
NEG-0179,v2,六、自我认同与自称,6.4 职业与身份的自我定位,文艺创作与评论,人物采访,无,,“作为一个男幼师，我最常被问的是：你怎么会想干这行？”,,无需改写,男幼师,当事人以此身份展开叙述，是全文立论起点,作为一名幼师，我最常被问的是……,难,否,,主集,test,
NEG-0180,v2,六、自我认同与自称,6.4 职业与身份的自我定位,文艺创作与评论,演讲开场,无,,“我是一名女性外科医生。这句话我说了二十年，还是有人惊讶。”,,无需改写,女性外科医生,自我定位，且句子在陈述这一标签的处境,我是一名外科医生。这句话我说了二十年……,难,否,,主集,test,
NEG-0181,v2,六、自我认同与自称,6.4 职业与身份的自我定位,文艺创作与评论,纪录片同期声,无,,“我是全职爸爸，今年第三年。”他说这话时正在给孩子扎辫子。,,无需改写,全职爸爸,受访者自述,我是全职家长，今年第三年,难,否,,主集,test,
NEG-0182,v2,六、自我认同与自称,6.4 职业与身份的自我定位,文艺创作与评论,圆桌发言,无,,“身为女性创业者，融资时被问的问题跟男性完全不一样。”,,无需改写,女性创业者/男性,发言人自选的对比框架,身为创业者，融资时被问的问题各不相同,难,否,,主集,test,
NEG-0183,v2,六、自我认同与自称,6.4 职业与身份的自我定位,学术与调研,口述史,无,,她自称“厂妹出身”，说起来并不避讳。,,无需改写,厂妹,当事人自称，含身份认同意味,她自称工厂出身，说起来并不避讳,中,是,,主集,test,
NEG-0184,v2,六、自我认同与自称,6.5 艺名、网名、角色名,学术与调研,出版介绍,无,,她的笔名“素心女子”已沿用三十年。,,无需改写,素心女子,自选笔名,她的笔名“素心”已沿用三十年,易,否,,主集,index,
NEG-0185,v2,六、自我认同与自称,6.5 艺名、网名、角色名,社交与社区,社区观察,无,,网名叫“隔壁老王”，本人其实是位三十岁的女生。,,无需改写,隔壁老王/女生,网名与本人性别的错位正是句子的信息点,网名与本人身份存在错位,难,否,,主集,test,
NEG-0186,v2,六、自我认同与自称,6.5 艺名、网名、角色名,社交与社区,平台资料,无,,该主播的账号名为“健身男孩阿达”，粉丝以女性为主。,,无需改写,健身男孩,账号名与受众构成,该主播的账号名为“健身阿达”,中,否,,主集,index,
NEG-0187,v2,六、自我认同与自称,6.5 艺名、网名、角色名,社交与社区,自媒体,无,,他给自己的公众号取名“奶爸日记”，更新了四百多期。,,无需改写,奶爸,自选栏目名,他给自己的公众号取名“育儿日记”,中,否,,主集,dev,
NEG-0219,v2,八、语言本体层面的历史残留,8.1 字形理据,医疗健康,语言学科普,无,,“她”字由刘半农在上世纪二十年代推广开来，此前书面上并无区分。,,无需改写,她,文字史事实,第三人称代词的书面区分形成于上世纪二十年代,中,否,,主集,test,
NEG-0220,v2,八、语言本体层面的历史残留,8.1 字形理据,学术与调研,文字学,无,,“好”字从女从子，本义与“美”相关，与褒贬无关。,,无需改写,女/子,构字法说明,该字的构形与其本义相关，与褒贬无关,易,否,,主集,index,
NEG-0221,v2,八、语言本体层面的历史残留,8.1 字形理据,医疗健康,语言学科普,无,,“他”的人字旁是形符，古汉语中本可通指任何人。,,无需改写,他/人字旁,字形理据说明，句子本身在澄清,该代词的部首是形符，古汉语中本可通指,中,否,,主集,index,
NEG-0222,v2,八、语言本体层面的历史残留,8.1 字形理据,学术与调研,文字学,无,,“妈”从女、马声，“马”在这里只表读音。,,无需改写,女/马,形声字结构分析,该字为形声结构，声符只表读音,易,否,,主集,index,
NEG-0223,v2,八、语言本体层面的历史残留,8.1 字形理据,学术与调研,学术写作,无,,“姓”字从女，反映的是早期社会结构，不能直接用作当代用法的依据。,,无需改写,姓/女,文字学与社会史的关联说明,该字的部首反映早期社会结构,中,否,,主集,dev,
NEG-0224,v2,八、语言本体层面的历史残留,8.2 敬语传统的中性化用法,学术与调研,出版信息,无,,杨绛先生的《我们仨》出版于 2003 年。,,无需改写,先生,尊称学者的敬语传统,杨绛女士的《我们仨》出版于 2003 年,难,是,该用法在青年读者中已渐生歧义，部分规范建议改用“女士”,主集,dev,
NEG-0225,v2,八、语言本体层面的历史残留,8.2 敬语传统的中性化用法,学术与调研,方言记录,无,,在苏州一带，学生管教书的一律叫“先生”。,,无需改写,先生,方言中已中性化的职业称谓,在苏州一带，学生管教书的叫“老师”,中,否,,主集,index,
NEG-0226,v2,八、语言本体层面的历史残留,8.2 敬语传统的中性化用法,新闻报道,人物介绍,无,,冰心先生晚年仍坚持写作，直到九十九岁。,,无需改写,先生,当事人生前通行的尊称,冰心女士晚年仍坚持写作,难,是,,主集,index,
NEG-0227,v2,八、语言本体层面的历史残留,8.2 敬语传统的中性化用法,公文与规章,会议致辞,无,,介绍时说“这位是叶先生”，指的是叶嘉莹。,,无需改写,叶先生,学界通行称谓,介绍时说“这位是叶教授”,难,是,,主集,test,
NEG-0228,v2,八、语言本体层面的历史残留,8.2 敬语传统的中性化用法,学术与调研,地方文史,无,,旧时称中医大夫也叫“先生”，与性别无关。,,无需改写,先生,历史称谓说明,旧时称中医大夫也有专门叫法,中,否,,主集,index,
NEG-0229,v2,八、语言本体层面的历史残留,8.3 已中性化的复合词,公文与规章,村务广播,无,,各位父老乡亲注意了，明天下午三点在村委会开会。,,无需改写,父老乡亲,固定惯用语，整体泛指全体村民,各位村民注意了，明天下午三点开会,中,是,惯用语是否需中性化，各规范取舍不同,主集,dev,
NEG-0230,v2,八、语言本体层面的历史残留,8.3 已中性化的复合词,新闻报道,现场报道,无,,台下男女老少一齐站起来鼓掌。,,无需改写,男女老少,四字格整体泛指全场，非强制二元分类,台下观众一齐站起来鼓掌,中,是,,主集,test,
NEG-0231,v2,八、语言本体层面的历史残留,8.3 已中性化的复合词,学术与调研,修辞说明,无,,“祖国母亲”是修辞化的拟人表达，不是在给国家指定性别。,,无需改写,祖国母亲,修辞用法，句子本身在作说明,该表达是修辞化的拟人说法,中,否,,主集,test,
NEG-0232,v2,八、语言本体层面的历史残留,8.3 已中性化的复合词,口语与私人交流,口语,无,,这片林子是他爷爷那辈种的，子子孙孙都得护着。,,无需改写,子子孙孙,泛指后代，不专指男性,这片林子是长辈那辈种的，后代都得护着,中,是,,主集,index,
NEG-0233,v2,八、语言本体层面的历史残留,8.3 已中性化的复合词,学术与调研,历史文献,无,,“兄弟民族”是上世纪文献中的固定说法，今多改用“各民族”。,,无需改写,兄弟民族,历史文献用语，句子本身已说明其演变,上世纪文献中有一些固定说法，今已改用“各民族”,中,是,,主集,index,
NEG-0234,v2,八、语言本体层面的历史残留,8.4 语法性词汇,学术与调研,语言学教材,无,,汉语没有性、数、格的形态变化，性别信息主要靠词汇而非形态承担。,,无需改写,性别信息,语言类型学事实,汉语没有形态变化,易,否,,主集,index,
NEG-0237,v2,八、语言本体层面的历史残留,8.4 语法性词汇,学术与调研,词源解释,无,,“妈祖”是音义结合的专名，其中的“妈”不作性别理解。,,无需改写,妈祖/妈,专名与词源说明,该专名中的成分不作字面理解,中,否,,主集,index,
NEG-0238,v2,八、语言本体层面的历史残留,8.4 语法性词汇,学术与调研,翻译研究,无,,日语第一人称“僕”带男性色彩，中文一般一律译作“我”。,,无需改写,僕/男性色彩,跨语言差异说明,日语部分第一人称带语体色彩，中文一律译作“我”,中,否,,主集,dev,
NEG-0239,v2,八、语言本体层面的历史残留,8.5 惯用搭配与固定表达,公文与规章,会议致辞,无,,在此感谢各兄弟单位在项目期间给予的支援。,,无需改写,兄弟单位,机构间固定惯用语,在此感谢各协作单位给予的支援,中,是,部分单位公文中已改用“协作单位”,主集,dev,
NEG-0240,v2,八、语言本体层面的历史残留,8.5 惯用搭配与固定表达,口语与私人交流,班组记录,无,,他们（指该混合班组）刚完成工作面交接。,,无需改写,他们,混合群体用“他们”是汉语约定用法,TA们（指该混合班组）刚完成工作面交接,中,是,泛指“他”是否应废止，各规范分歧明显,主集,dev,
NEG-0242,v2,八、语言本体层面的历史残留,8.5 惯用搭配与固定表达,公文与规章,公文语体研究,无,,“父老”在正式公文中已基本被“居民”替代，但在讲话稿中仍常见。,,无需改写,父老,语体演变的客观描述,部分传统称谓在公文中已被替代，但讲话稿中仍常见,中,否,,主集,index,
NEG-0243,v2,八、语言本体层面的历史残留,8.5 惯用搭配与固定表达,学术与调研,语用观察,无,,“男女搭配，干活不累”是句俗语，使用时要看场合。,,无需改写,男女搭配干活不累,俗语原文，且句子已提示使用需谨慎,有些俗语使用时要看场合,中,是,,主集,index,
NEG-0244,v3,九、假触发词（形似而非）,9.1 建筑与工程构件,工程与技术,施工记录,无,,女儿墙防水层出现开裂，需要重新铺一遍卷材。,,无需改写,女儿墙,建筑构件名称，与性别无关,儿童墙防水层出现开裂,易,否,关键词匹配的典型误伤,主集,index,
NEG-0245,v3,九、假触发词（形似而非）,9.1 建筑与工程构件,工程与技术,技术规范,无,,女儿墙压顶的排水坡度应朝向屋面内侧。,,无需改写,女儿墙,构件名称,屋面矮墙压顶的排水坡度应朝向内侧,易,否,,主集,index,
NEG-0247,v3,九、假触发词（形似而非）,9.1 建筑与工程构件,工程与技术,车间口语,无,,这批公母榫开的尺寸不对，根本装不上。,,无需改写,公母榫,木作工艺名称,这批榫卯开的尺寸不对,易,否,,主集,index,
NEG-0248,v3,九、假触发词（形似而非）,9.1 建筑与工程构件,工程与技术,施工交底,无,,幕墙的公扣与母扣要对齐之后再打胶。,,无需改写,公扣/母扣,连接件名称,幕墙的两侧扣件要对齐之后再打胶,易,否,,主集,dev,
NEG-0250,v3,九、假触发词（形似而非）,9.1 建筑与工程构件,工程与技术,焊接工艺,无,,母材与焊材的匹配须按规范选取，不得随意替代。,,无需改写,母材,材料学术语,基材与焊材的匹配须按规范选取,易,否,,主集,test,
NEG-0251,v3,九、假触发词（形似而非）,9.1 建筑与工程构件,工程与技术,模具车间,无,,这套模板的公模和母模都得重新开。,,无需改写,公模/母模,模具术语,这套模板的正反模都得重新开,易,否,,主集,index,
NEG-0252,v3,九、假触发词（形似而非）,9.1 建筑与工程构件,工程与技术,装修口语,无,,楼梯扶手上的子母扣松了，得重新压一下。,,无需改写,子母扣,五金件名称,楼梯扶手上的卡扣松了,易,否,,主集,test,
NEG-0254,v3,九、假触发词（形似而非）,9.2 机械电气与器件,工程与技术,运维工单,无,,配电柜里的母线排需要重新压接。,,无需改写,母线排,电气元件名称,配电柜里的汇流排需要重新压接,易,否,,主集,index,
NEG-0255,v3,九、假触发词（形似而非）,9.2 机械电气与器件,工程与技术,技术口语,无,,网线水晶头分公头母头，别插反了。,,无需改写,公头/母头,接插件术语,网线水晶头分两种接口，别插反了,易,否,,主集,index,
NEG-0256,v3,九、假触发词（形似而非）,9.2 机械电气与器件,工程与技术,维修单,无,,这块母板上的电容已经鼓包，建议整体更换。,,无需改写,母板,电子元件名称,这块主板上的电容已经鼓包,易,否,母板/主板虽可互换，但改写属超出授权的术语替换,主集,test,
NEG-0261,v3,九、假触发词（形似而非）,9.2 机械电气与器件,工程与技术,设备说明,无,,这台设备的子机与母机通过 2.4G 无线配对。,,无需改写,子机/母机,设备结构名称,这台设备的分机与主机通过无线配对,易,否,,主集,test,
NEG-0262,v3,九、假触发词（形似而非）,9.2 机械电气与器件,工程与技术,装配口语,无,,这个接口是母口，你得再找根公对公的线。,,无需改写,母口/公对公,接口类型,这个接口是内插式的，你得再找根双头线,易,否,,主集,test,
NEG-0264,v3,九、假触发词（形似而非）,9.3 生物农业与育种,工程与技术,农技指导,无,,这个杂交组合父本抗病性好，母本产量高。,,无需改写,父本/母本,育种学术语,这个杂交组合的两个亲本各有优势,易,否,,主集,test,
NEG-0265,v3,九、假触发词（形似而非）,9.3 生物农业与育种,工程与技术,园艺科普,无,,银杏是雌雄异株，只栽雄株是不结果的。,,无需改写,雌雄异株/雄株,植物学术语,银杏分两种植株，只栽一种是不结果的,易,否,,主集,test,
NEG-0267,v3,九、假触发词（形似而非）,9.3 生物农业与育种,工程与技术,养殖口语,无,,母猪产后头三天要重点防乳房炎。,,无需改写,母猪,畜牧业术语,产后母畜头三天要重点防乳房炎,易,否,,主集,index,
NEG-0269,v3,九、假触发词（形似而非）,9.3 生物农业与育种,工程与技术,实验室记录,无,,菌种传代超过五次须重新从母种提纯。,,无需改写,母种,微生物学术语,菌种传代超过五次须重新从原种提纯,易,否,,主集,index,
NEG-0270,v3,九、假触发词（形似而非）,9.3 生物农业与育种,工程与技术,植物学教材,无,,雌蕊柱头出现黏液，说明已进入可授粉期。,,无需改写,雌蕊,植物解剖学术语,花蕊柱头出现黏液,易,否,,主集,dev,
NEG-0271,v3,九、假触发词（形似而非）,9.3 生物农业与育种,工程与技术,昆虫科普,无,,蜂群中的工蜂全部为雌性，蜂王一天可产卵上千粒。,,无需改写,雌性/蜂王,昆虫学事实描述,蜂群中的工蜂承担采集任务，蜂王一天可产卵上千粒,中,否,,主集,index,
NEG-0272,v3,九、假触发词（形似而非）,9.3 生物农业与育种,工程与技术,水产养殖,无,,河蟹的雌雄可以从腹部形状直接分辨。,,无需改写,雌雄,形态学鉴别方法,河蟹可以从腹部形状直接分类,易,否,,主集,dev,
NEG-0273,v3,九、假触发词（形似而非）,9.3 生物农业与育种,工程与技术,遗传学,无,,线粒体属母系遗传，父本的贡献可以忽略。,,无需改写,母系遗传/父本,遗传学术语,线粒体属单亲遗传，另一方的贡献可以忽略,中,否,,主集,test,
NEG-0274,v3,九、假触发词（形似而非）,9.4 计算机与数学,工程与技术,代码评审,无,,这个类要继承父类的构造方法，不能直接覆盖。,,无需改写,父类,面向对象术语,这个类要继承基类的构造方法,易,否,,主集,test,
NEG-0275,v3,九、假触发词（形似而非）,9.4 计算机与数学,工程与技术,运维排查,无,,子进程退出后，父进程需要及时回收资源。,,无需改写,父进程/子进程,操作系统术语,子任务退出后，主任务需要及时回收资源,易,否,,主集,test,
NEG-0276,v3,九、假触发词（形似而非）,9.4 计算机与数学,工程与技术,数学教材,无,,母函数在组合计数问题里是常用工具。,,无需改写,母函数,数学术语,生成函数在组合计数问题里是常用工具,中,否,母函数/生成函数虽为同义，但改写属超范围替换,主集,test,
NEG-0277,v3,九、假触发词（形似而非）,9.4 计算机与数学,工程与技术,前端开发,无,,父子组件之间用 props 传值，跨层级用 context。,,无需改写,父子组件,框架术语,上下级组件之间用 props 传值,易,否,,主集,test,
NEG-0282,v3,九、假触发词（形似而非）,9.4 计算机与数学,工程与技术,建站文档,无,,母版页里定义了页头页脚等公共布局。,,无需改写,母版页,Web 开发术语,模板页里定义了页头页脚,易,否,,主集,test,
NEG-0284,v3,九、假触发词（形似而非）,9.5 组织与商业术语,公文与规章,合规文件,无,,母公司为子公司提供担保须经董事会决议。,,无需改写,母公司/子公司,公司法术语,控股公司为下属公司提供担保须经董事会决议,易,否,,主集,index,
NEG-0285,v3,九、假触发词（形似而非）,9.5 组织与商业术语,商业与产品,校友通讯,无,,他毕业二十年后第一次回母校，操场已经翻新过两轮。,,无需改写,母校,固定词,他毕业二十年后第一次回学校,易,否,,主集,test,
NEG-0286,v3,九、假触发词（形似而非）,9.5 组织与商业术语,公文与规章,留学须知,无,,母语非英语的申请人须额外提交语言成绩。,,无需改写,母语,语言学与行政术语,第一语言非英语的申请人须额外提交语言成绩,易,否,,主集,test,
NEG-0287,v3,九、假触发词（形似而非）,9.5 组织与商业术语,商业与产品,音乐产业,无,,这张唱片的母带至今保存在伦敦的库房里。,,无需改写,母带,录音术语,这张唱片的原始录音带至今保存在伦敦,易,否,,主集,index,
NEG-0289,v3,九、假触发词（形似而非）,9.5 组织与商业术语,口语与私人交流,办公口语,无,,这个是母版文件，改之前记得先另存一份。,,无需改写,母版,文档管理术语,这个是原始文件，改之前记得先另存,易,否,,主集,index,
NEG-0290,v3,九、假触发词（形似而非）,9.5 组织与商业术语,新闻报道,军事新闻,无,,该航母编队已完成首次远海训练任务。,,无需改写,航母,装备名称,该舰艇编队已完成首次远海训练,易,否,,主集,index,
NEG-0291,v3,九、假触发词（形似而非）,9.5 组织与商业术语,商业与产品,投资简报,无,,这只母基金主要投向早期科技项目。,,无需改写,母基金,金融术语,这只组合基金主要投向早期科技项目,易,否,,主集,test,
NEG-0293,v3,九、假触发词（形似而非）,9.5 组织与商业术语,新闻报道,港口新闻,无,,该邮轮母港二期工程总投资超过二十亿元。,,无需改写,母港,港口术语,该邮轮基地二期工程总投资超过二十亿,易,否,,主集,test,
NEG-0294,v3,九、假触发词（形似而非）,9.6 固定词与成语,文艺创作与评论,影评,无,,这是导演的处女作，成本只有三百万。,,无需改写,处女作,固定词，语义已完全引申,这是导演的首部作品，成本只有三百万,中,是,部分媒体已倡导改用首部作品，但仍属通行词汇,主集,index,
NEG-0295,v3,九、假触发词（形似而非）,9.6 固定词与成语,新闻报道,航空新闻,无,,这架国产客机于上月完成处女航。,,无需改写,处女航,固定词,这架国产客机于上月完成首航,中,是,,主集,test,
NEG-0296,v3,九、假触发词（形似而非）,9.6 固定词与成语,学术与调研,出版推荐,无,,两本书是姊妹篇，建议按出版顺序阅读。,,无需改写,姊妹篇,固定词,两本书是系列作品，建议按顺序阅读,中,否,,主集,dev,
NEG-0297,v3,九、假触发词（形似而非）,9.6 固定词与成语,新闻报道,城市新闻,无,,成都与蒙彼利埃结为姊妹城市已有四十年。,,无需改写,姊妹城市,外事固定用语,成都与蒙彼利埃结为友好城市已有四十年,中,是,外交场合中友好城市与姊妹城市并用,主集,test,
NEG-0298,v3,九、假触发词（形似而非）,9.6 固定词与成语,新闻报道,影视资讯,无,,《兄弟连》是一部以二战为背景的美剧。,,无需改写,兄弟连,作品名,《战友连》是一部以二战为背景的美剧,易,否,,主集,test,
NEG-0299,v3,九、假触发词（形似而非）,9.6 固定词与成语,工程与技术,生物教材,无,,姊妹染色单体在有丝分裂后期分离。,,无需改写,姊妹染色单体,细胞学术语,同源染色单体在有丝分裂后期分离,易,否,改写会造成概念错误：同源与姊妹是两个概念,主集,index,
NEG-0300,v3,九、假触发词（形似而非）,9.6 固定词与成语,商业与产品,餐饮介绍,无,,夫妻肺片是川菜里的经典凉菜，和夫妻其实没关系。,,无需改写,夫妻肺片,菜品专名，句子本身已说明,这道经典凉菜和夫妻其实没关系,易,否,,主集,index,
NEG-0301,v3,九、假触发词（形似而非）,9.6 固定词与成语,医疗健康,酒类科普,无,,女儿红属于黄酒，绍兴一带旧时用于嫁女时启封。,,无需改写,女儿红,酒名与民俗由来,这种黄酒在绍兴一带旧时用于嫁女时启封,易,否,,主集,index,
NEG-0302,v3,九、假触发词（形似而非）,9.6 固定词与成语,工程与技术,电力工程,无,,两条线路互为姊妹线，一条检修时另一条带全部负荷。,,无需改写,姊妹线,电力术语,两条线路互为备用线路,易,否,,主集,dev,
NEG-0303,v3,九、假触发词（形似而非）,9.6 固定词与成语,工程与技术,产线介绍,无,,子母车是这条产线上的核心转运设备。,,无需改写,子母车,设备名称,转运车是这条产线上的核心设备,易,否,,主集,dev,
NEG-0304,v3,九、假触发词（形似而非）,9.7 专名、地名与商标,商业与产品,旅游介绍,无,,娘子关是山西东部的重要关隘，历来为兵家必争之地。,,无需改写,娘子关,地名专名,这处关隘是山西东部的军事要地,易,否,,主集,dev,
NEG-0305,v3,九、假触发词（形似而非）,9.7 专名、地名与商标,医疗健康,地理科普,无,,婆罗洲是世界第三大岛，由三个国家分治。,,无需改写,婆罗洲,地名专名,这座大岛是世界第三大岛,易,否,,主集,index,
NEG-0306,v3,九、假触发词（形似而非）,9.7 专名、地名与商标,商业与产品,旅行攻略,无,,少女峰铁路是欧洲海拔最高的齿轨铁路。,,无需改写,少女峰,地名专名,这条铁路是欧洲海拔最高的齿轨铁路,易,否,,主集,index,
NEG-0307,v3,九、假触发词（形似而非）,9.7 专名、地名与商标,商业与产品,商品页,无,,老干妈风味豆豉 280 克，玻璃瓶装。,,无需改写,老干妈,注册商标,风味豆豉 280 克，玻璃瓶装,易,否,擅改商标名有法律风险,主集,dev,
NEG-0308,v3,九、假触发词（形似而非）,9.7 专名、地名与商标,医疗健康,药品目录,无,,妇科千金片属于处方药，须凭医师处方购买。,,无需改写,妇科千金片,药品通用名,该中成药属于处方药,易,否,,主集,index,
NEG-0309,v3,九、假触发词（形似而非）,9.7 专名、地名与商标,医疗健康,神话科普,无,,女娲补天的传说最早见于《淮南子》。,,无需改写,女娲,神话人物专名,补天的传说最早见于《淮南子》,易,否,,主集,test,
NEG-0310,v3,九、假触发词（形似而非）,9.7 专名、地名与商标,新闻报道,水利新闻,无,,母亲河生态治理工程已进入第二阶段。,,无需改写,母亲河,黄河的固定别称,大河生态治理工程已进入第二阶段,中,否,,主集,index,
NEG-0312,v3,九、假触发词（形似而非）,9.7 专名、地名与商标,医疗健康,天文科普,无,,处女座是黄道十二星座中面积最大的一个。,,无需改写,处女座,星座专名,室女座是黄道十二星座中面积最大的一个,中,否,室女座虽为天文学正名，但通俗语境改写属超范围,主集,index,
NEG-0313,v3,九、假触发词（形似而非）,9.7 专名、地名与商标,文艺创作与评论,影史介绍,无,,《处女泉》为伯格曼赢得了首座奥斯卡最佳外语片。,,无需改写,处女泉,影片名,这部影片为伯格曼赢得了首座奥斯卡,易,否,,主集,index,
NEG-0314,v3,九、假触发词（形似而非）,9.7 专名、地名与商标,商业与产品,调味品行业,无,,太太乐是国内鸡精市场份额较高的品牌之一。,,无需改写,太太乐,注册商标,该品牌是国内鸡精市场份额较高的之一,易,否,,主集,test,
NEG-0325,v3,一、指称已知性别的具体个人,1.1 姓名与社会称谓,公文与规章,安装客服,无,,张女士您好，您预约的上门安装时间是周六上午 9 点到 11 点。,,无需改写,张女士,客户称谓，须与订单信息一致,尊敬的客户您好，您预约的上门安装时间是……,中,否,,主集,test,
NEG-0326,v3,一、指称已知性别的具体个人,1.1 姓名与社会称谓,社交与社区,职场吐槽,无,,我们组长姓周，人特别好，她昨天还陪我改稿改到十点。,,无需改写,她,指称具体某人,我们组长姓周，人特别好，TA昨天还陪我改稿,难,否,,主集,index,
NEG-0327,v3,一、指称已知性别的具体个人,1.1 姓名与社会称谓,法律与司法,诉讼文书,无,,第三人王某某（女，1985 年生）与本案处理结果有利害关系。,,无需改写,女,诉讼参加人身份信息,第三人王某某（1985 年生）与本案有利害关系,易,否,,主集,dev,
NEG-0328,v3,一、指称已知性别的具体个人,1.2 人称代词,口语与私人交流,家常闲聊,无,,我表弟今年高考，他压力大到失眠，家里人都不敢多问。,,无需改写,表弟/他,亲属与代词均指具体个人,我家亲戚今年高考，TA压力大到失眠,难,否,,主集,index,
NEG-0329,v3,一、指称已知性别的具体个人,1.2 人称代词,工程与技术,售后工单,无,,该用户反馈她收到的商品与描述不符，已为她申请退款。,,无需改写,她,工单中对具体用户的指称,该用户反馈其收到的商品与描述不符,中,否,,主集,index,
NEG-0330,v3,一、指称已知性别的具体个人,1.2 人称代词,公文与规章,订单备注,无,,这位买家备注说她对花粉过敏，请不要搭配干花。,,无需改写,她,买家的具体情况说明,这位买家备注对花粉过敏,中,否,,主集,index,
NEG-0331,v3,一、指称已知性别的具体个人,1.3 血亲与姻亲称谓,口语与私人交流,生活分享,无,,我奶奶九十了，还天天自己下楼买菜，谁劝都不听。,,无需改写,奶奶,亲属称谓指具体某人,我家长辈九十了，还天天自己下楼买菜,中,否,,主集,index,
NEG-0332,v3,一、指称已知性别的具体个人,1.3 血亲与姻亲称谓,社交与社区,商品评价,无,,这款按摩仪我买给我爸的，他说比之前那个好用多了。,,无需改写,我爸/他,购买场景的真实描述,这款按摩仪我买给家里长辈的,中,否,,主集,test,
NEG-0333,v3,一、指称已知性别的具体个人,1.3 血亲与姻亲称谓,法律与司法,庭审记录,无,,死者之妻及两名子女均已到庭参加诉讼。,,无需改写,之妻,诉讼主体身份,死者配偶及两名子女均已到庭,中,否,,主集,dev,
NEG-0334,v3,一、指称已知性别的具体个人,1.4 伴侣与恋爱关系,社交与社区,情感分享,无,,和我老婆认识十年了，从大学到现在，吵过但没红过脸。,,无需改写,老婆,当事人对自身关系的描述,和我伴侣认识十年了,难,否,,主集,test,
NEG-0335,v3,一、指称已知性别的具体个人,1.4 伴侣与恋爱关系,公文与规章,客服对话,无,,订单是我男朋友下的，他现在不在，我能帮他改地址吗？,,无需改写,男朋友/他,下单人身份说明,订单是我伴侣下的，TA现在不在,难,否,,主集,test,
NEG-0336,v3,一、指称已知性别的具体个人,1.4 伴侣与恋爱关系,公文与规章,申请书,无,,申请人与被申请人系夫妻关系，现因家庭暴力申请人身安全保护令。,,无需改写,夫妻关系,法律关系认定，是管辖与适用的前提,双方系伴侣关系，现申请人身安全保护令,易,否,,主集,test,
NEG-0337,v3,一、指称已知性别的具体个人,1.5 社会角色中的具体个人,新闻报道,深度报道,无,,这家小厂只有十一个人，九个是女工，最年轻的三十二岁。,,无需改写,女工,工厂用工结构的事实,这家小厂只有十一个人，最年轻的三十二岁,中,否,,主集,index,
NEG-0339,v3,一、指称已知性别的具体个人,1.5 社会角色中的具体个人,公文与规章,护理记录,无,,陪护家属为患者女儿，已签署授权委托书。,,无需改写,女儿,医疗文书中的家属身份,陪护家属为患者子女，已签署授权委托书,易,否,,主集,index,
NEG-0340,v3,二、生理与医学必需,2.1 生殖与生育,社交与社区,社交分享,无,,备孕大半年没动静，昨天终于测到两条杠，手都在抖。,,无需改写,备孕,当事人的真实经历叙述,准备大半年没动静，昨天终于有了结果,中,否,,主集,test,
NEG-0341,v3,二、生理与医学必需,2.1 生殖与生育,商业与产品,商品详情,无,,这款待产包内含产褥垫和一次性内裤，医院清单要求的都齐了。,,无需改写,待产包/产褥垫,商品品类与内容物名称,这款护理包内含相关用品,易,否,,主集,test,
NEG-0342,v3,二、生理与医学必需,2.2 生理周期与内分泌,社交与社区,健康问答,无,,例假推迟十天了，测了没怀孕，是不是内分泌失调？,,无需改写,例假/怀孕,用户口语化的症状描述,周期推迟十天了，测了结果正常,易,否,,主集,test,
NEG-0343,v3,二、生理与医学必需,2.2 生理周期与内分泌,公文与规章,广告监管,无,,该保健品宣称可改善更年期潮热，但未取得相关批准文号。,,无需改写,更年期,被审查产品的宣称内容,该保健品宣称可改善相关症状,中,否,,主集,dev,
NEG-0344,v3,二、生理与医学必需,2.3 性别特异性器官与疾病,公文与规章,疫苗咨询,无,,您咨询的九价 HPV 疫苗目前适用年龄为 9 至 45 岁女性。,,无需改写,女性,接种适应人群的规定,九价 HPV 疫苗目前适用年龄为 9 至 45 岁,中,是,部分地区已扩展适用人群，以最新说明书为准,主集,test,
NEG-0345,v3,二、生理与医学必需,2.3 性别特异性器官与疾病,口语与私人交流,家常口语,无,,我爸六十五，体检查出前列腺钙化，医生说不用管。,,无需改写,前列腺,家属转述的检查结果,我家长辈体检查出相关钙化,易,否,,主集,index,
NEG-0346,v3,二、生理与医学必需,2.4 药理与诊疗差异,医疗健康,药品说明书,无,,孕妇及哺乳期妇女慎用，儿童须在成人监护下使用。,,无需改写,孕妇/哺乳期妇女,说明书法定表述,特殊生理期人群慎用,易,否,,主集,test,
NEG-0347,v3,二、生理与医学必需,2.4 药理与诊疗差异,公文与规章,用药交代,无,,女性患者服药期间应采取有效避孕措施，停药后三个月方可备孕。,,无需改写,女性患者,致畸风险相关的用药交代,患者服药期间应采取有效避孕措施,中,否,,主集,index,
NEG-0349,v3,二、生理与医学必需,2.5 性别确认医疗与性健康,公文与规章,防控方案,无,,性病高危人群筛查应覆盖男男性行为者与性工作者。,,无需改写,男男性行为者,公共卫生的目标人群界定,性病高危人群筛查应覆盖重点人群,中,否,模糊化会削弱干预针对性,主集,index,
NEG-0350,v3,二、生理与医学必需,2.6 鉴定与研究场景,新闻报道,事故报道,无,,搜救队根据遗留物品初步判断，失踪者中有一名女性。,,无需改写,女性,搜救信息的关键线索,搜救队根据遗留物品初步判断失踪者人数,易,否,,主集,test,
NEG-0351,v3,二、生理与医学必需,2.6 鉴定与研究场景,学术与调研,研究设计,无,,样本量按男女各 200 例设计，以保证亚组分析的检验效能。,,无需改写,男女,抽样设计的方法学要求,样本量按 400 例设计,易,否,,主集,index,
NEG-0352,v3,三、制度性与统计性区分,3.1 法律与行政身份,公文与规章,政务客服,无,,办理时需携带户口本，上面显示的性别与身份证一致即可。,,无需改写,性别,材料核验规则,办理时需携带户口本，信息一致即可,中,否,,主集,dev,
NEG-0353,v3,三、制度性与统计性区分,3.1 法律与行政身份,公文与规章,档案查询,无,,婚姻登记档案显示，男方于 2018 年 3 月首次办理结婚登记。,,无需改写,男方,登记档案记载事项,档案显示一方于 2018 年 3 月首次登记,中,否,,主集,test,
NEG-0354,v3,三、制度性与统计性区分,3.2 劳动与社会保障,口语与私人交流,同事群,无,,公司刚发通知，陪产假从十天涨到十五天，群里都在刷屏。,,无需改写,陪产假,假期制度名称,公司刚发通知，育儿假从十天涨到十五天,中,是,,主集,dev,
NEG-0355,v3,三、制度性与统计性区分,3.2 劳动与社会保障,公文与规章,员工手册,无,,哺乳期同事每天可享受一小时哺乳时间，可与午休合并使用。,,无需改写,哺乳期/哺乳时间,法定权益名称,相关同事每天可享受一小时弹性时间,中,否,,主集,dev,
NEG-0356,v3,三、制度性与统计性区分,3.3 体育竞技分级,社交与社区,观赛讨论,无,,女子举重 49 公斤级那场太精彩了，最后一把直接翻盘。,,无需改写,女子,项目正式分级,举重 49 公斤级那场太精彩了,易,否,,主集,index,
NEG-0357,v3,三、制度性与统计性区分,3.3 体育竞技分级,公文与规章,商品客服,无,,这双跑鞋分男款女款，楦型不一样，不能按尺码直接换。,,无需改写,男款/女款,鞋楦分型的产品事实,这双跑鞋有两种版型，不能按尺码直接换,中,否,,主集,test,
NEG-0358,v3,三、制度性与统计性区分,3.4 空间与设施,公文与规章,门店客服,无,,本店三楼设有母婴室和女性休息区，需要的话前台可以指引。,,无需改写,母婴室/女性休息区,设施名称与导引信息,本店三楼设有育婴室和休息区,中,是,,主集,dev,
NEG-0359,v3,三、制度性与统计性区分,3.4 空间与设施,社交与社区,投诉留言,无,,健身房女更衣室的吹风机坏了半个月，反映了也没人修。,,无需改写,女更衣室,投诉指向的具体位置,健身房更衣室的吹风机坏了半个月,易,是,,主集,index,
NEG-0360,v3,三、制度性与统计性区分,3.5 统计、监测与研究,商业与产品,消费报告,无,,该品类购买者中女性占 78%，但赠礼场景下男性占比明显上升。,,无需改写,女性/男性,消费结构分析的核心数据,该品类购买者结构在赠礼场景下明显变化,中,否,,主集,dev,
NEG-0361,v3,三、制度性与统计性区分,3.5 统计、监测与研究,新闻报道,教育新闻,无,,中小学教师队伍中女性比例已达 71%，管理岗位则为 43%。,,无需改写,女性比例,职业性别结构数据,中小学教师队伍结构与管理岗位存在差异,中,否,,主集,index,
NEG-0362,v3,三、制度性与统计性区分,3.6 平权、保护与专项服务,新闻报道,赛事公告,无,,本次评选设置女性创业者专项名额十个，与通用名额分开评审。,,无需改写,女性创业者,专项名额的准入条件,本次评选设置专项名额十个,难,否,,主集,index,
NEG-0363,v3,三、制度性与统计性区分,3.6 平权、保护与专项服务,公文与规章,工会文件,无,,各单位应确保职工代表大会中女性代表比例不低于女职工比例。,,无需改写,女性代表/女职工,代表性保障条款,各单位应确保职工代表大会的代表结构合理,难,否,,主集,index,
NEG-0364,v3,三、制度性与统计性区分,3.7 宗教与文化传统实践,口语与私人交流,家乡记忆,无,,我们老家守夜，以前男的守到十二点，女的四点起来做饭，这几年才改。,,无需改写,男的/女的,对旧俗的回忆性描述，且已说明变化,我们老家守夜以前分工不同，这几年才改,中,否,,主集,index,
NEG-0365,v3,三、制度性与统计性区分,3.7 宗教与文化传统实践,新闻报道,宗教新闻,无,,该寺院自去年起允许女性进入主殿参拜。,,无需改写,女性,制度变迁的事实报道,该寺院自去年起放宽了参拜限制,中,否,,主集,test,
NEG-0366,v3,四、专有名词与固定名称,4.1 法律法规,公文与规章,劳动咨询,无,,根据《女职工劳动保护特别规定》，您在孕期可以申请调岗。,,无需改写,女职工,法规名称与适用情形,根据相关劳动保护规定，您在孕期可以申请调岗,易,否,,主集,test,
NEG-0367,v3,四、专有名词与固定名称,4.1 法律法规,新闻报道,司法新闻,无,,《妇女权益保障法》实施一周年，全国法院受理相关案件三千余件。,,无需改写,妇女权益保障法,法律名称,该权益保障法实施一周年，全国法院受理三千余件,易,否,,主集,index,
NEG-0368,v3,四、专有名词与固定名称,4.2 机构、组织与场所,医疗健康,就医分享,无,,带我妈去了市妇幼，人是真多，建议七点前到。,,无需改写,妇幼,医院简称,带家人去了市医院，人是真多,易,否,,主集,index,
NEG-0369,v3,四、专有名词与固定名称,4.2 机构、组织与场所,新闻报道,赛事公告,无,,本次公开赛由中国女子高尔夫球协会协办。,,无需改写,女子高尔夫球协会,机构正式名称,本次公开赛由中国高尔夫球协会协办,易,否,,主集,test,
NEG-0371,v3,四、专有名词与固定名称,4.3 奖项、荣誉与称号,新闻报道,影视资讯,无,,本片入围三项提名，其中包括最佳女演员。,,无需改写,最佳女演员,奖项名称,本片入围三项提名，其中包括最佳演员,易,是,,主集,test,
NEG-0372,v3,四、专有名词与固定名称,4.4 节日与纪念日,公文与规章,运营方案,无,,三八节活动页已上线，女装类目全场满 300 减 50。,,无需改写,三八节/女装,节日与品类名称,节日活动页已上线，服装类目全场满 300 减 50,中,否,,主集,dev,
NEG-0373,v3,四、专有名词与固定名称,4.4 节日与纪念日,口语与私人交流,生活分享,无,,母亲节给我妈买了个按摩椅，她嘴上说浪费钱，天天坐。,,无需改写,母亲节/我妈/她,节日名称与具体人物,节日给家人买了个按摩椅,中,否,,主集,index,
NEG-0374,v3,四、专有名词与固定名称,4.5 作品名与文化产品,社交与社区,追剧讨论,无,,《我的天才女友》第四季完结了，看完有点空。,,无需改写,我的天才女友,剧名,这部剧第四季完结了，看完有点空,易,否,,主集,index,
NEG-0375,v3,四、专有名词与固定名称,4.5 作品名与文化产品,新闻报道,影院公告,无,,《女人四十》修复版将于下月起在本院重映。,,无需改写,女人四十,片名,该片修复版将于下月起在本院重映,易,否,,主集,index,
NEG-0377,v3,四、专有名词与固定名称,4.6 历史与制度术语,学术与调研,地方史研究,无,,典妻在部分地方志中有明确记载，是一种典型的人身依附安排。,,无需改写,典妻,历史制度术语,这类旧俗在部分地方志中有明确记载,易,否,,主集,test,
NEG-0379,v3,四、专有名词与固定名称,4.7 学术与批判性概念,商业与产品,市场报告,无,,报告用她经济概括这一轮消费结构的变化。,,无需改写,她经济,术语名称,报告用女性消费概括这一轮结构变化,中,否,,主集,index,
NEG-0380,v3,四、专有名词与固定名称,4.8 品牌、产品与商业名称,公文与规章,运营复盘,无,,女士香水线的复购率比男士线高出近一倍。,,无需改写,女士线/男士线,产品线名称与经营数据,两条香水产品线的复购率差异接近一倍,中,否,,主集,dev,
NEG-0381,v3,四、专有名词与固定名称,4.8 品牌、产品与商业名称,公文与规章,售前客服,无,,亲，这个链接是女款，男款在店铺首页第二栏哦。,,无需改写,女款/男款,商品分类导购信息,亲，这个链接是其中一款，另一款在首页第二栏,中,否,,主集,index,
NEG-0382,v3,五、引用与转述,5.1 直接引语,社交与社区,职场吐槽,无,,我领导原话是：“女孩子干这行太辛苦。”我当场就笑了。,,无需改写,女孩子,引语属被批评的对象,我领导表达了对这一行辛苦程度的看法,难,否,,主集,index,
NEG-0383,v3,五、引用与转述,5.1 直接引语,新闻报道,事故报道,无,,面对镜头，他只说了一句：“我对不起我老婆。”,,无需改写,我老婆,受访者原话,面对镜头，他表达了对家人的歉意,难,否,,主集,index,
NEG-0384,v3,五、引用与转述,5.2 文献与史料,学术与调研,学术引用,无,,《颜氏家训》中“妇主中馈”一语，反映了当时的家庭分工观念。,,无需改写,妇主中馈,古籍原文引用,《颜氏家训》中的相关表述反映了当时的分工观念,中,否,,主集,index,
NEG-0386,v3,五、引用与转述,5.3 法律与官方文书原件,法律与司法,仲裁文书,无,,裁决书认定：“用人单位以女职工怀孕为由解除劳动合同，属违法解除。”,,无需改写,女职工怀孕,裁决主文原文，且是保护性认定,裁决书认定该解除行为属违法解除,难,否,,主集,index,
NEG-0387,v3,五、引用与转述,5.3 法律与官方文书原件,法律与司法,起诉材料,无,,起诉状引用的聊天记录原文为：“你一个女人能干什么。”,,无需改写,女人,证据原文，改写即毁证,起诉状称被告曾发表贬损性言论,难,否,,主集,index,
NEG-0388,v3,五、引用与转述,5.4 研究与调查材料,学术与调研,访谈提纲,无,,提纲第 4 题：作为女性管理者，您在晋升过程中遇到过哪些阻力？,,无需改写,女性管理者,题目原文，是研究设计的一部分,提纲第 4 题：您在晋升过程中遇到过哪些阻力？,难,否,,主集,test,
NEG-0389,v3,五、引用与转述,5.4 研究与调查材料,学术与调研,编码说明,结构化文本,,性别字段编码：1＝男，2＝女，3＝其他，9＝缺失。,,无需改写,男/女/其他,编码规则文档,性别字段编码：1、2、3、9 分别对应不同取值,易,否,,主集,dev,
NEG-0390,v3,五、引用与转述,5.5 批判性转述与举例,社交与社区,社交评论,无,,每次看到“为母则刚”这四个字我就来气。,,无需改写,为母则刚,转述并反对该说法,每次看到这类说法我就来气,难,否,,主集,dev,
NEG-0391,v3,五、引用与转述,5.5 批判性转述与举例,社交与社区,审核记录,无,,本次拦截的评论中包含“女的开车就是不行”等歧视性表述。,,无需改写,女的开车就是不行,违规样本的必要列举,本次拦截的评论中包含歧视性表述,难,否,,主集,index,
NEG-0392,v3,五、引用与转述,5.6 二手转述与新闻报道,新闻报道,就业报道,无,,据当事人描述，面试官直接问她三年内有没有生育计划。,,无需改写,她/生育计划,歧视事实的具体呈现,据当事人描述，面试官询问了其个人规划,难,否,,主集,index,
NEG-0393,v3,五、引用与转述,5.6 二手转述与新闻报道,新闻报道,教育报道,无,,报道提到，该校招生简章曾写有“男生优先”字样，现已删除。,,无需改写,男生优先,被批评对象的原文,报道提到该校招生简章曾有不当限制，现已删除,难,否,,主集,test,
NEG-0394,v3,六、自我认同与自称,6.1 自我描述的性别标签,社交与社区,社交动态,无,,我就是个普通女生，没什么远大理想，就想把日子过好。,,无需改写,女生,自我描述,我就是个普通人，没什么远大理想,难,否,,主集,index,
NEG-0395,v3,六、自我认同与自称,6.1 自我描述的性别标签,口语与私人交流,个人主页,无,,简介里我写的是“三个孩子的爹”，其实还兼职做木工。,,无需改写,爹,自选的自我介绍用语,简介里我写的是“三个孩子的家长”,难,否,,主集,test,
NEG-0397,v3,六、自我认同与自称,6.2 主动声明的性别与代词,社交与社区,社交动态,无,,资料页填的是女，但我更希望大家直接叫我名字。,,无需改写,女,本人的声明与偏好,资料页信息已填写，但我更希望大家叫我名字,中,否,,主集,index,
NEG-0398,v3,六、自我认同与自称,6.3 社群内部用语,社交与社区,社群公约,无,,群规第一条：不问性别，不问年龄，只聊技术。,,无需改写,性别,群规原文,群规第一条：不问个人信息，只聊技术,中,否,,主集,index,
NEG-0399,v3,六、自我认同与自称,6.3 社群内部用语,工程与技术,网络用语,网络用语,,姐妹们冲！这个价真的不容易，我蹲了仨月。,,无需改写,姐妹们,网络语境中已泛化为不分性别的招呼语,大家冲！这个价真的不容易,中,是,,主集,dev,
NEG-0400,v3,六、自我认同与自称,6.4 职业与身份的自我定位,文艺创作与评论,人物采访,无,,“我是个男的，但我确实喜欢做家务，这有什么问题吗？”,,无需改写,男的,受访者自述，且句子在反驳刻板印象,“我确实喜欢做家务，这有什么问题吗？”,难,否,,主集,test,
NEG-0401,v3,六、自我认同与自称,6.4 职业与身份的自我定位,文艺创作与评论,演讲实录,无,,“作为一名女性货车司机，我跑了六年长途。”,,无需改写,女性货车司机,发言人自我定位,“作为一名货车司机，我跑了六年长途。”,难,否,,主集,test,
NEG-0403,v3,六、自我认同与自称,6.5 艺名、网名、角色名,社交与社区,平台资料,无,,账号“厂妹阿香”已完成实名认证。,,无需改写,厂妹阿香,用户自选账号名,账号“阿香”已完成实名认证,中,否,,主集,test,
NEG-0416,v3,八、语言本体层面的历史残留,8.1 字形理据,医疗健康,文字科普,无,,“奶”字从女，本义指乳汁，与性别评价无关。,,无需改写,奶/女,文字学说明,该字的部首与其本义相关，与性别评价无关,中,否,,主集,index,
NEG-0417,v3,八、语言本体层面的历史残留,8.1 字形理据,学术与调研,古汉语课,无,,古汉语第三人称多用“其”“之”，本不区分性别。,,无需改写,第三人称/性别,语言史事实,古汉语第三人称多用“其”“之”,中,否,,主集,index,
NEG-0418,v3,八、语言本体层面的历史残留,8.2 敬语传统的中性化用法,学术与调研,编辑说明,无,,书中对几位女学者一律称“先生”，是沿用民国学界的旧例。,,无需改写,女学者/先生,编辑体例说明，句子本身在解释该用法,书中对几位学者一律称“先生”,难,是,,主集,index,
NEG-0419,v3,八、语言本体层面的历史残留,8.2 敬语传统的中性化用法,口语与私人交流,方言口语,方言,,在我们那儿，中学老师不管男女都叫“先生”。,,无需改写,男女/先生,方言实况描述,在我们那儿，中学老师都叫“先生”,中,否,,主集,dev,
NEG-0420,v3,八、语言本体层面的历史残留,8.3 已中性化的复合词,口语与私人交流,村口口语,方言,,这事儿得跟街坊四邻打个招呼，老少爷们儿都得知会到。,,无需改写,老少爷们儿,方言中的整体泛指,这事儿得跟街坊四邻打个招呼，大家都得知会到,中,是,,主集,dev,
NEG-0421,v3,八、语言本体层面的历史残留,8.3 已中性化的复合词,公文与规章,广播开场,无,,各位听众朋友，各位父老乡亲，晚上好。,,无需改写,父老乡亲,广播固定开场语,各位听众朋友，各位居民朋友，晚上好,中,是,,主集,index,
NEG-0423,v3,八、语言本体层面的历史残留,8.4 语法性词汇,学术与调研,术语讨论,无,,英语的 chairman 带有性别色彩，中文的“主席”则没有。,,无需改写,chairman/性别色彩,跨语言对比,英语相关职位词带有色彩差异，中文没有,中,否,,主集,test,
NEG-0425,v3,八、语言本体层面的历史残留,8.5 惯用搭配与固定表达,公文与规章,公文致辞,无,,感谢各兄弟省市在本次防汛中给予的支援。,,无需改写,兄弟省市,机构间固定惯用语,感谢各协作省市在本次防汛中给予的支援,中,是,,主集,test,
NEG-0426,v3,一、指称已知性别的具体个人,1.2 人称代词,医疗健康,病历首行,缩略,,女，32，初诊,,无需改写,女,病历表头的规范缩写,32 岁，初诊,中,否,,主集,index,
NEG-0427,v3,一、指称已知性别的具体个人,1.1 姓名与社会称谓,公文与规章,短信通知,缩略,,李女士 138****2210,,无需改写,李女士,联系人条目,客户 138****2210,中,否,,主集,test,
NEG-0428,v3,一、指称已知性别的具体个人,1.3 血亲与姻亲称谓,公文与规章,表单字段,结构化文本,,紧急联系人：其母,,无需改写,其母,关系字段取值,紧急联系人：其家长,中,否,,主集,dev,
NEG-0430,v3,一、指称已知性别的具体个人,1.3 血亲与姻亲称谓,口语与私人交流,聊天碎片,缩略,,记得跟我妈说一声,,无需改写,我妈,口语短句,记得跟家里说一声,难,否,,主集,index,
NEG-0431,v3,一、指称已知性别的具体个人,1.2 人称代词,口语与私人交流,聊天碎片,缩略,,她刚走，你晚了,,无需改写,她,指称在场双方已知的具体某人,TA刚走，你晚了,难,否,,主集,index,
NEG-0432,v3,一、指称已知性别的具体个人,1.5 社会角色中的具体个人,工程与技术,笔录表头,缩略,,被害人 女 22,,无需改写,女,案件登记字段,被害人 22,中,否,,主集,index,
NEG-0433,v3,二、生理与医学必需,2.1 生殖与生育,医疗健康,产检记录,缩略,,孕 34w+2,,无需改写,孕,产科通用缩写,34w+2,易,否,,主集,index,
NEG-0435,v3,二、生理与医学必需,2.3 性别特异性器官与疾病,公文与规章,检查申请,缩略,,前列腺 B 超,,无需改写,前列腺,检查项目名称,泌尿系 B 超,易,否,,主集,dev,
NEG-0436,v3,二、生理与医学必需,2.2 生理周期与内分泌,工程与技术,检验单,结构化文本,,雌二醇 E2：112 pmol/L,,无需改写,雌二醇,检验项目名称,激素 E2：112 pmol/L,易,否,,主集,test,
NEG-0437,v3,三、制度性与统计性区分,3.4 空间与设施,公文与规章,导视牌,缩略,,母婴室 →,,无需改写,母婴室,设施标识,育婴室 →,中,是,,主集,dev,
NEG-0438,v3,三、制度性与统计性区分,3.4 空间与设施,公文与规章,导视牌,缩略,,妇科门诊 → 2 号楼,,无需改写,妇科,科室标识,专科门诊 → 2 号楼,易,否,,主集,index,
NEG-0439,v3,三、制度性与统计性区分,3.4 空间与设施,公文与规章,楼层索引,缩略,,女装 4F,,无需改写,女装,商场楼层索引,服装 4F,中,是,,主集,index,
NEG-0441,v3,三、制度性与统计性区分,3.3 体育竞技分级,工程与技术,赛程表,缩略,,女子 100m 栏 SF,,无需改写,女子,项目简称,100m 栏 SF,易,否,,主集,index,
NEG-0442,v3,三、制度性与统计性区分,3.2 劳动与社会保障,公文与规章,假期台账,缩略,,陪产假 15d,,无需改写,陪产假,假期类型字段,育儿假 15d,中,是,,主集,index,
NEG-0443,v3,三、制度性与统计性区分,3.1 法律与行政身份,公文与规章,表单选项,结构化文本,,性别：○男 ○女 ○其他,,无需改写,男/女/其他,表单控件文本,性别：（请选择）,中,否,,主集,index,
NEG-0444,v3,三、制度性与统计性区分,3.1 法律与行政身份,公文与规章,表格模板,结构化文本,,父/母 签字：________,,无需改写,父/母,签字栏字段,监护人 签字：________,中,否,,主集,index,
NEG-0445,v3,三、制度性与统计性区分,3.4 空间与设施,公文与规章,校园导视,缩略,,女生宿舍 B 座,,无需改写,女生宿舍,建筑名称,学生宿舍 B 座,易,否,,主集,index,
NEG-0448,v3,四、专有名词与固定名称,4.5 作品名与文化产品,商业与产品,歌单条目,缩略,,《女人花》- 梅艳芳,,无需改写,女人花,歌名,《花》- 梅艳芳,易,否,,主集,test,
NEG-0449,v3,四、专有名词与固定名称,4.7 学术与批判性概念,社交与社区,标签,结构化文本,,#女性向游戏,,无需改写,女性向,品类标签，是检索键,#游戏,中,否,话题标签属检索键，改写会断链,主集,dev,
NEG-0450,v3,四、专有名词与固定名称,4.8 品牌、产品与商业名称,商业与产品,商品条,缩略,,老干妈 风味豆豉 280g,,无需改写,老干妈,商标,风味豆豉 280g,易,否,,主集,dev,
NEG-0452,v3,五、引用与转述,5.4 研究与调查材料,工程与技术,表头,结构化文本,,| 姓名 | 性别 | 出生日期 |,,无需改写,性别,表格列名,| 姓名 | 出生日期 |,中,否,删列会导致数据错位,主集,index,
NEG-0454,v3,六、自我认同与自称,6.2 主动声明的性别与代词,口语与私人交流,签名档,缩略,,她/她的,,无需改写,她/她的,本人声明的代词,TA/TA的,难,否,,主集,test,
NEG-0456,v3,六、自我认同与自称,6.5 艺名、网名、角色名,社交与社区,账号名,缩略,,厂妹阿香,,无需改写,厂妹,用户自选账号名,阿香,中,否,,主集,index,
NEG-0458,v3,八、语言本体层面的历史残留,8.2 敬语传统的中性化用法,学术与调研,著者栏,缩略,,杨绛 先生 译,,无需改写,先生,著者信息中的敬称,杨绛 女士 译,难,是,,主集,index,
NEG-0459,v3,九、假触发词（形似而非）,9.1 建筑与工程构件,工程与技术,图纸标注,结构化文本,,女儿墙 h=1100,,无需改写,女儿墙,构件标注,矮墙 h=1100,中,否,,主集,test,
NEG-0460,v3,九、假触发词（形似而非）,9.2 机械电气与器件,工程与技术,物料清单,结构化文本,,母线槽 400A ×2,,无需改写,母线槽,物料名称,汇流槽 400A ×2,中,否,,主集,index,
NEG-0461,v3,九、假触发词（形似而非）,9.2 机械电气与器件,工程与技术,采购单,结构化文本,,公头×2 母头×2,,无需改写,公头/母头,规格字段,接头×4,中,否,,主集,index,
NEG-0462,v3,九、假触发词（形似而非）,9.3 生物农业与育种,工程与技术,育种记录,结构化文本,,父本：郑单958,,无需改写,父本,育种字段,亲本一：郑单958,中,否,,主集,index,
NEG-0463,v3,九、假触发词（形似而非）,9.4 计算机与数学,工程与技术,代码片段,结构化文本,,class Dog(父类Animal),,无需改写,父类,代码注释,class Dog(基类Animal),中,否,,主集,test,
NEG-0465,v3,九、假触发词（形似而非）,9.5 组织与商业术语,工程与技术,文件名,结构化文本,,母带_v3_final.wav,,无需改写,母带,文件名,原始音轨_v3_final.wav,中,否,改文件名会导致引用失效,主集,dev,
NEG-0466,v3,九、假触发词（形似而非）,9.5 组织与商业术语,商业与产品,工商信息,结构化文本,,母公司：XX控股集团,,无需改写,母公司,工商字段,控股方：XX控股集团,中,否,,主集,dev,
NEG-0467,v3,九、假触发词（形似而非）,9.5 组织与商业术语,商业与产品,校友活动,缩略,,母校校庆 30 周年,,无需改写,母校,活动名称,学校校庆 30 周年,易,否,,主集,index,
NEG-0468,v3,九、假触发词（形似而非）,9.7 专名、地名与商标,工程与技术,车站牌,缩略,,娘子关站,,无需改写,娘子关,站名,关口站,易,否,,主集,dev,
NEG-0471,v3,九、假触发词（形似而非）,9.3 生物农业与育种,工程与技术,标本签,缩略,,雌雄异株 · 银杏,,无需改写,雌雄异株,植物学标签,单性花 · 银杏,中,否,,主集,index,
NEG-0472,v3,九、假触发词（形似而非）,9.6 固定词与成语,商业与产品,海报文案,缩略,,导演处女作,,无需改写,处女作,宣传固定词,导演首部作品,中,是,,主集,index,
NEG-0475,v3,一、指称已知性别的具体个人,1.4 伴侣与恋爱关系,口语与私人交流,聊天记录,emoji,,我女朋友说她马上到🚗 你们先点菜吧！,,无需改写,女朋友/她,含表情符号的真实聊天文本,我伴侣说TA马上到🚗 你们先点菜吧,难,否,,主集,test,
NEG-0476,v3,一、指称已知性别的具体个人,1.3 血亲与姻亲称谓,社交与社区,社交动态,拼音缩写,,我妈也太可爱了吧，刚学会发语音就一直发 xswl,,无需改写,我妈,含网络缩写的口语文本,我家长也太可爱了吧,难,否,,主集,dev,
NEG-0477,v3,一、指称已知性别的具体个人,1.3 血亲与姻亲称谓,社交与社区,社交动态,错别字,,我姐夫开了个汽修长生意还行就是最近淡季有点难做,,无需改写,我姐夫,含错别字与缺标点的真实 UGC,我亲戚开了个汽修厂，生意还行,难,否,错别字不应连带触发性别改写,主集,index,
NEG-0478,v3,一、指称已知性别的具体个人,1.2 人称代词,工程与技术,语音转写,ASR 转写,,患者女五十八岁因反复头晕两周入院她自述近期血压波动较大,,无需改写,女/她,语音录入的病历初稿，无标点,患者五十八岁因反复头晕两周入院,难,否,,主集,index,
NEG-0479,v3,一、指称已知性别的具体个人,1.1 姓名与社会称谓,学术与调研,扫描件,OCR 错行,,李女士 于 本月 十二 日 到 我 处 咨 询,,无需改写,李女士,OCR 输出的异常空格,客户 于 本月 十二 日 到 我 处 咨 询,难,否,,主集,index,
NEG-0480,v3,一、指称已知性别的具体个人,1.1 姓名与社会称谓,口语与私人交流,聊天记录,空格异常,,李  女士     打算 明天  去 学校,,无需改写,李女士,含多余空格的粘贴文本,李某某 打算 明天 去 学校,难,否,,主集,index,
NEG-0481,v3,一、指称已知性别的具体个人,1.1 姓名与社会称谓,口语与私人交流,港台文本,繁体,,陳太太，您訂的貨已經寄出，單號稍後奉上。,,无需改写,陳太太,繁体客服文本，且太太在港台为通行敬称,陳女士，您訂的貨已經寄出,难,是,港台语境中太太的中性程度与内地不同,主集,index,
NEG-0482,v3,一、指称已知性别的具体个人,1.3 血亲与姻亲称谓,口语与私人交流,方言口语,方言,,俺娘做的浆面条，出去吃啥都不是那个味儿。,,无需改写,俺娘,方言亲属称谓,我家长做的浆面条,难,否,,主集,test,
NEG-0483,v3,一、指称已知性别的具体个人,1.4 伴侣与恋爱关系,口语与私人交流,粤语文本,方言,,我老婆話佢開完會就過嚟，你哋唔使等。,,无需改写,我老婆/佢,粤语书面文本,我伴侶話佢開完會就過嚟,难,否,,主集,test,
NEG-0484,v3,一、指称已知性别的具体个人,1.2 人称代词,社交与社区,社交动态,重复标点,,她真的太强了！！！全组唯一会开叉车的女生,,无需改写,她/女生,含情绪化标点的 UGC,这个人真的太强了！！！,难,否,,主集,index,
NEG-0485,v3,二、生理与医学必需,2.1 生殖与生育,工程与技术,语音转写,ASR 转写,,孕三十二周胎位臀先露建议两周后复查再定分娩方式,,无需改写,孕/胎位,口述病历的转写稿,三十二周复查后再定方案,难,否,,主集,index,
NEG-0486,v3,二、生理与医学必需,2.2 生理周期与内分泌,社交与社区,健康问答,错别字,,例假推迟十天了侧了没怀孕是不是内分秘失调,,无需改写,例假/怀孕,含错别字的用户提问,周期推迟十天了，检测结果正常,难,否,,主集,index,
NEG-0487,v3,二、生理与医学必需,2.3 性别特异性器官与疾病,学术与调研,扫描件,OCR 错行,,建议 50 岁以 上男性每年 进行前列腺 特异性抗原检 测,,无需改写,男性/前列腺,OCR 断行后的文本,建议 50 岁以上人群每年进行相关检测,难,否,,主集,dev,
NEG-0488,v3,二、生理与医学必需,2.1 生殖与生育,社交与社区,社交动态,emoji,,备孕大半年终于测到两条杠了🥹 手抖到拿不稳,,无需改写,备孕,含表情的经历分享,准备大半年终于有结果了🥹,中,否,,主集,index,
NEG-0489,v3,三、制度性与统计性区分,3.4 空间与设施,公文与规章,导视文本,全半角混用,,母婴室位于Ｔ２航站楼４层，靠近 12 号登机口。,,无需改写,母婴室,全半角混排的真实标识文本,育婴室位于Ｔ２航站楼４层,中,是,,主集,index,
NEG-0490,v3,三、制度性与统计性区分,3.2 劳动与社会保障,口语与私人交流,同事群,拼音缩写,,陪产假涨到 15 天了，nsdd，总算办了件实事,,无需改写,陪产假,含网络缩写的口语,育儿假涨到 15 天了,中,是,,主集,dev,
NEG-0491,v3,三、制度性与统计性区分,3.5 统计、监测与研究,学术与调研,扫描报表,OCR 错行,,男性 72034 万 人 女性 68935 万人,,无需改写,男性/女性,OCR 输出的统计表文本,总人口 140969 万人,中,否,,主集,test,
NEG-0492,v3,三、制度性与统计性区分,3.3 体育竞技分级,社交与社区,弹幕,网络用语,,女子举重这把绝了！！最后一举直接翻盘 yyds,,无需改写,女子,含网络流行语的弹幕,举重这把绝了！！,中,否,,主集,dev,
NEG-0493,v3,四、专有名词与固定名称,4.4 节日与纪念日,商业与产品,营销文案,标签/emoji,,#三八节 #女神节 全场女装 8 折，3.8-3.10 🌷,,无需改写,三八节/女神节/女装,含话题标签的营销文案，标签是检索键,#节日 #促销 全场服饰 8 折,难,是,女神节属营销造词，是否需改写有分歧,主集,test,
NEG-0494,v3,四、专有名词与固定名称,4.2 机构、组织与场所,医疗健康,就医分享,错别字,,带我妈去了市妇幻，人是真多，建议早点去,,无需改写,妇幼,含错别字的口语分享,带家人去了市医院，人是真多,难,否,,主集,test,
NEG-0496,v3,五、引用与转述,5.1 直接引语,工程与技术,语音转写,ASR 转写,,他在电话里说家里女人多事就多记者随后追问了这句话,,无需改写,女人,访谈录音的转写稿，无引号,他在电话里抱怨家里事务繁多,难,否,缺引号时更易被误判为作者立场,主集,test,
NEG-0497,v3,五、引用与转述,5.5 批判性转述与举例,社交与社区,社交评论,重复标点,,又是那句「为母则刚」！！！听一次烦一次,,无需改写,为母则刚,转述并反对该说法,又是那类说法！！！听一次烦一次,难,否,,主集,index,
NEG-0498,v3,五、引用与转述,5.6 二手转述与新闻报道,社交与社区,社交转发,emoji,,面试官问她三年内有没有生育计划🙃 这也能问？,,无需改写,她/生育计划,转述歧视事实,面试官问了个人规划🙃 这也能问？,难,否,,主集,dev,
NEG-0499,v3,六、自我认同与自称,6.1 自我描述的性别标签,社交与社区,社交动态,网络用语,,我就是个普通女生 没啥大志向 就想搞钱 lol,,无需改写,女生,自我描述，含网络语体,我就是个普通人 没啥大志向,难,否,,主集,test,
NEG-0500,v3,六、自我认同与自称,6.2 主动声明的性别与代词,口语与私人交流,签名档,全半角混用,,李某某（她／她的）｜产品部｜分机８１０２,,无需改写,她／她的,本人声明的代词，全半角混排,李某某（TA／TA的）｜产品部,难,否,,主集,index,
NEG-0501,v3,六、自我认同与自称,6.3 社群内部用语,口语与私人交流,社群聊天,网络用语,,姐妹们！！这个价蹲了仨月了 冲就完事儿,,无需改写,姐妹们,已泛化的招呼语,大家！！这个价蹲了仨月了,中,是,,主集,index,
NEG-0502,v3,六、自我认同与自称,6.4 职业与身份的自我定位,文艺创作与评论,视频字幕,ASR 转写,,作为一个男幼师我最常被问的就是你怎么会想干这行,,无需改写,男幼师,口述内容的字幕转写,作为一名幼师我最常被问的就是……,难,否,,主集,test,
NEG-0506,v3,八、语言本体层面的历史残留,8.2 敬语传统的中性化用法,学术与调研,繁体出版,繁体,,楊絳先生的《我們仨》繁體版由時報出版發行。,,无需改写,先生,繁体出版信息中的敬称,楊絳女士的《我們仨》由時報出版發行,难,是,,主集,test,
NEG-0507,v3,八、语言本体层面的历史残留,8.3 已中性化的复合词,公文与规章,村务广播,ASR 转写,,各位父老乡亲注意了明天下午三点在村委会开会不见不散,,无需改写,父老乡亲,广播稿转写，无标点,各位村民注意了明天下午三点开会,中,是,,主集,index,
NEG-0509,v3,九、假触发词（形似而非）,9.1 建筑与工程构件,工程与技术,施工群,错别字,,女儿强防水又漏了 明天安排人重新做一遍卷才,,无需改写,女儿墙,含错别字的现场沟通文本,矮墙防水又漏了,难,否,错别字场景下模型更易乱改,主集,dev,
NEG-0510,v3,九、假触发词（形似而非）,9.2 机械电气与器件,工程与技术,工单,全半角混用,,母线排需重新压接，规格４００Ａ，数量２。,,无需改写,母线排,全半角混排的工单,汇流排需重新压接，规格４００Ａ,中,否,,主集,dev,
NEG-0511,v3,九、假触发词（形似而非）,9.3 生物农业与育种,口语与私人交流,农户口语,方言,,俺家那头老母猪下了十二个崽，活了十一个。,,无需改写,老母猪,方言养殖口语,俺家那头猪下了十二个崽,中,否,,主集,index,
NEG-0512,v3,九、假触发词（形似而非）,9.4 计算机与数学,工程与技术,技术群,拼音缩写,,父类那个方法被覆盖了，dbq 我改的时候没注意,,无需改写,父类,含网络缩写的技术沟通,基类那个方法被覆盖了,中,否,,主集,test,
NEG-0513,v3,九、假触发词（形似而非）,9.5 组织与商业术语,公文与规章,会议纪要,ASR 转写,,母公司对子公司的担保需要经过董事会决议这条要写进纪要,,无需改写,母公司/子公司,会议录音转写稿,控股公司对下属公司的担保需董事会决议,中,否,,主集,index,
NEG-0514,v3,九、假触发词（形似而非）,9.6 固定词与成语,文艺创作与评论,影评,emoji,,导演的处女作就这个水平，后生可畏👏,,无需改写,处女作,含表情的影评,导演的首部作品就这个水平👏,中,是,,主集,index,
NEG-0515,v3,九、假触发词（形似而非）,9.7 专名、地名与商标,社交与社区,旅游笔记,繁体,,娘子關的城樓修得很完整，值得專程去一趟。,,无需改写,娘子關,繁体游记中的地名,這處關隘的城樓修得很完整,中,否,,主集,test,
NEG-0517,v3,九、假触发词（形似而非）,9.7 专名、地名与商标,社交与社区,商品评价,错别字,,老干妈还是那个味儿 就是玻璃瓶太重了有点亏运废,,无需改写,老干妈,含错别字的商品评价,这个牌子还是那个味儿,中,否,,主集,index,
NEG-0519,v1,一、指称已知性别的具体个人,1.1 姓名与社会称谓,规范示例（基线）,规范示例句,无,,李女士打算明天去一下学校，她儿子在学校获奖了。,,无需改写,李女士 / 她 / 儿子,指称特定已知个体，性别是事实记录而非预设,李某某打算明天去一下学校，其子女在学校获奖了,难,否,高频误改样本，建议置于测试集首位,主集,index,
NEG-0520,v1,一、指称已知性别的具体个人,1.1 姓名与社会称谓,规范示例（基线）,规范示例句,无,,张经理已批准这份预算，她下周一回办公室。,,无需改写,张经理 / 她,职务称谓本身中性，代词指向具体个人,张经理已批准这份预算，TA下周一回办公室,中,否,,主集,index,
NEG-0521,v1,一、指称已知性别的具体个人,1.1 姓名与社会称谓,规范示例（基线）,规范示例句,无,,请转告陈教授，他的讲座改到周四。,,无需改写,他,特指某位教授，非泛指,请转告陈教授，其讲座改到周四,中,否,,主集,index,
NEG-0522,v1,一、指称已知性别的具体个人,1.1 姓名与社会称谓,规范示例（基线）,规范示例句,无,,王先生是这套房子的登记产权人。,,无需改写,王先生,法律语境中的当事人称谓，须与登记信息一致,王某是这套房子的登记产权人,易,否,,主集,dev,
NEG-0523,v1,一、指称已知性别的具体个人,1.1 姓名与社会称谓,规范示例（基线）,规范示例句,无,,请问周太太在家吗？,,无需改写,周太太,当事人自用称谓，第三方不应代为更改,请问周女士在家吗,难,是,若当事人偏好“女士”则另论，需场景信息,主集,index,
NEG-0524,v1,一、指称已知性别的具体个人,1.1 姓名与社会称谓,规范示例（基线）,规范示例句,无,,武则天是中国历史上唯一的女皇帝。,,无需改写,女皇帝,历史事实陈述，“女”是史实要点而非冗余标记,武则天是中国历史上的一位皇帝,中,否,,主集,dev,
NEG-0526,v1,一、指称已知性别的具体个人,1.2 人称代词,规范示例（基线）,规范示例句,无,,她本人已经签署了知情同意书。,,无需改写,她,特指患者本人，医疗文书须准确,该人本人已经签署了知情同意书,中,否,,主集,index,
NEG-0527,v1,一、指称已知性别的具体个人,1.2 人称代词,规范示例（基线）,规范示例句,无,,他们三兄弟一起接手了家里的生意。,,无需改写,他们 / 兄弟,确为三名男性，复数代词与事实相符,他们三人一起接手了家里的生意,中,否,,主集,test,
NEG-0528,v1,一、指称已知性别的具体个人,1.2 人称代词,规范示例（基线）,规范示例句,无,,她们班这学期的出勤率是全年级最高的。,,无需改写,她们,指称女校/女生班这一具体群体,他们班这学期的出勤率是全年级最高的,中,否,需上下文确认确为全女性群体,主集,dev,
NEG-0529,v1,一、指称已知性别的具体个人,1.3 血亲与姻亲称谓,规范示例（基线）,规范示例句,无,,我妈今年六十岁，还坚持每天晨跑。,,无需改写,我妈,亲属关系的准确描述,我的家长今年六十岁，还坚持每天晨跑,易,否,,主集,test,
NEG-0531,v1,一、指称已知性别的具体个人,1.3 血亲与姻亲称谓,规范示例（基线）,规范示例句,无,,我丈夫负责接送孩子上下学。,,无需改写,丈夫,陈述本人家庭的实际分工，非规定性表述,我的配偶负责接送孩子上下学,难,否,与刻板印象句“妈妈们负责接送”构成最小对立对,主集,test,
NEG-0532,v1,一、指称已知性别的具体个人,1.3 血亲与姻亲称谓,规范示例（基线）,规范示例句,无,,这份遗嘱由被继承人的女儿保管。,,无需改写,女儿,继承法律关系中的身份必须精确,这份遗嘱由被继承人的子女保管,易,否,,主集,index,
NEG-0533,v1,一、指称已知性别的具体个人,1.3 血亲与姻亲称谓,规范示例（基线）,规范示例句,无,,我姐夫开了一家汽修厂。,,无需改写,姐夫,姻亲称谓无中性对应词，替换即失真,我的亲戚开了一家汽修厂,中,否,,主集,index,
NEG-0534,v1,一、指称已知性别的具体个人,1.3 血亲与姻亲称谓,规范示例（基线）,规范示例句,无,,她奶奶生前住在城南。,,无需改写,奶奶,特指父系祖母，与“外婆”有别,她的祖辈生前住在城南,中,否,,主集,test,
NEG-0535,v1,一、指称已知性别的具体个人,1.4 伴侣与恋爱关系,规范示例（基线）,规范示例句,无,,我的女朋友打电话说她很快会回来。,,无需改写,女朋友 / 她,当事人对自身亲密关系的准确描述,我的伴侣打电话说TA很快会回来,难,否,高频误改样本,主集,test,
NEG-0536,v1,一、指称已知性别的具体个人,1.4 伴侣与恋爱关系,规范示例（基线）,规范示例句,无,,前妻负责孩子周末的照料。,,无需改写,前妻,离婚后抚养安排的事实陈述,前任配偶负责孩子周末的照料,中,否,,主集,test,
NEG-0537,v1,一、指称已知性别的具体个人,1.4 伴侣与恋爱关系,规范示例（基线）,规范示例句,无,,他和未婚妻定在十月办婚礼。,,无需改写,未婚妻,特定关系的既有称谓,他和未婚伴侣定在十月办婚礼,易,否,,主集,test,
NEG-0538,v1,一、指称已知性别的具体个人,1.5 社会角色中的具体个人,规范示例（基线）,规范示例句,无,,我们班主任是位女老师，姓刘。,,无需改写,女老师,介绍具体某人的基本情况，非对职业加性别限定,我们班主任是位老师，姓刘,难,否,与“女司机技术不行”构成最小对立对：此处“女”描述个体，彼处标记职业,主集,dev,
NEG-0539,v1,一、指称已知性别的具体个人,1.5 社会角色中的具体个人,规范示例（基线）,规范示例句,无,,证人陈述时，其母亲在庭外等候。,,无需改写,母亲,庭审记录中的在场人员身份,证人陈述时，其家长在庭外等候,易,否,,主集,dev,
NEG-0540,v1,一、指称已知性别的具体个人,1.5 社会角色中的具体个人,规范示例（基线）,规范示例句,无,,被害人为一名 14 岁女性，案发时独自在家。,,无需改写,女性,刑事案件中被害人性别是案情要素,被害人为一名 14 岁未成年人，案发时独自在家,易,否,,主集,index,
NEG-0541,v1,二、生理与医学必需,2.1 生殖与生育,规范示例（基线）,规范示例句,无,,孕妇应在妊娠 24 至 28 周完成口服葡萄糖耐量试验。,,无需改写,孕妇 / 妊娠,妊娠为生理事实，是该项检查的适应证,孕育者应在妊娠 24 至 28 周完成口服葡萄糖耐量试验,易,否,,主集,test,
NEG-0542,v1,二、生理与医学必需,2.1 生殖与生育,规范示例（基线）,规范示例句,无,,剖宫产术后需持续观察子宫收缩及阴道出血情况。,,无需改写,子宫 / 剖宫产,解剖学与术式名称，无替代表述,术后需持续观察相关器官收缩及出血情况,易,否,,主集,dev,
NEG-0543,v1,二、生理与医学必需,2.1 生殖与生育,规范示例（基线）,规范示例句,无,,该药物在妊娠期及哺乳期妇女中禁用。,,无需改写,妊娠期 / 哺乳期妇女,药品说明书法定表述，涉及用药安全,该药物在特定生理期人群中禁用,易,否,药品说明书属法定文本，另受第五类保护,主集,index,
NEG-0544,v1,二、生理与医学必需,2.1 生殖与生育,规范示例（基线）,规范示例句,无,,精子浓度低于 1500 万/毫升提示男性因素不育。,,无需改写,精子 / 男性,生育力评估的临床指标,精子浓度低于 1500 万/毫升提示相关因素不育,易,否,,主集,dev,
NEG-0545,v1,二、生理与医学必需,2.2 生理周期与内分泌,规范示例（基线）,规范示例句,无,,患者主诉停经三个月，建议完善妊娠试验。,,无需改写,停经 / 妊娠,主诉与鉴别诊断路径,患者主诉月经异常三个月，建议完善相关检查,易,否,,主集,index,
NEG-0547,v1,二、生理与医学必需,2.2 生理周期与内分泌,规范示例（基线）,规范示例句,无,,围绝经期女性的骨量流失速度显著加快。,,无需改写,绝经期 / 女性,生理阶段与人群的对应关系是医学结论本身,围绝经期人群的骨量流失速度显著加快,中,否,,主集,dev,
NEG-0548,v1,二、生理与医学必需,2.3 性别特异性器官与疾病,规范示例（基线）,规范示例句,无,,多囊卵巢综合征常伴有胰岛素抵抗和高雄激素血症。,,无需改写,卵巢 / 雄激素,疾病名称与病理机制,该综合征常伴有胰岛素抵抗和激素异常,易,否,,主集,dev,
NEG-0549,v1,二、生理与医学必需,2.3 性别特异性器官与疾病,规范示例（基线）,规范示例句,无,,乳腺癌在男性中亦有发生，约占全部病例的百分之一。,,无需改写,男性,流行病学事实，删去性别则命题不成立,乳腺癌在各类人群中均有发生，约占全部病例的百分之一,中,否,,主集,test,
NEG-0550,v1,二、生理与医学必需,2.3 性别特异性器官与疾病,规范示例（基线）,规范示例句,无,,男性型脱发与毛囊对双氢睾酮的敏感性有关。,,无需改写,男性型脱发,疾病的规范命名,脱发与毛囊对双氢睾酮的敏感性有关,中,否,,主集,index,
NEG-0551,v1,二、生理与医学必需,2.4 药理与诊疗差异,规范示例（基线）,规范示例句,无,,本院血红蛋白参考值按男性、女性分别列出。,,无需改写,男性 / 女性,检验参考区间按生理性别分层是临床规范,本院血红蛋白参考值统一列出,易,否,,主集,index,
NEG-0552,v1,二、生理与医学必需,2.5 性别确认医疗与性健康,规范示例（基线）,规范示例句,无,,该受试者正在接受性别确认激素治疗，入组前需评估基线肝功能。,,无需改写,性别确认激素治疗,治疗方案名称，且属受试者本人的医疗事实,该受试者正在接受激素治疗，入组前需评估基线肝功能,中,否,,主集,test,
NEG-0553,v1,二、生理与医学必需,2.6 鉴定与研究场景,规范示例（基线）,规范示例句,无,,法医依据骨盆形态及耻骨联合特征判断死者为女性。,,无需改写,女性,法医学鉴定结论,法医依据骨盆形态及耻骨联合特征作出个体识别,易,否,,主集,dev,
NEG-0554,v1,二、生理与医学必需,2.6 鉴定与研究场景,规范示例（基线）,规范示例句,无,,本研究对用药依从性进行了性别分层分析。,,无需改写,性别分层,研究方法学表述,本研究对用药依从性进行了亚组分析,易,否,,主集,index,
NEG-0555,v1,三、制度性与统计性区分,3.1 法律与行政身份,规范示例（基线）,规范示例句,无,,身份证信息项包括姓名、性别、民族、出生日期及住址。,,无需改写,性别,法定登记项目名称,身份证信息项包括姓名、民族、出生日期及住址,易,否,,主集,test,
NEG-0556,v1,三、制度性与统计性区分,3.1 法律与行政身份,规范示例（基线）,规范示例句,无,,当事人已完成法律性别变更登记，档案应同步更新。,,无需改写,法律性别变更,行政程序名称，且是保障当事人权益的必要表述,当事人已完成信息变更登记，档案应同步更新,中,否,,主集,test,
NEG-0557,v1,三、制度性与统计性区分,3.2 劳动与社会保障,规范示例（基线）,规范示例句,无,,女职工在孕期不得安排从事第三级体力劳动强度的工作。,,无需改写,女职工 / 孕期,劳动保护条款的法定适用对象,职工在孕期不得安排从事第三级体力劳动强度的工作,中,否,,主集,dev,
NEG-0558,v1,三、制度性与统计性区分,3.2 劳动与社会保障,规范示例（基线）,规范示例句,无,,男性员工可申请不少于 15 天的陪产假。,,无需改写,男性员工,现行假期制度的适用对象,员工可申请不少于 15 天的陪产假,中,是,部分企业已改为性别中立的“育儿假”，改写会与现行制度不符,主集,test,
NEG-0559,v1,三、制度性与统计性区分,3.2 劳动与社会保障,规范示例（基线）,规范示例句,无,,现行规定中女性干部的法定退休年龄为 55 周岁。,,无需改写,女性干部,陈述现行制度，属描述而非主张,现行规定中干部的法定退休年龄为 55 周岁,中,否,,主集,index,
NEG-0560,v1,三、制度性与统计性区分,3.3 体育竞技分级,规范示例（基线）,规范示例句,无,,本届赛事新增女子拳击 60 公斤级项目。,,无需改写,女子,竞赛项目的正式分级名称,本届赛事新增拳击 60 公斤级项目,易,否,,主集,dev,
NEG-0562,v1,三、制度性与统计性区分,3.3 体育竞技分级,规范示例（基线）,规范示例句,无,,跨性别运动员参加女子组比赛须符合睾酮水平的相关规定。,,无需改写,跨性别 / 女子组,参赛资格规则的准确陈述,运动员参加比赛须符合相关生理指标规定,中,是,该规则本身在各国际单项组织间存在分歧，仅作规则转述,主集,dev,
NEG-0563,v1,三、制度性与统计性区分,3.3 体育竞技分级,规范示例（基线）,规范示例句,无,,该项世界纪录男子组与女子组分别统计。,,无需改写,男子组 / 女子组,纪录统计口径,该项世界纪录统一统计,易,否,,主集,index,
NEG-0564,v1,三、制度性与统计性区分,3.4 空间与设施,规范示例（基线）,规范示例句,无,,二楼东侧为女更衣室，西侧为男更衣室。,,无需改写,女 / 男更衣室,设施指引，改写将导致实用信息失效,二楼东西两侧均设有更衣室,易,是,设施划分与跨性别者权益的关系存在持续争论,主集,test,
NEG-0565,v1,三、制度性与统计性区分,3.4 空间与设施,规范示例（基线）,规范示例句,无,,母婴室位于候机楼三层安检口右侧。,,无需改写,母婴室,设施的既有名称,育儿室位于候机楼三层安检口右侧,中,是,部分机场已更名为“育婴室”，但改写既有标识会造成指引错误,主集,index,
NEG-0566,v1,三、制度性与统计性区分,3.4 空间与设施,规范示例（基线）,规范示例句,无,,女子监狱应当配备女性管教人员。,,无需改写,女子监狱 / 女性管教,监所管理的法定要求,监狱应当配备管教人员,易,否,,主集,test,
NEG-0567,v1,三、制度性与统计性区分,3.5 统计、监测与研究,规范示例（基线）,规范示例句,无,,2023 年该地区出生人口性别比为 108.3。,,无需改写,性别比,统计指标名称，是人口监测核心变量,2023 年该地区出生人口结构指标为 108.3,易,否,,主集,index,
NEG-0568,v1,三、制度性与统计性区分,3.5 统计、监测与研究,规范示例（基线）,规范示例句,无,,该国男性自杀率约为女性的两倍。,,无需改写,男性 / 女性,公共卫生统计结论，性别差异即结论本身,该国不同人群的自杀率存在差异,中,否,,主集,dev,
NEG-0569,v1,三、制度性与统计性区分,3.5 统计、监测与研究,规范示例（基线）,规范示例句,无,,性别薪酬差距在管理岗位上尤为明显。,,无需改写,性别薪酬差距,研究议题名称，删去即取消议题,薪酬差距在管理岗位上尤为明显,中,否,,主集,test,
NEG-0570,v1,三、制度性与统计性区分,3.5 统计、监测与研究,规范示例（基线）,规范示例句,无,,工程类专业在校生中女性占比为 23.7%。,,无需改写,女性占比,教育统计数据,工程类专业在校生结构占比为 23.7%,易,否,,主集,test,
NEG-0571,v1,三、制度性与统计性区分,3.6 平权、保护与专项服务,规范示例（基线）,规范示例句,无,,公司计划三年内将女性高管比例提升至 30%。,,无需改写,女性高管比例,平权目标的量化指标,公司计划三年内提升高管队伍的多元化水平,中,否,此处保留性别正是为实现性别公平,主集,test,
NEG-0572,v1,三、制度性与统计性区分,3.6 平权、保护与专项服务,规范示例（基线）,规范示例句,无,,反家暴庇护所目前仅接收女性及其未成年子女。,,无需改写,女性,服务对象的准入规则,反家暴庇护所目前接收受害者及其未成年子女,中,是,部分机构已扩展至男性受害者，但改写会误述该机构现行规则,主集,index,
NEG-0573,v1,三、制度性与统计性区分,3.6 平权、保护与专项服务,规范示例（基线）,规范示例句,无,,该基金专项支持青年女科技工作者的独立研究。,,无需改写,女科技工作者,专项计划的资助对象界定,该基金专项支持青年科技工作者的独立研究,中,否,与“女博士”式冗余标记的关键区别：此处限定即资格条件,主集,test,
NEG-0574,v1,三、制度性与统计性区分,3.6 平权、保护与专项服务,规范示例（基线）,规范示例句,无,,本市开通了面向男性照护者的心理支持热线。,,无需改写,男性照护者,服务对象界定，且针对的是被忽视群体,本市开通了面向照护者的心理支持热线,中,否,,主集,index,
NEG-0575,v1,三、制度性与统计性区分,3.7 宗教与文化传统实践,规范示例（基线）,规范示例句,无,,按该教派传统，神职人员仅由男性担任。,,无需改写,男性,对现存传统的客观描述，非认可,按该教派传统，神职人员由信众担任,中,否,描述与规定之别的典型样本,主集,test,
NEG-0576,v1,四、专有名词与固定名称,4.1 法律法规,规范示例（基线）,规范示例句,无,,《中华人民共和国妇女权益保障法》于 2022 年完成修订。,,无需改写,妇女权益保障法,法律名称，不可改动,《中华人民共和国权益保障法》于 2022 年完成修订,易,否,,主集,index,
NEG-0577,v1,四、专有名词与固定名称,4.1 法律法规,规范示例（基线）,规范示例句,无,,《女职工劳动保护特别规定》对禁忌劳动范围作出了列举。,,无需改写,女职工,行政法规正式名称,《职工劳动保护特别规定》对禁忌劳动范围作出了列举,易,否,,主集,dev,
NEG-0578,v1,四、专有名词与固定名称,4.1 法律法规,规范示例（基线）,规范示例句,无,,《消除对妇女一切形式歧视公约》于 1979 年获联合国大会通过。,,无需改写,妇女,国际条约正式名称,《消除一切形式歧视公约》于 1979 年获联合国大会通过,易,否,,主集,index,
NEG-0579,v1,四、专有名词与固定名称,4.2 机构、组织与场所,规范示例（基线）,规范示例句,无,,中华全国妇女联合会发布了本年度工作报告。,,无需改写,妇女联合会,机构法定名称,全国联合会发布了本年度工作报告,易,否,,主集,index,
NEG-0580,v1,四、专有名词与固定名称,4.2 机构、组织与场所,规范示例（基线）,规范示例句,无,,中国女排在本届世锦赛中排名第四。,,无需改写,女排,队伍正式名称,中国排球队在本届世锦赛中排名第四,易,否,,主集,index,
NEG-0581,v1,四、专有名词与固定名称,4.2 机构、组织与场所,规范示例（基线）,规范示例句,无,,该院妇产科自本月起开设夜间门诊。,,无需改写,妇产科,科室法定名称,该院产科自本月起开设夜间门诊,易,否,,主集,index,
NEG-0582,v1,四、专有名词与固定名称,4.2 机构、组织与场所,规范示例（基线）,规范示例句,无,,男科门诊位于门诊楼二层西侧。,,无需改写,男科,科室法定名称,泌尿门诊位于门诊楼二层西侧,易,否,,主集,dev,
NEG-0584,v1,四、专有名词与固定名称,4.3 奖项、荣誉与称号,规范示例（基线）,规范示例句,无,,影片获得本届电影节最佳女主角提名。,,无需改写,最佳女主角,奖项设置的正式名称,影片获得本届电影节最佳主角提名,易,是,少数电影节已取消性别分设奖项，但不影响既有奖项名称的引用,主集,test,
NEG-0585,v1,四、专有名词与固定名称,4.4 节日与纪念日,规范示例（基线）,规范示例句,无,,国际妇女节起源于 20 世纪初的劳工运动。,,无需改写,国际妇女节,节日正式名称,国际劳动者节起源于 20 世纪初的劳工运动,易,否,,主集,dev,
NEG-0586,v1,四、专有名词与固定名称,4.4 节日与纪念日,规范示例（基线）,规范示例句,无,,11 月 25 日是消除对妇女暴力国际日。,,无需改写,妇女,联合国确定的纪念日名称,11 月 25 日是消除暴力国际日,易,否,,主集,index,
NEG-0587,v1,四、专有名词与固定名称,4.5 作品名与文化产品,规范示例（基线）,规范示例句,无,,波伏娃的《第二性》被视为女性主义理论的奠基之作。,,无需改写,第二性 / 女性主义,书名与学派名称,波伏娃的著作被视为平权理论的奠基之作,易,否,,主集,index,
NEG-0588,v1,四、专有名词与固定名称,4.5 作品名与文化产品,规范示例（基线）,规范示例句,无,,《82 年生的金智英》引发了关于女性处境的广泛讨论。,,无需改写,女性处境,书名及其主题的准确概括,《82 年生的金智英》引发了关于社会处境的广泛讨论,易,否,,主集,index,
NEG-0590,v1,四、专有名词与固定名称,4.6 历史与制度术语,规范示例（基线）,规范示例句,无,,唐代户籍中的“男丁”与“女口”分别对应不同的赋役义务。,,无需改写,男丁 / 女口,历史制度术语,唐代户籍中的不同人口类别对应不同的赋役义务,易,否,,主集,index,
NEG-0591,v1,四、专有名词与固定名称,4.6 历史与制度术语,规范示例（基线）,规范示例句,无,,童养媳制度在民国时期仍广泛存在于部分农村地区。,,无需改写,童养媳,历史制度名称,早婚制度在民国时期仍广泛存在于部分农村地区,易,否,,主集,dev,
NEG-0592,v1,四、专有名词与固定名称,4.7 学术与批判性概念,规范示例（基线）,规范示例句,无,,本文采用“男性凝视”这一概念分析广告文本的构图逻辑。,,无需改写,男性凝视,学术术语，是分析工具而非作者立场,本文采用“观看视角”这一概念分析广告文本的构图逻辑,中,否,批判性术语中的性别词是分析对象,主集,dev,
NEG-0593,v1,四、专有名词与固定名称,4.7 学术与批判性概念,规范示例（基线）,规范示例句,无,,父权制并非指个别男性的支配，而是一套制度性安排。,,无需改写,父权制 / 男性,学术概念及其界定，句子本身在澄清误解,该制度并非指个别人的支配，而是一套制度性安排,中,否,,主集,test,
NEG-0595,v1,四、专有名词与固定名称,4.7 学术与批判性概念,规范示例（基线）,规范示例句,无,,“第二轮班”指女性在有偿劳动之外承担的无酬家务劳动。,,无需改写,女性,术语的标准定义，删去性别则定义失效,“第二轮班”指劳动者在有偿劳动之外承担的无酬家务劳动,难,否,高频误改：定义句中的性别词属于定义内容,主集,test,
NEG-0596,v1,四、专有名词与固定名称,4.7 学术与批判性概念,规范示例（基线）,规范示例句,无,,非二元、顺性别、跨性别是性别认同研究的基本范畴。,,无需改写,非二元 / 顺性别 / 跨性别,学科基本术语,相关概念是身份认同研究的基本范畴,易,否,,主集,index,
NEG-0597,v1,四、专有名词与固定名称,4.8 品牌、产品与商业名称,规范示例（基线）,规范示例句,无,,商场三层为女装区，四层为男装区。,,无需改写,女装 / 男装,商品分类的既有名称与导购信息,商场三层与四层均为服装区,中,是,部分品牌已推行无性别分区，但改写既有导视会造成信息错误,主集,index,
NEG-0598,v1,四、专有名词与固定名称,4.8 品牌、产品与商业名称,规范示例（基线）,规范示例句,无,,该系列注册商标为“淑女屋”，宣传物料中不得改动字样。,,无需改写,淑女屋,注册商标受法律保护，擅改构成侵权风险,该系列注册商标为“优雅屋”,易,否,,主集,test,
NEG-0599,v1,五、引用与转述,5.1 直接引语,规范示例（基线）,规范示例句,无,,受访者原话是：“这活儿还是得找个男的干。”,,无需改写,男的,直接引语属证据材料，改写等同篡改,受访者表示这项工作需要专人负责,难,否,可与“作者自述同一句话”构成最小对立对,主集,test,
NEG-0600,v1,五、引用与转述,5.1 直接引语,规范示例（基线）,规范示例句,无,,他在庭上供述：“我以为她一个女人不敢报警。”,,无需改写,她 / 女人,庭审供述原文，是定罪量刑的事实依据,他在庭上供述称其低估了被害人的应对能力,易,否,,主集,test,
NEG-0601,v1,五、引用与转述,5.1 直接引语,规范示例（基线）,规范示例句,无,,该主播在直播中说：“女生就别学编程了。”平台已对其作出处罚。,,无需改写,女生,引述违规言论是处罚说明的必要组成,该主播在直播中发表不当言论，平台已对其作出处罚,中,否,,主集,index,
NEG-0602,v1,五、引用与转述,5.2 文献与史料,规范示例（基线）,规范示例句,无,,《论语·阳货》有“唯女子与小人为难养也”之语，历代注家解释纷纭。,,无需改写,女子,经典原文引用，可加注释但不改原文,《论语·阳货》中有一句历来解释纷纭的话,易,否,,主集,dev,
NEG-0603,v1,五、引用与转述,5.2 文献与史料,规范示例（基线）,规范示例句,无,,家书中写道：“儿此去平安，母亲勿念。”,,无需改写,儿 / 母亲,档案原文,家书中表达了报平安之意,易,否,,主集,test,
NEG-0604,v1,五、引用与转述,5.3 法律与官方文书原件,规范示例（基线）,规范示例句,无,,判决书载明：“被告人系女性，怀孕期间不适用逮捕强制措施。”,,无需改写,女性 / 怀孕,裁判文书原文，且性别与妊娠是适用该条款的前提,判决书载明被告人不适用逮捕强制措施,易,否,,主集,dev,
NEG-0605,v1,五、引用与转述,5.4 研究与调查材料,规范示例（基线）,规范示例句,无,,问卷第 3 题选项为：①男 ②女 ③其他 ④不愿透露。,,无需改写,男 / 女,问卷题目原样呈现是方法学披露要求,问卷第 3 题询问受访者的性别认同,中,否,,主集,dev,
NEG-0606,v1,五、引用与转述,5.4 研究与调查材料,规范示例（基线）,规范示例句,无,,该量表包含“我认为男性应当承担家庭主要经济责任”等条目。,,无需改写,男性,量表条目原文，改写将使测量失效,该量表包含关于家庭经济责任分工的条目,中,否,,主集,test,
NEG-0608,v1,五、引用与转述,5.5 批判性转述与举例,规范示例（基线）,规范示例句,无,,社会上长期存在“女生学不好理科”的偏见。,,无需改写,女生,转述并批判某一偏见，非持有该偏见,社会上长期存在关于学科能力的偏见,难,否,高频误改：批判性转述被误判为刻板印象,主集,index,
NEG-0609,v1,五、引用与转述,5.5 批判性转述与举例,规范示例（基线）,规范示例句,无,,该招聘广告写有“限男性”，涉嫌构成就业性别歧视。,,无需改写,限男性,举证式引用，删去则指控无依据,该招聘广告设置了不当限制，涉嫌构成就业歧视,难,否,,主集,index,
NEG-0610,v1,五、引用与转述,5.5 批判性转述与举例,规范示例（基线）,规范示例句,无,,培训教材列出的错误示例为：“每位工程师都应对他的代码负责。”,,无需改写,他,反面例句是教学材料本身，改写即取消教学功能,培训教材列出的错误示例为：“每位工程师都应对自己的代码负责。”,难,否,最具迷惑性的样本：正确答案恰是不改动错误示例,主集,dev,
NEG-0612,v1,六、自我认同与自称,6.1 自我描述的性别标签,规范示例（基线）,规范示例句,无,,她在演讲开场说：“我是一名女性工程师。”,,无需改写,女性工程师,当事人主动强调的自我定位，通常承载表达意图,她在演讲开场说：“我是一名工程师。”,难,否,与他人加注“女工程师”构成最小对立对,主集,dev,
NEG-0613,v1,六、自我认同与自称,6.1 自我描述的性别标签,规范示例（基线）,规范示例句,无,,我自称女汉子，这没什么不好。,,无需改写,女汉子,自称属自我认同范畴，第三方改写构成新的规训,我自称性格独立，这没什么不好,难,否,,主集,index,
NEG-0614,v1,六、自我认同与自称,6.1 自我描述的性别标签,规范示例（基线）,规范示例句,无,,他在博客里写：“作为一个男护士，我经常被问同一个问题。”,,无需改写,男护士,当事人以此身份展开叙述，是文章立论起点,他在博客里写：“作为一名护士，我经常被问同一个问题。”,难,否,,主集,index,
NEG-0615,v1,六、自我认同与自称,6.1 自我描述的性别标签,规范示例（基线）,规范示例句,无,,她把自己的公众号命名为“全职妈妈观察日记”。,,无需改写,全职妈妈,自选名号,她把自己的公众号命名为“全职家长观察日记”,中,否,,主集,index,
NEG-0616,v1,六、自我认同与自称,6.2 主动声明的性别与代词,规范示例（基线）,规范示例句,无,,他在邮件签名中注明了代词：他／他的。,,无需改写,他／他的,本人声明的代词偏好，按其声明使用即为包容,他在邮件签名中注明了代词：TA／TA的,难,否,,主集,dev,
NEG-0619,v1,六、自我认同与自称,6.3 社群内部用语,规范示例（基线）,规范示例句,无,,我们这个圈子里彼此都叫“姐妹”，不分男女。,,无需改写,姐妹,社群内部自称，具有重新挪用的性质,我们这个圈子里彼此都叫“伙伴”，不分男女,难,是,社群内可用与社群外可用的边界存在争议,主集,index,
NEG-0620,v1,六、自我认同与自称,6.4 职业与身份的自我定位,规范示例（基线）,规范示例句,无,,受访者说：“我就是个直男，审美确实一般。”,,无需改写,直男,自嘲式自称,受访者说：“我审美确实一般。”,中,否,,主集,test,
NEG-0621,v1,六、自我认同与自称,6.5 艺名、网名、角色名,规范示例（基线）,规范示例句,无,,该作者的笔名为“素心女子”，署名沿用至今。,,无需改写,素心女子,自选笔名,该作者的笔名为“素心”，署名沿用至今,易,否,,主集,dev,
NEG-0633,v1,八、语言本体层面的历史残留,8.1 字形理据,规范示例（基线）,规范示例句,无,,“他”字从人从也，其人字旁属构字理据，不表达性别主张。,,无需改写,他 / 人字旁,文字学陈述，句子本身即在澄清这一点,“他”字的构形不宜作为讨论对象,中,否,,主集,index,
NEG-0634,v1,八、语言本体层面的历史残留,8.1 字形理据,规范示例（基线）,规范示例句,无,,“好”“始”“如”等字虽从女旁，但语义与性别无关。,,无需改写,女旁,文字学事实,部分汉字的部首与语义无关,易,否,,主集,dev,
NEG-0635,v1,八、语言本体层面的历史残留,8.2 敬语传统的中性化用法,规范示例（基线）,规范示例句,无,,杨绛先生所译《堂吉诃德》流传甚广。,,无需改写,先生,“先生”用于尊称学者，是敬语传统而非性别误称,杨绛女士所译《堂吉诃德》流传甚广,难,是,该用法在青年读者中已渐生歧义，部分出版规范建议改用“女士”,主集,index,
NEG-0636,v1,八、语言本体层面的历史残留,8.2 敬语传统的中性化用法,规范示例（基线）,规范示例句,无,,叶嘉莹先生长期从事古典诗词研究与教学。,,无需改写,先生,同上，且为当事人生前通行称谓,叶嘉莹教授长期从事古典诗词研究与教学,难,是,,主集,dev,
NEG-0637,v1,八、语言本体层面的历史残留,8.2 敬语传统的中性化用法,规范示例（基线）,规范示例句,无,,这位老师姓周，学生们都称他周先生。,,无需改写,先生,方言区中“先生”指教师，已高度中性化,这位老师姓周，学生们都称他周老师,中,否,,主集,dev,
NEG-0638,v1,八、语言本体层面的历史残留,8.3 已中性化的复合词,规范示例（基线）,规范示例句,无,,会上向父老乡亲通报了工程进展。,,无需改写,父老乡亲,固定惯用语，整体泛指当地居民,会上向当地居民通报了工程进展,中,是,惯用语是否需要中性化，各规范取舍不同,主集,index,
NEG-0639,v1,八、语言本体层面的历史残留,8.3 已中性化的复合词,规范示例（基线）,规范示例句,无,,颁奖时全场男女老少一同起立鼓掌。,,无需改写,男女老少,四字格整体泛指全体在场者，非强制二元分类,颁奖时全场观众一同起立鼓掌,中,是,,主集,test,
NEG-0640,v1,八、语言本体层面的历史残留,8.4 语法性词汇,规范示例（基线）,规范示例句,无,,汉语没有性、数、格的形态变化，性别标记主要存在于书面代词与少量称谓。,,无需改写,性别标记,语言学事实陈述,汉语没有形态变化,易,否,,主集,index,
NEG-0641,v1,八、语言本体层面的历史残留,8.5 惯用搭配与固定表达,规范示例（基线）,规范示例句,无,,兄弟单位已派技术人员前来对接。,,无需改写,兄弟单位,机构间的固定惯用语,协作单位已派技术人员前来对接,中,是,争议较大，正式公文中部分单位已改用“协作单位”,主集,index,
NEG-0642,v5,一、指称已知性别的具体个人,1.1 姓名与社会称谓,医疗健康,历史科普,无,,慈禧太后晚年推行的新政，与她此前的立场有明显反差。,,无需改写,慈禧太后/她,历史人物谥号与代词,这位统治者晚年推行的新政,易,否,,主集,index,
NEG-0643,v5,一、指称已知性别的具体个人,1.1 姓名与社会称谓,文艺创作与评论,戏曲介绍,无,,梅兰芳的《贵妃醉酒》早期录音现在还能找到。,,无需改写,梅兰芳/贵妃,人名与剧目名,这位京剧艺术家的代表作录音还能找到,易,否,,主集,index,
NEG-0645,v5,一、指称已知性别的具体个人,1.1 姓名与社会称谓,口语与私人交流,家常口语,无,,我干妈住在隔壁单元，从小拿我当亲儿子。,,无需改写,干妈/亲儿子,拟亲属称谓，指具体某人,我的长辈住在隔壁单元,中,否,,主集,test,
NEG-0646,v5,一、指称已知性别的具体个人,1.1 姓名与社会称谓,社交与社区,育儿社群,网络用语,,奶爸群里聊的话题跟妈妈群完全不是一个路数。,,无需改写,奶爸/妈妈群,社群自称与实况描述,家长群里聊的话题各不相同,难,否,,主集,index,
NEG-0648,v5,一、指称已知性别的具体个人,1.2 人称代词,口语与私人交流,日常口语,无,,他俩从初中同桌到现在，认识快二十年了。,,无需改写,他俩,双数代词指两位已知男性,他们从初中同桌到现在,中,否,,主集,test,
NEG-0649,v5,一、指称已知性别的具体个人,1.2 人称代词,口语与私人交流,生活分享,无,,她俩合租了三年，上个月才各自搬出去。,,无需改写,她俩,双数代词指两位已知女性,她们合租了三年,中,否,,主集,index,
NEG-0650,v5,一、指称已知性别的具体个人,1.2 人称代词,公文与规章,护理记录,无,,患者拒绝家属代签，坚持她自己签署知情同意书。,,无需改写,她自己,强调式反身代词，指具体患者,患者坚持本人签署知情同意书,中,否,,主集,index,
NEG-0652,v5,一、指称已知性别的具体个人,1.2 人称代词,新闻报道,救援报道,无,,搜救队是被他自己的哭声引过去的，当时孩子已经喊哑了。,,无需改写,他自己,对具体获救者的描述,搜救队是被哭声引过去的,中,否,,主集,dev,
NEG-0654,v5,一、指称已知性别的具体个人,1.3 血亲与姻亲称谓,口语与私人交流,家常口语,无,,他跟我是连襟，娶的是亲姐妹俩。,,无需改写,连襟/亲姐妹,姻亲称谓，改写即失去关系信息,他跟我是亲戚关系,中,否,,主集,index,
NEG-0655,v5,一、指称已知性别的具体个人,1.3 血亲与姻亲称谓,其他,家书,无,,我堂兄在县城开了家五金店，表姐去年嫁到南边去了。,,无需改写,堂兄/表姐,旁系亲属称谓，含父系母系之别,我的亲戚在县城开了家五金店,中,否,,主集,dev,
NEG-0656,v5,一、指称已知性别的具体个人,1.3 血亲与姻亲称谓,其他,继承纠纷,无,,被继承人无子女，遗产由其侄子与外甥女按份继承。,,无需改写,侄子/外甥女,继承顺位须精确到具体亲属关系,遗产由其晚辈亲属按份继承,易,否,,主集,index,
NEG-0657,v5,一、指称已知性别的具体个人,1.3 血亲与姻亲称谓,其他,口述回忆,无,,我义父是我爸的战友，两家来往了快四十年。,,无需改写,义父/我爸,拟亲属与直系称谓,我的长辈是我父母的战友,中,否,,主集,index,
NEG-0658,v5,一、指称已知性别的具体个人,1.3 血亲与姻亲称谓,其他,宗教习俗,无,,教母在洗礼仪式中承担见证人的角色。,,无需改写,教母,宗教拟亲属角色名称,见证人在洗礼仪式中承担相应角色,易,否,,主集,index,
NEG-0659,v5,一、指称已知性别的具体个人,1.4 伴侣与恋爱关系,公文与规章,活动通知,无,,本次晚宴可携带一名男伴或女伴，请于周五前登记姓名。,,无需改写,男伴/女伴,活动规则中的既有表述,本次晚宴可携带一名同伴,中,否,,主集,test,
NEG-0661,v5,一、指称已知性别的具体个人,1.4 伴侣与恋爱关系,社交与社区,社交动态,emoji,,我跟我女朋友的恋爱纪念日和她生日就差三天🎂,,无需改写,女朋友/她,当事人对自身关系的描述,我跟我伴侣的纪念日和TA生日就差三天,难,否,,主集,test,
NEG-0662,v5,一、指称已知性别的具体个人,1.4 伴侣与恋爱关系,其他,职场观察,无,,他前女友现在是他同事，两人相处得挺自然。,,无需改写,前女友,关系事实的陈述,他前任现在是他同事,中,否,,主集,test,
NEG-0663,v5,一、指称已知性别的具体个人,1.5 社会角色中的具体个人,公文与规章,询问笔录,无,,证人系被害人邻居，女，54 岁，与双方均无利害关系。,,无需改写,女,笔录中的证人身份登记,证人系被害人邻居，54 岁,易,否,,主集,index,
NEG-0664,v5,一、指称已知性别的具体个人,1.5 社会角色中的具体个人,法律与司法,判决书,无,,被告人张某，男，1990 年生，无前科劣迹。,,无需改写,男,裁判文书的当事人信息栏,被告人张某，1990 年生,易,否,,主集,index,
NEG-0665,v5,一、指称已知性别的具体个人,1.5 社会角色中的具体个人,新闻报道,事件报道,无,,当事人是一名 19 岁的女大学生，事发时正在返校途中。,,无需改写,女大学生,案件报道中的当事人身份,当事人是一名 19 岁的大学生,中,否,,主集,index,
NEG-0666,v5,一、指称已知性别的具体个人,1.5 社会角色中的具体个人,其他,入院记录,无,,患者监护人为其父，联系电话已留存于病历首页。,,无需改写,其父,医疗文书中的监护人身份,患者监护人为其家长,易,否,,主集,test,
NEG-0667,v5,二、生理与医学必需,2.1 生殖与生育,医疗健康,病历,无,,既往孕 3 产 1，其中早产一次，自然流产一次。,,无需改写,孕产史,产科既往史的标准记法,既往有相关病史三次,易,否,,主集,dev,
NEG-0668,v5,二、生理与医学必需,2.1 生殖与生育,医疗健康,健康科普,无,,试管婴儿的成功率与女方年龄呈明显负相关。,,无需改写,女方年龄,辅助生殖的关键预后因素,试管婴儿的成功率与年龄呈负相关,中,否,,主集,index,
NEG-0669,v5,二、生理与医学必需,2.1 生殖与生育,公文与规章,哺乳咨询,无,,断奶期涨奶明显可以冷敷缓解，不建议自行服用回奶药。,,无需改写,断奶/涨奶/回奶,哺乳期护理指导,该阶段不适可冷敷缓解,易,否,,主集,test,
NEG-0670,v5,二、生理与医学必需,2.1 生殖与生育,医疗健康,法律科普,无,,我国不允许任何形式的代孕，相关协议一律无效。,,无需改写,代孕,法律禁止事项的名称,我国不允许相关行为，协议一律无效,易,否,,主集,dev,
NEG-0671,v5,二、生理与医学必需,2.1 生殖与生育,其他,检查解读,无,,抗缪勒管激素可用于评估卵巢储备功能。,,无需改写,卵巢储备,生育力评估指标,该激素可用于评估生殖功能,易,否,,主集,index,
NEG-0672,v5,二、生理与医学必需,2.1 生殖与生育,医疗健康,产科病历,无,,孕 26 周超声提示胎心消失，考虑死胎，建议尽早引产。,,无需改写,孕/死胎,临床诊断与处置意见,超声提示异常，建议尽早处理,易,否,,主集,test,
NEG-0673,v5,二、生理与医学必需,2.2 生理周期与内分泌,其他,生理卫生课,无,,男孩首次遗精的平均年龄约在 13 至 14 岁。,,无需改写,男孩/遗精,青春期发育的教学内容,首次发育的平均年龄约在 13 至 14 岁,中,否,,主集,index,
NEG-0674,v5,二、生理与医学必需,2.2 生理周期与内分泌,医疗健康,育儿科普,无,,女孩初潮之后，身高的增长速度会明显放缓。,,无需改写,女孩/初潮,生长发育规律,孩子进入青春期后身高增速会放缓,中,否,,主集,index,
NEG-0676,v5,二、生理与医学必需,2.2 生理周期与内分泌,其他,儿科诊断,无,,性早熟指女孩 8 岁前、男孩 9 岁前出现第二性征。,,无需改写,女孩/男孩/第二性征,诊断标准的界值按性别分设,性早熟指儿童过早出现第二性征,中,否,,主集,index,
NEG-0677,v5,二、生理与医学必需,2.2 生理周期与内分泌,社交与社区,健康问答,无,,绝经两年后又出血，医生让我做个子宫内膜活检。,,无需改写,绝经/子宫内膜,症状描述与检查项目,停经两年后又出血，医生让我做个活检,易,否,,主集,index,
NEG-0678,v5,二、生理与医学必需,2.3 性别特异性器官与疾病,其他,检查预约,无,,输卵管造影建议在月经干净后 3 至 7 天之内进行。,,无需改写,输卵管/月经,检查时机的临床要求,该造影建议在特定时间窗内进行,易,否,,主集,dev,
NEG-0679,v5,二、生理与医学必需,2.3 性别特异性器官与疾病,医疗健康,健康科普,无,,睾丸癌多发于 15 至 35 岁男性，自检是早期发现的主要手段。,,无需改写,睾丸癌/男性,疾病名称与好发人群,该癌症多发于 15 至 35 岁人群,易,否,,主集,index,
NEG-0680,v5,二、生理与医学必需,2.3 性别特异性器官与疾病,学术与调研,学术论文,无,,绝经后女性骨质疏松的患病率约为同龄男性的三倍。,,无需改写,女性/男性,流行病学的性别差异结论,该年龄段人群骨质疏松患病率存在差异,中,否,,主集,test,
NEG-0681,v5,二、生理与医学必需,2.3 性别特异性器官与疾病,医疗健康,心内科科普,无,,女性急性心梗更常表现为乏力和恶心而非典型胸痛，容易被漏诊。,,无需改写,女性,症状差异是漏诊防范的关键，删去则失去警示意义,急性心梗有时表现不典型，容易被漏诊,难,否,对称样本：此处保留女性恰是为纠正诊断偏差,主集,index,
NEG-0682,v5,二、生理与医学必需,2.3 性别特异性器官与疾病,其他,风湿免疫科,无,,系统性红斑狼疮的男女患病比约为 1:9。,,无需改写,男女患病比,流行病学基础数据,该病的患病率在人群中分布不均,易,否,,主集,dev,
NEG-0683,v5,二、生理与医学必需,2.4 药理与诊疗差异,其他,影像科,无,,育龄期女性行 CT 检查前应确认是否处于妊娠状态。,,无需改写,育龄期女性/妊娠,放射检查的安全核查要求,受检者行 CT 前应确认相关状态,中,否,,主集,index,
NEG-0684,v5,二、生理与医学必需,2.4 药理与诊疗差异,其他,检验解读,无,,血尿酸的参考区间男性高于女性，判读时须对应各自区间。,,无需改写,男性/女性,检验参考区间的分层,血尿酸参考区间因人而异，判读时须注意,易,否,,主集,index,
NEG-0685,v5,二、生理与医学必需,2.4 药理与诊疗差异,其他,药学,无,,肌酐清除率的估算公式中含有性别系数。,,无需改写,性别系数,公式参数，删去则无法计算,肌酐清除率的估算公式含有多个系数,易,否,,主集,dev,
NEG-0686,v5,二、生理与医学必需,2.4 药理与诊疗差异,医疗健康,说明书,无,,本品可能影响男性生育力，有生育计划者请提前告知医师。,,无需改写,男性生育力,用药风险提示,本品可能影响生育力，有计划者请告知医师,中,否,,主集,index,
NEG-0687,v5,二、生理与医学必需,2.5 性别确认医疗与性健康,其他,用药指导,无,,短效避孕药需每日固定时间服用，漏服超过 12 小时须采取补救措施。,,无需改写,避孕药,用药方案说明,该药需每日固定时间服用,易,否,,主集,test,
NEG-0690,v5,二、生理与医学必需,2.6 鉴定与研究场景,法律与司法,鉴定意见,无,,DNA 检测显示样本含 Y 染色体，可排除来自女性个体。,,无需改写,Y 染色体/女性,分子鉴定结论,DNA 检测可排除部分来源,易,否,,主集,dev,
NEG-0691,v5,二、生理与医学必需,2.6 鉴定与研究场景,学术与调研,考古报告,无,,该批人骨中男性个体 17 例，女性个体 23 例，另有 6 例无法判定。,,无需改写,男性/女性,体质人类学统计，含无法判定项,该批人骨共 46 例，其中 6 例无法判定,易,否,,主集,index,
NEG-0692,v5,三、制度性与统计性区分,3.1 法律与行政身份,公文与规章,法律咨询,无,,离婚后不满两周岁的子女，一般随母方生活。,,无需改写,母方,法定抚养原则,离婚后不满两周岁的子女，一般随一方生活,中,否,,主集,index,
NEG-0693,v5,三、制度性与统计性区分,3.1 法律与行政身份,公文与规章,出入境须知,无,,未成年人单独出境，需提交父母双方签署的同意书。,,无需改写,父母双方,办理材料要求,未成年人单独出境，需提交监护人同意书,中,否,,主集,dev,
NEG-0694,v5,三、制度性与统计性区分,3.1 法律与行政身份,法律与司法,判决主文,无,,婚生子监护权判归母方，父方每月可探视两次。,,无需改写,母方/父方,抚养与探视的判决内容,监护权判归一方，另一方每月可探视两次,易,否,,主集,index,
NEG-0695,v5,三、制度性与统计性区分,3.1 法律与行政身份,其他,收养登记,无,,收养登记需提交收养人夫妻双方的婚姻状况证明。,,无需改写,夫妻双方,登记材料的法定要求,收养登记需提交收养人的婚姻状况证明,中,否,,主集,dev,
NEG-0696,v5,三、制度性与统计性区分,3.2 劳动与社会保障,其他,劳动保护,无,,从事高温作业的女职工，孕期应当调离原岗位。,,无需改写,女职工/孕期,劳动保护条款的适用对象,从事高温作业的职工，孕期应当调离,中,否,,主集,test,
NEG-0697,v5,三、制度性与统计性区分,3.2 劳动与社会保障,其他,职业病报告,无,,尘肺病患者中男性占绝大多数，与行业用工结构直接相关。,,无需改写,男性,职业病流行病学与成因分析,尘肺病患者的分布与行业用工结构相关,中,否,,主集,index,
NEG-0698,v5,三、制度性与统计性区分,3.2 劳动与社会保障,其他,社保经办,无,,男职工未就业配偶可申领一次性生育补助。,,无需改写,男职工/配偶,待遇申领的资格条件,职工未就业配偶可申领一次性生育补助,中,否,,主集,index,
NEG-0699,v5,三、制度性与统计性区分,3.2 劳动与社会保障,公文与规章,政策通知,无,,女职工退休年龄的过渡方案将按出生年月逐步推进。,,无需改写,女职工,现行制度的准确转述,职工退休年龄的过渡方案将逐步推进,中,否,,主集,test,
NEG-0700,v5,三、制度性与统计性区分,3.3 体育竞技分级,公文与规章,赛事规程,无,,混合接力由两男两女组成，出场顺序由各队自行决定。,,无需改写,两男两女,项目规则的核心内容,混合接力由四人组成，出场顺序自定,易,否,,主集,index,
NEG-0701,v5,三、制度性与统计性区分,3.3 体育竞技分级,公文与规章,项目介绍,无,,混双冰壶每队两人，一男一女，不设替补。,,无需改写,一男一女,项目编制规定,混双冰壶每队两人，不设替补,易,否,,主集,index,
NEG-0702,v5,三、制度性与统计性区分,3.3 体育竞技分级,商业与产品,青少年赛事,无,,青少年组按年龄与性别分设，14 岁以下不分性别。,,无需改写,性别,分组规则，含不分性别的例外,青少年组按年龄分设,中,否,,主集,test,
NEG-0703,v5,三、制度性与统计性区分,3.3 体育竞技分级,其他,体育资料,无,,男子马拉松纪录与女子纪录目前相差约十分钟。,,无需改写,男子/女子,纪录分列的对比数据,马拉松的两项纪录目前相差约十分钟,易,否,,主集,index,
NEG-0704,v5,三、制度性与统计性区分,3.4 空间与设施,新闻报道,病区公告,无,,本病区为女性病房，男性陪护请在探视时间内进出。,,无需改写,女性病房/男性陪护,病区管理规定,本病区陪护请在探视时间内进出,中,是,,主集,index,
NEG-0705,v5,三、制度性与统计性区分,3.4 空间与设施,其他,校史,无,,这所女子学院 1919 年建校，2000 年起开始招收男生。,,无需改写,女子学院/男生,校名与办学沿革,这所学院 1919 年建校，2000 年起扩大招生范围,易,否,,主集,test,
NEG-0706,v5,三、制度性与统计性区分,3.4 空间与设施,公文与规章,管理规定,无,,强制隔离戒毒场所应当男女分别管理。,,无需改写,男女分别管理,法定管理要求,戒毒场所应当分区管理,易,否,,主集,test,
NEG-0708,v5,三、制度性与统计性区分,3.5 统计、监测与研究,学术与调研,人口研究,无,,女性预期寿命普遍高于男性，全球平均相差约五年。,,无需改写,女性/男性,人口学基础结论,不同人群的预期寿命存在差异,易,否,,主集,dev,
NEG-0709,v5,三、制度性与统计性区分,3.5 统计、监测与研究,学术与调研,犯罪统计,无,,故意伤害案中施暴者男性占 86%，受害者的性别分布相对均衡。,,无需改写,男性/性别分布,犯罪学统计结论,故意伤害案的施暴者与受害者构成不同,中,否,,主集,dev,
NEG-0710,v5,三、制度性与统计性区分,3.5 统计、监测与研究,其他,政治观察,无,,本届议会女性议员占比 31%，较上届提高 4 个百分点。,,无需改写,女性议员,政治参与度指标,本届议会构成较上届有所变化,易,否,,主集,test,
NEG-0711,v5,三、制度性与统计性区分,3.5 统计、监测与研究,其他,反家暴报告,无,,家暴案件受害人中女性占八成以上，男性受害人报案率则明显偏低。,,无需改写,女性/男性受害人,兼顾两个方向的统计事实,家暴案件受害人构成不均，部分群体报案率偏低,难,否,对称样本：同时保留女性占比与男性低报案率,主集,index,
NEG-0712,v5,三、制度性与统计性区分,3.5 统计、监测与研究,学术与调研,教育统计,无,,农村地区初中辍学率的性别差距近年已基本消除。,,无需改写,性别差距,教育公平的监测指标,农村地区初中辍学率的差距已基本消除,中,否,,主集,index,
NEG-0713,v5,三、制度性与统计性区分,3.6 平权、保护与专项服务,公文与规章,政策文件,无,,重大政策出台前应当开展性别影响评估。,,无需改写,性别影响评估,政策工具的正式名称,重大政策出台前应当开展影响评估,易,否,,主集,index,
NEG-0714,v5,三、制度性与统计性区分,3.6 平权、保护与专项服务,其他,财政说明,无,,性别预算要求财政支出按受益人群的性别分类统计。,,无需改写,性别预算,预算工具名称与操作要求,该预算要求财政支出按受益人群分类统计,易,否,,主集,index,
NEG-0715,v5,三、制度性与统计性区分,3.6 平权、保护与专项服务,其他,基金规则,无,,该创业基金对女性主导的团队给予额外加分。,,无需改写,女性主导,评审规则中的加分条件,该创业基金对特定团队给予额外加分,难,否,,主集,index,
NEG-0716,v5,三、制度性与统计性区分,3.6 平权、保护与专项服务,社交与社区,社区服务,无,,本市面向单亲父亲群体开设了育儿指导课程。,,无需改写,单亲父亲,服务对象界定，针对被忽视群体,本市面向单亲家庭开设了育儿指导课程,难,否,,主集,index,
NEG-0717,v5,三、制度性与统计性区分,3.7 宗教与文化传统实践,学术与调研,民俗研究,无,,这套传统礼服分男式女式，纹样与下摆长度都不相同。,,无需改写,男式/女式,形制分类,这套传统礼服有多种形制,中,否,,主集,index,
NEG-0719,v5,四、专有名词与固定名称,4.1 法律法规,公文与规章,合规培训,无,,《就业促进法》明确禁止用人单位以性别为由拒绝录用。,,无需改写,性别,法条内容,《就业促进法》禁止用人单位无理由拒绝录用,中,否,,主集,test,
NEG-0720,v5,四、专有名词与固定名称,4.1 法律法规,公文与规章,卫生政策,无,,《母婴保健法实施办法》对婚前医学检查项目作了细化。,,无需改写,母婴保健法,行政法规名称,《健康保障实施办法》对检查项目作了细化,易,否,,主集,index,
NEG-0721,v5,四、专有名词与固定名称,4.2 机构、组织与场所,医疗健康,就医指南,无,,北京妇女儿童医院的儿科急诊 24 小时开放。,,无需改写,妇女儿童医院,医院法定名称,该儿童医院的急诊 24 小时开放,易,否,,主集,index,
NEG-0722,v5,四、专有名词与固定名称,4.2 机构、组织与场所,新闻报道,招生新闻,无,,这所女子学院的护理专业今年首次招收男生。,,无需改写,女子学院/男生,校名与招生变化,这所学院的护理专业今年扩大了招生范围,中,否,,主集,test,
NEG-0723,v5,四、专有名词与固定名称,4.2 机构、组织与场所,其他,医院介绍,无,,乳腺外科从普外科独立出来只有十几年时间。,,无需改写,乳腺外科,科室法定名称,该专科从普外科独立出来只有十几年,易,否,,主集,test,
NEG-0724,v5,四、专有名词与固定名称,4.2 机构、组织与场所,新闻报道,体育新闻,无,,中国男子篮球职业联赛下赛季将扩军至 22 支球队。,,无需改写,男子篮球职业联赛,联赛正式名称,中国篮球职业联赛下赛季将扩军,易,否,,主集,test,
NEG-0726,v5,四、专有名词与固定名称,4.3 奖项、荣誉与称号,新闻报道,颁奖报道,无,,他凭这个配角拿下了本届的最佳男配角。,,无需改写,最佳男配角,奖项设置名称,他凭这个配角拿下了本届的最佳配角,易,是,,主集,test,
NEG-0727,v5,四、专有名词与固定名称,4.3 奖项、荣誉与称号,新闻报道,科技新闻,无,,中国青年女科学家奖每年评选十人，已举办二十届。,,无需改写,女科学家奖,奖项正式名称,中国青年科学家奖每年评选十人,易,否,,主集,test,
NEG-0728,v5,四、专有名词与固定名称,4.3 奖项、荣誉与称号,新闻报道,媒体观察,无,,“最美女医生”评选今年改成了“最美医务工作者”。,,无需改写,最美女医生,对更名过程的记述，两个名称都需保留,“最美医生”评选今年更名,难,否,句子本身在记录一次去性别化改名,主集,test,
NEG-0729,v5,四、专有名词与固定名称,4.4 节日与纪念日,其他,健康倡导,无,,11 月 19 日是国际男人节，男性健康是其核心议题之一。,,无需改写,国际男人节/男性健康,纪念日名称,11 月 19 日是一个国际纪念日,易,否,,主集,test,
NEG-0730,v5,四、专有名词与固定名称,4.4 节日与纪念日,公文与规章,公益宣传,无,,国际女童日的设立，是为了推动女童受教育权的实现。,,无需改写,国际女童日/女童,纪念日名称与设立宗旨,该国际纪念日的设立是为了推动受教育权,易,否,,主集,dev,
NEG-0731,v5,四、专有名词与固定名称,4.4 节日与纪念日,学术与调研,民俗介绍,无,,重阳节又称老人节，与母亲节、父亲节不同，是本土节日。,,无需改写,母亲节/父亲节,节日名称与对比说明,重阳节又称老人节，与舶来节日不同,易,否,,主集,index,
NEG-0732,v5,四、专有名词与固定名称,4.5 作品名与文化产品,文艺创作与评论,文学介绍,无,,《女勇士》是汤亭亭的代表作，被视为华裔美国文学的起点之一。,,无需改写,女勇士,书名,这部代表作被视为华裔美国文学的起点之一,易,否,,主集,dev,
NEG-0733,v5,四、专有名词与固定名称,4.5 作品名与文化产品,学术与调研,出版观察,无,,《男人来自火星，女人来自金星》曾长期占据畅销榜前列。,,无需改写,男人来自火星,书名,这本两性关系读物曾长期占据畅销榜,易,否,,主集,index,
NEG-0734,v5,四、专有名词与固定名称,4.5 作品名与文化产品,文艺创作与评论,行业评论,无,,“大女主”剧近几年数量明显增加，质量却参差不齐。,,无需改写,大女主,行业通用品类名,女性主角剧近几年数量明显增加,中,否,,主集,index,
NEG-0735,v5,四、专有名词与固定名称,4.5 作品名与文化产品,新闻报道,综艺资讯,无,,《男人帮》第二季的嘉宾阵容已经公布。,,无需改写,男人帮,节目名,该综艺第二季的嘉宾阵容已经公布,易,否,,主集,dev,
NEG-0737,v5,四、专有名词与固定名称,4.6 历史与制度术语,法律与司法,法制史,无,,休妻在唐律中有“七出”之条，同时也有“三不去”的限制。,,无需改写,休妻/七出/三不去,唐律的法定制度术语,古代离异制度既有条件也有限制,易,否,,主集,index,
NEG-0738,v5,四、专有名词与固定名称,4.6 历史与制度术语,其他,社会史,无,,女户是宋代户籍中的一类，指户内无男性成丁的家庭。,,无需改写,女户/男性成丁,历史户籍制度术语,这是宋代户籍中的一类特殊家庭,易,否,,主集,index,
NEG-0739,v5,四、专有名词与固定名称,4.6 历史与制度术语,公文与规章,制度史,无,,诰命夫人的封赠制度在明清两代都有详细规定。,,无需改写,诰命夫人,历史封赠制度名称,该封赠制度在明清两代都有详细规定,易,否,,主集,index,
NEG-0740,v5,四、专有名词与固定名称,4.6 历史与制度术语,学术与调研,考古发现,无,,妇好墓的发掘，改变了学界对商代女性地位的既有认识。,,无需改写,妇好/女性地位,墓主专名与研究结论,这座墓的发掘改变了学界对商代社会的认识,中,否,,主集,test,
NEG-0741,v5,四、专有名词与固定名称,4.6 历史与制度术语,其他,古籍讲读,无,,“男女授受不亲”出自《孟子》，原文其实有具体的语境限定。,,无需改写,男女授受不亲,经典成句，且句子在澄清其被误用,这句常被引用的话出自《孟子》,中,否,,主集,index,
NEG-0743,v5,四、专有名词与固定名称,4.7 学术与批判性概念,学术与调研,人类学,无,,母权制假说在人类学界早已不再被普遍接受。,,无需改写,母权制,学术概念名称,该假说在人类学界早已不被普遍接受,中,否,,主集,dev,
NEG-0744,v5,四、专有名词与固定名称,4.7 学术与批判性概念,学术与调研,性别研究,无,,“男性气质”研究关注的是男性同样受到的规范约束。,,无需改写,男性气质/男性,学术领域名称与研究对象,该领域研究关注的是人们受到的规范约束,难,否,删去性别会使整个研究领域失去所指,主集,index,
NEG-0745,v5,四、专有名词与固定名称,4.7 学术与批判性概念,其他,劳动社会学,无,,“粉领”指的是以女性从业者为主的服务性白领职业。,,无需改写,粉领/女性,术语定义,该术语指的是一类服务性白领职业,难,否,,主集,index,
NEG-0747,v5,四、专有名词与固定名称,4.7 学术与批判性概念,学术与调研,性别研究,无,,“荡妇羞辱”与“处女情结”在同一套观念体系里互为表里。,,无需改写,荡妇羞辱/处女情结,批判性学术术语，是分析对象,两种相关观念在同一体系里互为表里,难,否,,主集,dev,
NEG-0748,v5,四、专有名词与固定名称,4.8 品牌、产品与商业名称,其他,城市观察,无,,这家老百货至今保留着“男装部”“女鞋区”的旧称呼。,,无需改写,男装部/女鞋区,对既有标识的记述,这家老百货至今保留着旧式分区称呼,中,否,,主集,test,
NEG-0749,v5,四、专有名词与固定名称,4.8 品牌、产品与商业名称,其他,营销批评,无,,“她力量”“他经济”这类造词，近两年在文案里已经泛滥。,,无需改写,她力量/他经济,被批评的营销造词,这类性别化造词近两年在文案里已经泛滥,难,否,,主集,test,
NEG-0750,v5,四、专有名词与固定名称,4.8 品牌、产品与商业名称,其他,电商数据,无,,母婴品类的客单价高于平台平均水平约四成。,,无需改写,母婴品类,商品类目名称,该品类的客单价高于平台平均水平,易,否,,主集,index,
NEG-0752,v5,五、引用与转述,5.1 直接引语,社交与社区,社交媒体,无,,原博那句“我妈这辈子没为自己活过一天”，转发量过了十万。,,无需改写,我妈,被引用的原文,原博关于母亲一生的那句话转发量过十万,难,否,,主集,index,
NEG-0753,v5,五、引用与转述,5.1 直接引语,法律与司法,庭审证据,无,,截图里“你一个女的懂什么”这句，是全案的关键证据。,,无需改写,你一个女的懂什么,证据原文，改写即毁证,截图里那句侮辱性言论是全案关键证据,难,否,,主集,index,
NEG-0754,v5,五、引用与转述,5.1 直接引语,文艺创作与评论,演讲逐字稿,无,,她在台上说：“我父亲不识字，但他知道供女儿读书。”,,无需改写,父亲/他/女儿,演讲原话,她在台上谈到了家人对教育的支持,难,否,,主集,dev,
NEG-0755,v5,五、引用与转述,5.1 直接引语,新闻报道,乡村报道,无,,“我们村第一个考出去的女娃就是她。”老支书说这话时挺自豪。,,无需改写,女娃/她,受访者原话,“我们村第一个考出去的就是这孩子。”,难,否,,主集,dev,
NEG-0756,v5,五、引用与转述,5.1 直接引语,文艺创作与评论,播客转录,无,,他说：“我妈那代人管这叫本分，我不这么看。”,,无需改写,我妈,逐字稿，且后半句已表明立场,他说上一代人管这叫本分，他不这么看,中,否,,主集,index,
NEG-0757,v5,五、引用与转述,5.2 文献与史料,公文与规章,档案研究,无,,这份清代地契的立契人一栏写的是“孀妇李门王氏”。,,无需改写,孀妇/李门王氏,契约原文，是研究对象本身,这份清代地契的立契人一栏写的是寡居妇人,难,否,,主集,index,
NEG-0758,v5,五、引用与转述,5.2 文献与史料,其他,家书整理,无,,信末落款是“母字”，那个年代母亲写给子女的信都这么收尾。,,无需改写,母字/母亲,书信格式的历史事实,信末落款是家长的署名,中,否,,主集,test,
NEG-0759,v5,五、引用与转述,5.2 文献与史料,学术与调研,教材史,无,,1930 年代的国文课本里有“男耕女织”一课，配图是插秧与织布。,,无需改写,男耕女织,旧教材篇目名,1930 年代的国文课本里有一课讲农事,易,否,,主集,index,
NEG-0760,v5,五、引用与转述,5.2 文献与史料,学术与调研,碑刻研究,无,,这方墓志称其“事姑至孝”，反映了宋代对妇德的记述方式。,,无需改写,事姑至孝/妇德,碑刻原文与史学分析,这方墓志的记述方式反映了宋代的孝道观,中,否,,主集,index,
NEG-0761,v5,五、引用与转述,5.2 文献与史料,学术与调研,译本研究,无,,和合本中“妇女”一词的用法，与现代汉语已经有了距离。,,无需改写,妇女,对译本用词的语言学考察,该译本中相关词语的用法与现代汉语有距离,中,否,,主集,dev,
NEG-0762,v5,五、引用与转述,5.3 法律与官方文书原件,其他,合同文本,无,,合同附件载明：“乙方须为女职工提供符合规定的劳动保护。”,,无需改写,女职工,合同条款原文,合同附件载明乙方须提供劳动保护,中,否,,主集,test,
NEG-0763,v5,五、引用与转述,5.3 法律与官方文书原件,法律与司法,公证文书,无,,公证书记载：“被继承人之长女放弃继承，长子表示接受。”,,无需改写,长女/长子,公证文书原文,公证书记载一名子女放弃继承，另一名接受,中,否,,主集,index,
NEG-0764,v5,五、引用与转述,5.3 法律与官方文书原件,公文与规章,公司章程,无,,章程第八条：“监事会成员中至少应有一名女性。”,,无需改写,女性,章程条文原文，且属积极行动条款,章程第八条规定监事会构成应保持多元,中,否,,主集,test,
NEG-0765,v5,五、引用与转述,5.3 法律与官方文书原件,其他,白皮书,无,,白皮书采用了“妇女全面发展”这一表述，与国际文件措辞略有不同。,,无需改写,妇女全面发展,官方文件用语，正是比较对象,白皮书采用的表述与国际文件略有不同,难,否,,主集,test,
NEG-0766,v5,五、引用与转述,5.3 法律与官方文书原件,学术与调研,政府公报,无,,公报原文为“保障妇女儿童合法权益”，引用时不作任何改动。,,无需改写,妇女儿童,公报原文，句子本身已声明不改,公报原文涉及权益保障，引用时不作改动,难,否,,主集,index,
NEG-0767,v5,五、引用与转述,5.4 研究与调查材料,其他,田野笔记,无,,笔记里记着：这家的女人不上桌，我问了三次都被岔开话头。,,无需改写,女人,田野观察的原始记录,笔记里记着这家有分席的习惯,难,否,,主集,index,
NEG-0768,v5,五、引用与转述,5.4 研究与调查材料,学术与调研,量表说明,无,,BSRI 性别角色量表包含“有雄心”“温柔”等六十个形容词条目。,,无需改写,性别角色量表,量表名称与条目原文,该角色量表包含六十个形容词条目,中,否,,主集,dev,
NEG-0769,v5,五、引用与转述,5.4 研究与调查材料,学术与调研,访谈转录,无,,受访者说：“我妈不让我念高中，说女孩子早晚是别人家的。”,,无需改写,我妈/女孩子,转录稿属原始数据,受访者说家人不让其念高中,难,否,,主集,index,
NEG-0770,v5,五、引用与转述,5.4 研究与调查材料,学术与调研,编码记录,无,,开放式回答中，“当妈的都这样”被归入 T3 类。,,无需改写,当妈的,被编码的原始回答,开放式回答中的相关表述被归入 T3 类,中,否,,主集,test,
NEG-0771,v5,五、引用与转述,5.4 研究与调查材料,医疗健康,标注指南,结构化文本,,标注要求：含性别刻板表述的样本一律标记为 1，不作改写。,,无需改写,性别刻板表述,标注规范原文，且明确要求不改写,标注要求：含相关表述的样本标记为 1,难,否,这条本身就在规定不改写,主集,test,
NEG-0772,v5,五、引用与转述,5.5 批判性转述与举例,文艺创作与评论,社会评论,无,,“女人四十豆腐渣”这类顺口溜，本身就是年龄与性别的双重贬低。,,无需改写,女人四十豆腐渣,转述并批判该说法,这类顺口溜本身就是年龄与性别的双重贬低,难,否,,主集,test,
NEG-0773,v5,五、引用与转述,5.5 批判性转述与举例,其他,培训材料,无,,反歧视培训列了十条常见话术，第一条就是“这个岗位女生做不了”。,,无需改写,女生做不了,反面话术示例，是培训内容本身,反歧视培训列了十条常见的不当话术,难,否,,主集,dev,
NEG-0774,v5,五、引用与转述,5.5 批判性转述与举例,其他,数据标注,无,,负面样本集里包含“娘炮”“剩女”等贬抑词，用于训练识别模型。,,无需改写,娘炮/剩女,训练语料中的目标词，删去则模型无从学习,负面样本集里包含若干贬抑词,难,否,,主集,dev,
NEG-0775,v5,五、引用与转述,5.5 批判性转述与举例,新闻报道,媒体批评,无,,报道用“女司机”作标题关键词，被指强化了既有偏见。,,无需改写,女司机,被批评对象的原文,报道的标题关键词被指强化了既有偏见,难,否,,主集,index,
NEG-0777,v5,六、自我认同与自称,6.1 自我描述的性别标签,其他,简历,无,,她在简历末尾写着“职场妈妈，时间管理还行”。,,无需改写,职场妈妈,本人自选的自我描述,她在简历末尾写着“在职家长，时间管理还行”,难,否,,主集,index,
NEG-0778,v5,六、自我认同与自称,6.1 自我描述的性别标签,文艺创作与评论,人物采访,网络用语,,他管自己叫“娘man”，说这个词形容他刚刚好。,,无需改写,娘man,自选标签，且已说明贴合自身,他说自己气质比较多元,难,否,,主集,dev,
NEG-0779,v5,六、自我认同与自称,6.1 自我描述的性别标签,学术与调研,访谈,无,,“我是个女权主义者。”她说这话时没有半点迟疑。,,无需改写,女权主义者,当事人的立场自陈,她表明了自己的立场，没有半点迟疑,中,否,,主集,test,
NEG-0781,v5,六、自我认同与自称,6.1 自我描述的性别标签,其他,观点文章,无,,他自称“男性主义者”，主张男性同样应从性别议题中受益。,,无需改写,男性主义者/男性,作者的立场自陈,他主张各方同样应从性别议题中受益,难,否,,主集,index,
NEG-0782,v5,六、自我认同与自称,6.2 主动声明的性别与代词,其他,会议现场,无,,会议名牌上她自己加了一行小字：她/她的。,,无需改写,她/她的,本人主动添加的代词标注,会议名牌上她自己加了代词标识,难,否,,主集,index,
NEG-0783,v5,六、自我认同与自称,6.2 主动声明的性别与代词,其他,入职流程,无,,入职表的性别栏他留了空，HR 也没有追问。,,无需改写,性别栏,留空本身是本人的选择,入职表的性别栏未填写,中,否,,主集,test,
NEG-0785,v5,六、自我认同与自称,6.2 主动声明的性别与代词,其他,资料卡,结构化文本,,资料卡上写着“男，代词他”，是本人亲自填的。,,无需改写,男/代词他,本人填写的声明,资料卡上的信息是本人亲自填的,难,否,,主集,index,
NEG-0786,v5,六、自我认同与自称,6.3 社群内部用语,文艺创作与评论,文化评论,无,,“腐女”在圈内是自称，圈外用起来就容易变味。,,无需改写,腐女,社群自称，句子已说明内外有别,这类称呼在圈内是自称，圈外使用需谨慎,中,是,,主集,test,
NEG-0787,v5,六、自我认同与自称,6.3 社群内部用语,其他,平台观察,网络用语,,“姐妹”这个词在美妆区已经不分性别了。,,无需改写,姐妹,用语实况描述,这一称呼在美妆区已经不分性别,中,是,,主集,index,
NEG-0789,v5,六、自我认同与自称,6.3 社群内部用语,工程与技术,网络文化,网络用语,,“打工人”不分男女，“社畜”也一样。,,无需改写,男女,网络自称的去性别化说明,这两个网络自称都不分性别,中,否,,主集,dev,
NEG-0790,v5,六、自我认同与自称,6.4 职业与身份的自我定位,文艺创作与评论,人物采访,无,,“我是个男的，做月嫂第七年了。”他说完自己先笑了。,,无需改写,男的/月嫂,受访者自述，且在打破职业性别预期,“我做月嫂第七年了。”他说完自己先笑了,难,否,,主集,test,
NEG-0791,v5,六、自我认同与自称,6.4 职业与身份的自我定位,文艺创作与评论,纪录片,无,,“作为一个女船长，我最烦的问题就是你怎么会干这行。”,,无需改写,女船长,受访者自我定位，是全段主旨,“作为一名船长，我最烦的问题是……”,难,否,,主集,test,
NEG-0792,v5,六、自我认同与自称,6.4 职业与身份的自我定位,其他,职场观察,无,,她在名片上印了“女性工程师”，说这是她自己的选择。,,无需改写,女性工程师,本人的主动选择，句子已明说,她在名片上印了“工程师”,难,否,,主集,test,
NEG-0793,v5,六、自我认同与自称,6.4 职业与身份的自我定位,学术与调研,访谈,无,,“全职妈妈也是一种职业。”她在采访里强调了三遍。,,无需改写,全职妈妈,受访者的核心主张,“全职家长也是一种职业。”,难,否,,主集,test,
NEG-0795,v5,六、自我认同与自称,6.5 艺名、网名、角色名,其他,平台观察,无,,这个 ID 叫“隔壁王阿姨”，博主其实是个二十岁的男生。,,无需改写,王阿姨/男生,账号名与本人身份的反差正是信息点,这个 ID 与博主本人身份不符,难,否,,主集,test,
NEG-0824,v5,八、语言本体层面的历史残留,8.1 字形理据,其他,词义演变,无,,“娘”字本义是年轻女子，后来才专门用来指母亲。,,无需改写,娘,词义演变的语言学事实,这个字的本义与后起义不同,中,否,,主集,test,
NEG-0825,v5,八、语言本体层面的历史残留,8.1 字形理据,学术与调研,古汉语,无,,“你”和“您”在古汉语里没有对应的性别分化。,,无需改写,你/您/性别分化,语言史事实,这两个第二人称在古汉语里没有分化,中,否,,主集,test,
NEG-0826,v5,八、语言本体层面的历史残留,8.1 字形理据,学术与调研,文字学,无,,“姓”从女、生声，与母系社会的说法有关，但不能直接等同。,,无需改写,姓/女/母系社会,形声结构与学术审慎表述,该字的构形与早期社会结构有关,中,否,,主集,dev,
NEG-0827,v5,八、语言本体层面的历史残留,8.1 字形理据,其他,古文字,无,,“妻”字的甲骨文字形，学界至今有不同解释。,,无需改写,妻,古文字研究对象,该字的甲骨文字形，学界至今有不同解释,中,否,,主集,test,
NEG-0828,v5,八、语言本体层面的历史残留,8.2 敬语传统的中性化用法,学术与调研,方言调查,方言,,南方一些地方管中医、账房都叫“先生”，是职业敬称。,,无需改写,先生,方言中的职业敬称,南方一些地方对这些职业有专门敬称,中,否,,主集,index,
NEG-0829,v5,八、语言本体层面的历史残留,8.2 敬语传统的中性化用法,其他,行业观察,无,,“师父”这个称呼在很多行当里都不分性别。,,无需改写,师父,已中性化的称谓,这个称呼在很多行当里都不分性别,中,否,,主集,test,
NEG-0830,v5,八、语言本体层面的历史残留,8.2 敬语传统的中性化用法,其他,语言观察,无,,饭馆里管老板娘也直接叫“老板”，现在越来越普遍。,,无需改写,老板娘/老板,称谓演变的实况描述,饭馆里的称呼现在越来越统一,中,否,,主集,index,
NEG-0831,v5,八、语言本体层面的历史残留,8.2 敬语传统的中性化用法,学术与调研,学术史,无,,学界称许广平为“许先生”，是当时的通例。,,无需改写,许先生,历史称谓事实,学界对其的称呼是当时的通例,难,是,,主集,test,
NEG-0832,v5,八、语言本体层面的历史残留,8.3 已中性化的复合词,学术与调研,语用说明,无,,“子女”是中性词，不必再改成别的说法。,,无需改写,子女,句子本身在说明该词无需改写,这个词是中性的，不必再改,中,否,元层面样本：改写它构成自相矛盾,主集,index,
NEG-0833,v5,八、语言本体层面的历史残留,8.3 已中性化的复合词,其他,文章用语,无,,文中的“父辈”泛指上一代人，并不专指父亲。,,无需改写,父辈/父亲,用词说明,文中的这一称呼泛指上一代人,中,否,,主集,dev,
NEG-0834,v5,八、语言本体层面的历史残留,8.3 已中性化的复合词,学术与调研,语用说明,无,,“兄弟姐妹”作整体泛指时，不涉及具体的性别构成。,,无需改写,兄弟姐妹,四字格的整体泛指用法,这个词作整体泛指时不涉及具体构成,中,是,,主集,index,
NEG-0837,v5,八、语言本体层面的历史残留,8.4 语法性词汇,学术与调研,民俗词源,无,,“妈祖”的“妈”是尊称语素，不作亲属义理解。,,无需改写,妈祖/妈,专名构词说明,这一专名中的成分不作字面理解,中,否,,主集,index,
NEG-0838,v5,八、语言本体层面的历史残留,8.4 语法性词汇,学术与调研,语言学教材,无,,德语名词分三性，“女孩”一词偏偏是中性，常被拿来当例子。,,无需改写,三性/女孩,语法性属的经典例证,德语名词分三性，常有名实不符的例子,中,否,,主集,test,
NEG-0839,v5,八、语言本体层面的历史残留,8.4 语法性词汇,学术与调研,翻译研究,无,,阿拉伯语动词随主语性别变位，译成中文时一律不体现。,,无需改写,性别变位,跨语言对比,阿拉伯语动词随主语变位，译成中文不体现,易,否,,主集,index,
NEG-0840,v5,八、语言本体层面的历史残留,8.5 惯用搭配与固定表达,学术与调研,语用说明,无,,“男女老少”是个四字整体，不是在做二分。,,无需改写,男女老少,固定语的整体用法说明,这个四字词是整体表达，不是在做二分,中,是,,主集,dev,
NEG-0841,v5,八、语言本体层面的历史残留,8.5 惯用搭配与固定表达,其他,文章分析,无,,“夫唱妇随”在这篇文章里是被批评的对象，不是主张。,,无需改写,夫唱妇随,句子本身在澄清立场,这个成语在文中是被批评的对象,难,否,,主集,index,
NEG-0843,v5,八、语言本体层面的历史残留,8.5 惯用搭配与固定表达,其他,职场用语,无,,“娘家人”在很多场合已经泛指原单位或原团队。,,无需改写,娘家人,词义泛化的实况描述,这个词在很多场合已泛指原单位,中,是,,主集,test,
NEG-0844,v5,九、假触发词（形似而非）,9.1 建筑与工程构件,其他,消防检查,无,,子母门的常闭扇平时锁死，消防检查时必须能打开。,,无需改写,子母门,门型名称,双扇门的常闭扇平时锁死,易,否,,主集,index,
NEG-0846,v5,九、假触发词（形似而非）,9.2 机械电气与器件,工程与技术,电气施工,无,,母排与支路的连接处要做绝缘包扎。,,无需改写,母排,电气元件名称,汇流排与支路的连接处要做绝缘包扎,易,否,,主集,index,
NEG-0849,v5,九、假触发词（形似而非）,9.3 生物农业与育种,其他,种子检验,无,,这批种子的父母本纯度检测报告在附件里。,,无需改写,父母本,育种检验术语,这批种子的亲本纯度检测报告在附件里,中,否,,主集,index,
NEG-0850,v5,九、假触发词（形似而非）,9.3 生物农业与育种,工程与技术,植物学,无,,雄蕊和雌蕊长在同一朵花里的，叫两性花。,,无需改写,雄蕊/雌蕊/两性花,植物解剖学术语,两种花蕊长在同一朵花里的叫两性花,易,否,,主集,index,
NEG-0851,v5,九、假触发词（形似而非）,9.3 生物农业与育种,其他,宠物医疗,无,,公狗和母狗的免疫程序基本一致，绝育时间有差别。,,无需改写,公狗/母狗,动物性别的临床区分,犬类的免疫程序基本一致，绝育时间有差别,中,否,,主集,dev,
NEG-0852,v5,九、假触发词（形似而非）,9.3 生物农业与育种,其他,苗木繁育,无,,从母株扦插繁殖出来的苗，性状比较稳定。,,无需改写,母株,园艺术语,从原株扦插繁殖出来的苗性状比较稳定,易,否,,主集,dev,
NEG-0853,v5,九、假触发词（形似而非）,9.3 生物农业与育种,医疗健康,中药科普,无,,益母草是常用中药，但并非只有女性能用。,,无需改写,益母草/女性,药名与用药说明，句子在破除误解,这味常用中药并非只有特定人群能用,难,否,,主集,test,
NEG-0854,v5,九、假触发词（形似而非）,9.4 计算机与数学,工程与技术,前端开发,无,,这个叫父容器，里面嵌的都是子容器。,,无需改写,父容器/子容器,布局术语,这个叫外层容器，里面嵌的都是内层容器,易,否,,主集,test,
NEG-0855,v5,九、假触发词（形似而非）,9.4 计算机与数学,其他,数据仓库,无,,维度表和事实表之间是父子关系，靠主键关联。,,无需改写,父子关系,数据建模术语,两类表之间是层级关系，靠主键关联,中,否,,主集,test,
NEG-0856,v5,九、假触发词（形似而非）,9.4 计算机与数学,其他,办公技巧,无,,母版幻灯片改一次，全篇的版式都会跟着变。,,无需改写,母版,演示软件功能名称,模板幻灯片改一次，全篇版式都会变,易,否,,主集,test,
NEG-0857,v5,九、假触发词（形似而非）,9.5 组织与商业术语,工程与技术,酿造工艺,无,,这批酒的母液回收之后还能再用两轮。,,无需改写,母液,化工与酿造术语,这批酒的原液回收之后还能再用两轮,易,否,,主集,dev,
NEG-0858,v5,九、假触发词（形似而非）,9.5 组织与商业术语,医疗健康,军事科普,无,,航空母舰的甲板长度直接决定了舰载机的起降方式。,,无需改写,航空母舰,装备正式名称,大型舰艇的甲板长度决定舰载机起降方式,易,否,,主集,index,
NEG-0859,v5,九、假触发词（形似而非）,9.5 组织与商业术语,学术与调研,语言学习,无,,母语者的语感很难只靠语法书获得。,,无需改写,母语者,语言学术语,第一语言使用者的语感很难只靠语法书获得,中,否,,主集,dev,
NEG-0860,v5,九、假触发词（形似而非）,9.6 固定词与成语,口语与私人交流,带教口语,无,,“老母鸡带小鸡”常用来形容师傅带徒弟。,,无需改写,老母鸡带小鸡,俗语原文,这句俗语常用来形容师傅带徒弟,中,否,,主集,index,
NEG-0862,v5,九、假触发词（形似而非）,9.7 专名、地名与商标,其他,园林绿化,无,,女贞是常见的绿化树种，冬天也不落叶。,,无需改写,女贞,植物学名,这种常见绿化树种冬天也不落叶,易,否,,主集,dev,
NEG-0865,v6,一、指称已知性别的具体个人,1.1 姓名与社会称谓,口语与私人交流,科室口语,无,,我们科护士长姓吴，大家都叫她吴姐。,,无需改写,她/吴姐,对具体同事的称呼,我们科护士长姓吴，大家都这么叫,难,否,,主集,test,
NEG-0868,v6,一、指称已知性别的具体个人,1.1 姓名与社会称谓,口语与私人交流,邻里口语,无,,外婆管隔壁那位叫“三婶儿”，其实两家没亲戚关系。,,无需改写,外婆/三婶儿,拟亲属称谓的实况描述,长辈管隔壁那位有个专门叫法,难,否,,主集,test,
NEG-0869,v6,一、指称已知性别的具体个人,1.1 姓名与社会称谓,其他,工作沟通,无,,这位是甲方对接人周总，她今天到现场。,,无需改写,周总/她,对具体合作方人员的指称,这位是甲方对接人周总，其今天到现场,中,否,,主集,test,
NEG-0870,v6,一、指称已知性别的具体个人,1.1 姓名与社会称谓,工程与技术,物流通知,缩略,,快递单收件人写的是“王小姐”，人不在就放驿站。,,无需改写,王小姐,单据上的既有信息,快递单收件人信息如无人签收就放驿站,中,否,,主集,index,
NEG-0871,v6,一、指称已知性别的具体个人,1.1 姓名与社会称谓,文艺创作与评论,讣告,无,,讣告落款署“孝男某某泣血稽颡”，是旧式格式。,,无需改写,孝男,丧仪文书的固定格式,讣告落款用的是旧式格式,中,否,,主集,index,
NEG-0872,v6,一、指称已知性别的具体个人,1.2 人称代词,口语与私人交流,日常口语,无,,你问她干嘛，她自己都不知道明天几点走。,,无需改写,她,指称在场双方已知的具体某人,你问TA干嘛，TA自己都不知道,难,否,,主集,test,
NEG-0873,v6,一、指称已知性别的具体个人,1.2 人称代词,口语与私人交流,家常口语,无,,孩子他妈今天加班，我来接。,,无需改写,孩子他妈,口语中对配偶的指称方式,孩子的家长今天加班，我来接,难,否,,主集,index,
NEG-0874,v6,一、指称已知性别的具体个人,1.2 人称代词,其他,工作对话,无,,甲方那边谁负责？——她，穿蓝衣服那个。,,无需改写,她,现场指认某个具体的人,甲方那边谁负责？——那位穿蓝衣服的,难,否,,主集,dev,
NEG-0875,v6,一、指称已知性别的具体个人,1.2 人称代词,其他,课堂,无,,这题他会做，让他上来讲一遍。,,无需改写,他,指称班上某位具体学生,这题这位同学会做，让他上来讲,中,否,,主集,test,
NEG-0876,v6,一、指称已知性别的具体个人,1.2 人称代词,新闻报道,人物特写,无,,两位老人身体都还硬朗，她七十八，他八十一。,,无需改写,她/他,分别指称两位具体老人，改写会混淆,两位老人身体都还硬朗，分别是七十八和八十一,难,否,,主集,dev,
NEG-0877,v6,一、指称已知性别的具体个人,1.2 人称代词,口语与私人交流,家常口语,无,,别问了，她不愿意提这事。,,无需改写,她,指称具体某人,别问了，TA不愿意提这事,难,否,,主集,dev,
NEG-0879,v6,一、指称已知性别的具体个人,1.2 人称代词,社交与社区,社交动态,拼音缩写,,她说她一个人也能扛，我信 dbq 我多嘴了,,无需改写,她,指称具体某人，含网络缩写,TA说TA一个人也能扛,难,否,,主集,dev,
NEG-0881,v6,一、指称已知性别的具体个人,1.3 血亲与姻亲称谓,口语与私人交流,家常口语,无,,我姑父是木匠，家里的家具都是他打的。,,无需改写,姑父/他,姻亲称谓，特指姑母的配偶,我家长辈是木匠，家具都是他打的,中,否,,主集,index,
NEG-0882,v6,一、指称已知性别的具体个人,1.3 血亲与姻亲称谓,口语与私人交流,生活分享,无,,婶婶做的酸菜，我一次能吃两碗。,,无需改写,婶婶,父系姻亲称谓,家里长辈做的酸菜，我一次能吃两碗,中,否,,主集,index,
NEG-0884,v6,一、指称已知性别的具体个人,1.3 血亲与姻亲称谓,口语与私人交流,家常口语,无,,丈母娘住得近，孩子多亏她帮着带。,,无需改写,丈母娘/她,姻亲称谓，无中性对应词,岳家长辈住得近，孩子多亏帮着带,中,否,,主集,dev,
NEG-0886,v6,一、指称已知性别的具体个人,1.3 血亲与姻亲称谓,口语与私人交流,家常口语,无,,大姨子把她那套房子租出去了。,,无需改写,大姨子/她,姻亲称谓，特指妻子的姐姐,亲戚把那套房子租出去了,中,否,,主集,test,
NEG-0887,v6,一、指称已知性别的具体个人,1.3 血亲与姻亲称谓,口语与私人交流,家常口语,无,,弟媳妇是护士，值夜班比较多。,,无需改写,弟媳妇,姻亲称谓,家里的亲属是护士，值夜班比较多,中,否,,主集,test,
NEG-0888,v6,一、指称已知性别的具体个人,1.3 血亲与姻亲称谓,其他,家庭介绍,无,,这是我们家老三，我大哥的女儿。,,无需改写,大哥/女儿,家族排行与亲属关系,这是我们家老三，我兄长的孩子,中,否,,主集,dev,
NEG-0889,v6,一、指称已知性别的具体个人,1.3 血亲与姻亲称谓,其他,口述回忆,无,,继父待我不薄，这一点我一直记着。,,无需改写,继父,再婚家庭的亲属称谓,长辈待我不薄，这一点我一直记着,难,否,,主集,index,
NEG-0890,v6,一、指称已知性别的具体个人,1.3 血亲与姻亲称谓,文艺创作与评论,人物采访,无,,养父母把我供到大学，这份情我一辈子还不完。,,无需改写,养父母,收养关系的称谓,家人把我供到大学，这份情我还不完,中,否,,主集,dev,
NEG-0892,v6,一、指称已知性别的具体个人,1.3 血亲与姻亲称谓,学术与调研,口述历史,无,,他跟我是同父异母，小时候没在一块儿长大。,,无需改写,同父异母,血缘关系的精确表述,他跟我是同一个家庭出来的,难,否,改写会直接说错血缘关系,主集,dev,
NEG-0893,v6,一、指称已知性别的具体个人,1.3 血亲与姻亲称谓,口语与私人交流,宗族口语,无,,族里排辈分，我得管他叫叔，其实比我小两岁。,,无需改写,叔,宗族辈分称谓,族里排辈分，我得管他叫长辈,中,否,,主集,index,
NEG-0894,v6,一、指称已知性别的具体个人,1.3 血亲与姻亲称谓,口语与私人交流,家常口语,无,,外甥女考上美院那年，我姐哭了半宿。,,无需改写,外甥女/我姐,旁系亲属称谓,家里孩子考上美院那年，我姐妹哭了半宿,中,否,,主集,index,
NEG-0895,v6,一、指称已知性别的具体个人,1.3 血亲与姻亲称谓,医疗健康,历史科普,无,,“公公”在旧小说里也指宦官，不只是丈夫的父亲。,,无需改写,公公/丈夫,一词多义的说明，两义都需保留,这一称呼在旧小说里另有所指,难,否,,主集,test,
NEG-0896,v6,一、指称已知性别的具体个人,1.4 伴侣与恋爱关系,新闻报道,人物特写,无,,老伴走了三年，他还是每天做两个人的饭。,,无需改写,老伴/他,对具体人物的描写,伴侣走了三年，他还是做两个人的饭,中,否,,主集,test,
NEG-0899,v6,一、指称已知性别的具体个人,1.4 伴侣与恋爱关系,其他,语言观察,无,,“结发妻子”这个说法，现在基本只在书面上见得到。,,无需改写,结发妻子,对旧称谓的语用观察,这类旧式称谓现在只在书面上见得到,中,否,,主集,test,
NEG-0900,v6,一、指称已知性别的具体个人,1.4 伴侣与恋爱关系,新闻报道,人物特写,无,,她初恋是高中同桌，后来去了外地。,,无需改写,她/初恋,对具体经历的叙述,TA初恋是高中同桌，后来去了外地,中,否,,主集,test,
NEG-0902,v6,一、指称已知性别的具体个人,1.4 伴侣与恋爱关系,其他,婚礼筹备,无,,未婚夫家里在张罗婚礼，她只管人到就行。,,无需改写,未婚夫/她,关系称谓与具体安排,伴侣家里在张罗婚礼，TA只管人到,难,否,,主集,test,
NEG-0903,v6,一、指称已知性别的具体个人,1.4 伴侣与恋爱关系,新闻报道,人物特写,无,,登记那天他俩谁都没请假，中午吃了碗面。,,无需改写,他俩,对具体两人的叙述,登记那天两人谁都没请假,中,否,,主集,test,
NEG-0904,v6,一、指称已知性别的具体个人,1.5 社会角色中的具体个人,其他,寻人启事,缩略,,走失老人，女，约七十岁，穿深蓝色外套。,,无需改写,女,寻人信息的关键识别特征,走失老人，约七十岁，穿深蓝色外套,易,否,删去性别会直接影响寻人效果,主集,test,
NEG-0905,v6,一、指称已知性别的具体个人,1.5 社会角色中的具体个人,其他,献血记录,结构化文本,,献血者信息：男，28 岁，血型 O。,,无需改写,男,采供血的登记字段,献血者信息：28 岁，血型 O,易,否,,主集,dev,
NEG-0906,v6,一、指称已知性别的具体个人,1.5 社会角色中的具体个人,其他,工作交接,无,,这个岗位现在是一位女同事在做，交接会安排在下周。,,无需改写,女同事,介绍具体在岗人员,这个岗位现在有同事在做，交接安排在下周,难,否,,主集,dev,
NEG-0907,v6,一、指称已知性别的具体个人,1.5 社会角色中的具体个人,公文与规章,警情通报,无,,嫌疑人为两男一女，目前均已被控制。,,无需改写,两男一女,通报中的嫌疑人构成,嫌疑人共三名，目前均已被控制,易,否,,主集,index,
NEG-0908,v6,二、生理与医学必需,2.1 生殖与生育,公文与规章,疫苗咨询,无,,哺乳期妈妈接种这个疫苗不用停奶。,,无需改写,哺乳期妈妈,接种建议的适用人群,哺乳期人群接种这个疫苗不用停奶,中,否,,主集,test,
NEG-0909,v6,二、生理与医学必需,2.1 生殖与生育,医疗健康,产后医嘱,无,,产后 42 天要回医院做一次复查。,,无需改写,产后,产褥期随访要求,术后 42 天要回医院做一次复查,易,否,,主集,index,
NEG-0910,v6,二、生理与医学必需,2.1 生殖与生育,其他,生殖科,无,,男方精液常规异常的，建议禁欲 3 至 5 天后复查。,,无需改写,男方/精液,检查复查的操作要求,复查前建议禁欲 3 至 5 天,易,否,,主集,index,
NEG-0911,v6,二、生理与医学必需,2.1 生殖与生育,口语与私人交流,生活分享,无,,我表姐做了三次试管才成功，中间受了不少罪。,,无需改写,表姐/试管,当事人经历的转述,我亲戚做了三次试管才成功,中,否,,主集,dev,
NEG-0912,v6,二、生理与医学必需,2.2 生理周期与内分泌,医疗健康,健康科普,无,,经期前后情绪波动大，跟激素水平变化有关。,,无需改写,经期,生理机制说明,这一阶段情绪波动大，跟激素变化有关,易,否,,主集,dev,
NEG-0913,v6,二、生理与医学必需,2.2 生理周期与内分泌,其他,内分泌科,无,,甲状腺功能异常在女性中更常见，筛查阈值也不一样。,,无需改写,女性,流行病学差异与筛查依据,甲状腺功能异常的筛查阈值因人而异,中,否,,主集,test,
NEG-0914,v6,二、生理与医学必需,2.2 生理周期与内分泌,其他,医学争鸣,无,,“男性更年期”这个说法在医学界一直存在争议。,,无需改写,男性更年期,术语名称，句子本身在讨论其争议,这一说法在医学界一直存在争议,中,是,,主集,index,
NEG-0915,v6,二、生理与医学必需,2.3 性别特异性器官与疾病,医疗健康,门诊解释,无,,乳腺结节 3 类以下一般随访就行，不用急着处理。,,无需改写,乳腺结节,疾病分类与处置建议,这类结节 3 类以下一般随访就行,易,否,,主集,test,
NEG-0916,v6,二、生理与医学必需,2.3 性别特异性器官与疾病,医疗健康,妇科门诊,无,,子宫肌瘤要不要手术，主要看大小和有没有症状。,,无需改写,子宫肌瘤,疾病名称与手术指征,这类肌瘤要不要手术，主要看大小和症状,易,否,,主集,index,
NEG-0917,v6,二、生理与医学必需,2.3 性别特异性器官与疾病,医疗健康,健康科普,无,,男性也会得骨质疏松，只是发病年龄通常晚十年左右。,,无需改写,男性,破除“骨质疏松是女性病”的常见误解,骨质疏松的发病年龄因人而异,难,否,对称样本：删去男性即消灭一条纠偏信息,主集,index,
NEG-0918,v6,二、生理与医学必需,2.3 性别特异性器官与疾病,医疗健康,泌尿科科普,无,,尿路感染在女性中更高发，与尿道解剖结构有关。,,无需改写,女性,发病率差异及其解剖学原因,尿路感染的发病率与解剖结构有关,中,否,,主集,index,
NEG-0919,v6,二、生理与医学必需,2.4 药理与诊疗差异,公文与规章,用药交代,无,,这个药孕妇禁用，哺乳期需要权衡利弊。,,无需改写,孕妇/哺乳期,用药禁忌分级,这个药特殊时期禁用，其他情况权衡利弊,易,否,,主集,index,
NEG-0920,v6,二、生理与医学必需,2.4 药理与诊疗差异,其他,急诊科,无,,女性血容量相对小，同等失血量下休克来得更快。,,无需改写,女性,临床判断依据,血容量小的患者，同等失血量下休克更快,中,否,,主集,dev,
NEG-0921,v6,二、生理与医学必需,2.4 药理与诊疗差异,其他,儿科用药,无,,这类药的给药剂量按体重计算，与性别无关。,,无需改写,性别,剂量依据的说明，句子本身在排除性别,这类药的给药剂量按体重计算,中,否,元层面样本：明说不按性别，改写反而删掉了这条信息,主集,dev,
NEG-0922,v6,二、生理与医学必需,2.5 性别确认医疗与性健康,其他,健康教育,无,,安全套是唯一能同时预防怀孕和性传播疾病的方式。,,无需改写,怀孕/性传播疾病,公共卫生知识要点,这一措施能同时预防两类风险,易,否,,主集,index,
NEG-0923,v6,二、生理与医学必需,2.5 性别确认医疗与性健康,其他,性教育课,无,,青少年性教育应当包含男女双方的生理知识。,,无需改写,男女双方,教学内容的完整性要求,青少年性教育应当包含相关生理知识,中,否,,主集,index,
NEG-0924,v6,二、生理与医学必需,2.6 鉴定与研究场景,其他,法医学,无,,骨龄片可以推断年龄，性别判断主要看骨盆形态。,,无需改写,性别判断,鉴定方法的分工说明,骨龄片可以推断年龄，其他特征另作判断,易,否,,主集,test,
NEG-0925,v6,二、生理与医学必需,2.6 鉴定与研究场景,其他,标本管理,结构化文本,,这批标本按性别和年龄段分组编号保存。,,无需改写,性别,标本管理的分组依据,这批标本按年龄段分组编号保存,易,否,,主集,test,
NEG-0926,v6,三、制度性与统计性区分,3.1 法律与行政身份,医疗健康,法律科普,无,,孩子随父姓还是随母姓，法律上都可以。,,无需改写,父姓/母姓,姓氏选择权的法律说明,孩子随哪一方姓，法律上都可以,中,否,,主集,index,
NEG-0927,v6,三、制度性与统计性区分,3.1 法律与行政身份,其他,婚姻登记,无,,办理结婚登记时，男女双方须同时到场。,,无需改写,男女双方,登记程序的法定要求,办理结婚登记时，双方须同时到场,中,否,,主集,dev,
NEG-0928,v6,三、制度性与统计性区分,3.1 法律与行政身份,公文与规章,法律咨询,无,,收养关系成立后，养子女与生父母之间的权利义务终止。,,无需改写,养子女/生父母,法律关系的准确表述,收养关系成立后，与原家庭的权利义务终止,中,否,,主集,index,
NEG-0929,v6,三、制度性与统计性区分,3.2 劳动与社会保障,其他,劳动保护,无,,女职工人数超过一定规模的单位应当设置卫生室。,,无需改写,女职工,设施配置的法定条件,职工人数超过一定规模的单位应设卫生室,中,否,,主集,test,
NEG-0930,v6,三、制度性与统计性区分,3.2 劳动与社会保障,公文与规章,政策比较,无,,男性护理假各省规定不一，短的 7 天，长的 30 天。,,无需改写,男性护理假,现行制度的准确转述,护理假各省规定不一，从 7 天到 30 天,中,是,,主集,index,
NEG-0931,v6,三、制度性与统计性区分,3.2 劳动与社会保障,公文与规章,HR 答疑,无,,产假期间的社保由单位继续按月缴纳。,,无需改写,产假,假期期间的待遇规定,休假期间的社保由单位继续缴纳,易,否,,主集,index,
NEG-0932,v6,三、制度性与统计性区分,3.3 体育竞技分级,公文与规章,项目介绍,无,,花样滑冰双人滑与冰舞的男女分工并不相同。,,无需改写,男女分工,项目规则说明,花样滑冰两个项目的分工并不相同,中,否,,主集,index,
NEG-0933,v6,三、制度性与统计性区分,3.3 体育竞技分级,新闻报道,赛事新闻,无,,这个项目今年首次设女子组，报名人数超出预期。,,无需改写,女子组,赛事设项的变化,这个项目今年首次增设新组别,中,否,,主集,index,
NEG-0934,v6,三、制度性与统计性区分,3.3 体育竞技分级,其他,体操知识,无,,男子体操有六个单项，女子体操是四个。,,无需改写,男子/女子,项目设置的事实差异,体操的单项数量各组不同,易,否,,主集,dev,
NEG-0935,v6,三、制度性与统计性区分,3.4 空间与设施,公文与规章,校园管理,无,,男女宿舍分楼栋管理，晚上十一点关楼门。,,无需改写,男女宿舍,宿舍管理规定,学生宿舍分楼栋管理，十一点关门,中,是,,主集,test,
NEG-0936,v6,三、制度性与统计性区分,3.4 空间与设施,其他,医院介绍,无,,这家医院设了男性关爱门诊，主要看男科相关问题。,,无需改写,男性关爱门诊/男科,科室名称与诊疗范围,这家医院设了专科门诊,中,否,,主集,index,
NEG-0937,v6,三、制度性与统计性区分,3.5 统计、监测与研究,学术与调研,社会调查,无,,农村留守儿童中，母亲外出务工的比例逐年上升。,,无需改写,母亲,留守问题研究的关键变量,农村留守儿童中，家长外出务工比例上升,中,否,,主集,index,
NEG-0938,v6,三、制度性与统计性区分,3.5 统计、监测与研究,其他,安全生产,无,,男性在高危职业中的占比接近九成。,,无需改写,男性,职业风险分布的统计事实,高危职业的从业者构成较为集中,中,否,,主集,test,
NEG-0939,v6,三、制度性与统计性区分,3.5 统计、监测与研究,学术与调研,时间利用调查,无,,女性从事无酬照料劳动的时间是男性的两倍多。,,无需改写,女性/男性,时间利用调查的核心结论,不同群体从事无酬照料劳动的时间差异明显,中,否,,主集,index,
NEG-0940,v6,三、制度性与统计性区分,3.5 统计、监测与研究,学术与调研,调查方法,无,,本次抽样中男性受访者的应答率低于女性，需做加权处理。,,无需改写,男性/女性,应答偏差与加权依据,本次抽样中部分群体应答率偏低，需加权处理,中,否,,主集,index,
NEG-0941,v6,三、制度性与统计性区分,3.6 平权、保护与专项服务,公文与规章,助学项目,无,,这个奖学金专门资助西部地区的女童完成义务教育。,,无需改写,女童,资助对象界定,这个奖学金专门资助西部地区儿童,难,否,,主集,test,
NEG-0942,v6,三、制度性与统计性区分,3.6 平权、保护与专项服务,公文与规章,统计制度,无,,分性别数据的常规采集，是性别政策评估的前提。,,无需改写,分性别数据,统计制度的基础要求,分类数据的常规采集是政策评估的前提,难,否,,主集,dev,
NEG-0943,v6,三、制度性与统计性区分,3.6 平权、保护与专项服务,社交与社区,社区试点,无,,本市试点为男性家长提供家庭教育指导服务。,,无需改写,男性家长,服务对象界定，针对参与不足的群体,本市试点为家长提供家庭教育指导服务,难,否,,主集,dev,
NEG-0944,v6,四、专有名词与固定名称,4.1 法律法规,公文与规章,政策解读,无,,《中国妇女发展纲要》提出了若干量化的阶段目标。,,无需改写,妇女发展纲要,纲要正式名称,《发展纲要》提出了若干量化目标,易,否,,主集,test,
NEG-0945,v6,四、专有名词与固定名称,4.1 法律法规,其他,劳动法培训,无,,《劳动法》对女职工和未成年工设有专章规定。,,无需改写,女职工,法律章节的正式表述,《劳动法》对特殊群体设有专章规定,中,否,,主集,index,
NEG-0946,v6,四、专有名词与固定名称,4.2 机构、组织与场所,新闻报道,本地新闻,无,,省妇幼保健院上个月搬到新址了。,,无需改写,妇幼保健院,机构法定名称,省保健院上个月搬到新址了,易,否,,主集,dev,
NEG-0947,v6,四、专有名词与固定名称,4.2 机构、组织与场所,其他,校史,无,,这所学校原名“女子师范学堂”，1952 年才改的名。,,无需改写,女子师范学堂,历史校名，改写会使沿革失真,这所学校原名师范学堂，1952 年改名,易,否,,主集,index,
NEG-0948,v6,四、专有名词与固定名称,4.2 机构、组织与场所,医疗健康,就医常识,无,,男科和泌尿外科在很多医院是合并设置的。,,无需改写,男科,科室名称,泌尿外科在很多医院是合并设置的,易,否,,主集,index,
NEG-0949,v6,四、专有名词与固定名称,4.3 奖项、荣誉与称号,新闻报道,媒体考据,无,,“最美妈妈”这个称号是当年媒体起的，不是官方评选。,,无需改写,最美妈妈,称号原文，句子本身在作考订,这个称号是当年媒体起的，不是官方评选,中,否,,主集,test,
NEG-0951,v6,四、专有名词与固定名称,4.4 节日与纪念日,其他,健康倡导,无,,世界卵巢癌日是每年的 5 月 8 日。,,无需改写,卵巢癌日,纪念日正式名称,这个疾病日是每年 5 月 8 日,易,否,,主集,index,
NEG-0952,v6,四、专有名词与固定名称,4.4 节日与纪念日,医疗健康,行业科普,无,,国际护士节与南丁格尔有关，跟护士的性别没有关系。,,无需改写,护士节/性别,节日由来说明，句子在澄清误解,国际护士节与南丁格尔有关,中,否,,主集,index,
NEG-0954,v6,四、专有名词与固定名称,4.5 作品名与文化产品,文艺创作与评论,文学讲读,无,,《傲慢与偏见》开头那句关于单身男子的话，几乎人人会背。,,无需改写,单身男子,小说开篇原文的指涉,《傲慢与偏见》的开篇那句话几乎人人会背,中,否,,主集,test,
NEG-0955,v6,四、专有名词与固定名称,4.5 作品名与文化产品,学术与调研,书目介绍,无,,《小妇人》里四个姐妹各有各的路。,,无需改写,小妇人/姐妹,书名与人物关系,《小妇人》里四个孩子各有各的路,易,否,,主集,test,
NEG-0956,v6,四、专有名词与固定名称,4.6 历史与制度术语,其他,思想史,无,,“三纲五常”里的“夫为妻纲”，是后世争议最大的一条。,,无需改写,夫为妻纲,历史概念原文，且句子已含批判,“三纲五常”中有一条是后世争议最大的,中,否,,主集,index,
NEG-0957,v6,四、专有名词与固定名称,4.6 历史与制度术语,法律与司法,法制史,无,,寡妇再嫁在不同朝代的法律待遇差别很大。,,无需改写,寡妇再嫁,历史制度的研究对象,再婚在不同朝代的法律待遇差别很大,中,否,,主集,dev,
NEG-0958,v6,四、专有名词与固定名称,4.6 历史与制度术语,学术与调研,历史评论,无,,古代的“和亲”，本质上是以女性为纽带的政治安排。,,无需改写,和亲/女性,历史制度及其批判性分析,古代的“和亲”本质上是一种政治安排,难,否,,主集,dev,
NEG-0959,v6,四、专有名词与固定名称,4.7 学术与批判性概念,学术与调研,劳动研究,无,,“男主外女主内”作为分析概念时，指的是一种劳动分工模式。,,无需改写,男主外女主内,术语在学术语境中的界定,这一分工模式作为分析概念时另有所指,难,否,,主集,test,
NEG-0960,v6,四、专有名词与固定名称,4.7 学术与批判性概念,学术与调研,性别研究,无,,“性别表达”和“性别认同”是两个概念，不能混用。,,无需改写,性别表达/性别认同,学科基本术语的辨析,这两个相关概念不能混用,易,否,,主集,index,
NEG-0961,v6,四、专有名词与固定名称,4.7 学术与批判性概念,其他,术语辨析,无,,“厌女”是学术译名，与日常说的讨厌女性不是一回事。,,无需改写,厌女,术语说明，句子在澄清误读,这一学术译名与日常理解不是一回事,难,否,,主集,index,
NEG-0962,v6,五、引用与转述,5.1 直接引语,其他,追悼会,无,,他在追悼会上说：“我妈一辈子没求过人。”,,无需改写,我妈,悼词原话,他在追悼会上回忆了母亲的一生,难,否,,主集,index,
NEG-0963,v6,五、引用与转述,5.1 直接引语,其他,职场记录,无,,群里那句“这活儿交给男生吧”，后来被截图发到了内网。,,无需改写,男生,被举报的原话,群里那句带倾向性的话被截图发到内网,难,否,,主集,dev,
NEG-0964,v6,五、引用与转述,5.1 直接引语,其他,口述回忆,无,,“姑娘家读书没用”，这话我奶奶说过，我妈没说过。,,无需改写,姑娘家/奶奶/妈,引语＋两代人的对比，是全句要点,这类话我家上一辈说过，我妈没说过,难,否,,主集,index,
NEG-0966,v6,五、引用与转述,5.2 文献与史料,公文与规章,家书档案,无,,这封民国家书的抬头写的是“慈母大人膝下”。,,无需改写,慈母大人膝下,书信抬头的原文,这封民国家书用的是旧式抬头,中,否,,主集,dev,
NEG-0967,v6,五、引用与转述,5.2 文献与史料,学术与调研,谱牒研究,无,,族谱里女性只记“某氏”不记名，是相当普遍的体例。,,无需改写,女性/某氏,史料体例的客观描述，是批判的前提,族谱里部分成员只记姓不记名，是普遍体例,难,否,,主集,test,
NEG-0968,v6,五、引用与转述,5.3 法律与官方文书原件,其他,合同范本,无,,劳动合同范本第七条涉及女职工三期保护的内容。,,无需改写,女职工三期,合同条款的法定内容,劳动合同范本第七条涉及特殊时期保护,中,否,,主集,test,
NEG-0969,v6,五、引用与转述,5.3 法律与官方文书原件,法律与司法,裁判文书,无,,判决书写明：“被告应于本判决生效后十日内向原告之母支付赡养费。”,,无需改写,原告之母,判决主文原文,判决书写明被告应向原告家属支付赡养费,中,否,,主集,dev,
NEG-0970,v6,五、引用与转述,5.3 法律与官方文书原件,公文与规章,转发通知,无,,通报原文是“侵害妇女儿童权益的违法行为”，转发时按原文。,,无需改写,妇女儿童,通报原文，句子本身已声明照原文转发,通报原文涉及权益侵害，转发时按原文,难,否,,主集,index,
NEG-0971,v6,五、引用与转述,5.4 研究与调查材料,学术与调研,预调查报告,无,,预调查发现，“您配偶的职业”这一题女性的填答率更高。,,无需改写,配偶/女性,题目原文与填答行为差异,预调查发现某一题的填答率存在差异,难,否,,主集,test,
NEG-0972,v6,五、引用与转述,5.4 研究与调查材料,学术与调研,访谈分析,无,,访谈里她反复说“我们女的”，这个自称本身就值得分析。,,无需改写,我们女的,受访者自称，是分析对象,访谈里她反复使用某个自称，值得分析,难,否,,主集,index,
NEG-0973,v6,五、引用与转述,5.4 研究与调查材料,学术与调研,量表说明,无,,反向计分题包括“男人不该哭”这一条。,,无需改写,男人不该哭,量表条目原文,反向计分题包括一条关于情绪表达的陈述,难,否,,主集,index,
NEG-0974,v6,五、引用与转述,5.5 批判性转述与举例,学术与调研,研究假设,无,,“女性更适合做辅助性工作”是本研究要检验的假设，不是结论。,,无需改写,女性更适合做辅助性工作,待检验假设，句子已明确区分,本研究要检验的是一个关于分工的假设,难,否,,主集,test,
NEG-0975,v6,五、引用与转述,5.5 批判性转述与举例,学术与调研,教材编写,无,,教材把“护士姐姐”“医生叔叔”列为需要修改的表述。,,无需改写,护士姐姐/医生叔叔,被列举的待改示例，本身不能改,教材列出了若干需要修改的职业称呼,难,否,,主集,test,
NEG-0976,v6,五、引用与转述,5.5 批判性转述与举例,公文与规章,话术治理,无,,客服话术库里“美女您好”已被标记为待替换。,,无需改写,美女您好,被标记的原话术，删掉则无从替换,客服话术库里有一条称呼已被标记为待替换,难,否,,主集,test,
NEG-0977,v6,五、引用与转述,5.5 批判性转述与举例,学术与调研,论文附录,无,,附录列出了 32 个高频性别刻板词，供后续研究使用。,,无需改写,性别刻板词,研究资源说明,附录列出了 32 个高频词，供后续研究使用,中,否,,主集,index,
NEG-0978,v6,六、自我认同与自称,6.1 自我描述的性别标签,文艺创作与评论,人物采访,无,,她说自己是“半个女汉子”，另外半个还挺爱哭。,,无需改写,女汉子,自选标签与自我调侃,她说自己性格里有刚强也有柔软,难,否,,主集,index,
NEG-0979,v6,六、自我认同与自称,6.1 自我描述的性别标签,口语与私人交流,个人简介,无,,他简介里写着“两个女儿的爸爸，业余跑马拉松”。,,无需改写,女儿/爸爸,本人撰写的自我介绍,他简介里写着“两个孩子的家长，业余跑马拉松”,难,否,,主集,index,
NEG-0980,v6,六、自我认同与自称,6.1 自我描述的性别标签,学术与调研,访谈实录,无,,“我不是女强人，我只是没得选。”她说这话时很平静。,,无需改写,女强人,受访者的自我否定式表述,“我不是什么强人，我只是没得选。”,难,否,,主集,dev,
NEG-0981,v6,六、自我认同与自称,6.2 主动声明的性别与代词,其他,平台设置,无,,她把社交平台的性别一栏改成了“不愿透露”。,,无需改写,性别/不愿透露,本人的隐私选择,她把社交平台的资料改成了不公开,中,否,,主集,dev,
NEG-0982,v6,六、自我认同与自称,6.2 主动声明的性别与代词,其他,会务,无,,邀请函问是否需要标注代词，他勾了“是”。,,无需改写,代词/他,本人的主动选择,邀请函问是否需要标注，他勾了“是”,中,否,,主集,index,
NEG-0983,v6,六、自我认同与自称,6.2 主动声明的性别与代词,口语与私人交流,口语声明,无,,“叫我名字就行，别加什么女士先生。”,,无需改写,女士先生,当事人对称呼的明确要求,“叫我名字就行，别加称谓。”,难,否,,主集,dev,
NEG-0984,v6,六、自我认同与自称,6.3 社群内部用语,社交与社区,游戏社区,网络用语,,这个公会里管新人一律叫“小妹妹”，男女都这么叫。,,无需改写,小妹妹/男女,社区用语实况，句子已说明不分性别,这个公会里管新人有统一的称呼,中,是,,主集,index,
NEG-0985,v6,六、自我认同与自称,6.3 社群内部用语,其他,平台观察,网络用语,,“美妆姐妹”这个叫法，后来男性用户也接受了。,,无需改写,美妆姐妹/男性用户,称呼泛化的过程记述,这个社区称呼后来被更多用户接受,中,是,,主集,test,
NEG-0986,v6,六、自我认同与自称,6.3 社群内部用语,学术与调研,方言观察,方言,,“老铁”在东北话里不分男女，谁都能这么叫。,,无需改写,男女,方言词的去性别化说明,“老铁”在东北话里谁都能这么叫,中,否,,主集,index,
NEG-0987,v6,六、自我认同与自称,6.4 职业与身份的自我定位,文艺创作与评论,纪录片,无,,“作为一个女焊工，我最常听到的一句是别累着。”,,无需改写,女焊工,受访者自我定位，是叙述前提,“作为一个焊工，我最常听到的是别累着。”,难,否,,主集,test,
NEG-0988,v6,六、自我认同与自称,6.4 职业与身份的自我定位,新闻报道,人物特写,无,,他做了十年幼儿园老师，名片上印的是“孩子王”。,,无需改写,他/孩子王,本人自选的名片用语,这位做了十年幼儿园老师，名片印着“孩子王”,中,否,,主集,test,
NEG-0989,v6,六、自我认同与自称,6.4 职业与身份的自我定位,学术与调研,访谈,无,,“我是全职爸爸”这句话，他说了六年才不用再解释。,,无需改写,全职爸爸,当事人自述及其处境,“我是全职家长”这句话，他说了六年,难,否,,主集,test,
NEG-0990,v6,六、自我认同与自称,6.5 艺名、网名、角色名,其他,平台观察,无,,她的网名叫“某某他妈”，孩子上初中之后也没改。,,无需改写,他妈,用户自选网名,她的网名多年没改过,中,否,,主集,index,
NEG-0991,v6,六、自我认同与自称,6.5 艺名、网名、角色名,学术与调研,出版信息,无,,“半夏女史”这个笔名是她自己取的，用了十几年。,,无需改写,半夏女史,自选笔名,“半夏”这个笔名是她自己取的,中,否,,主集,index,
NEG-1008,v6,八、语言本体层面的历史残留,8.1 字形理据,学术与调研,文字学,无,,“婚”字从女从昏，与古时黄昏成礼的说法有关。,,无需改写,婚/女,构字理据的学术说明,这个字的构形与古时的成礼时辰有关,中,否,,主集,index,
NEG-1009,v6,八、语言本体层面的历史残留,8.1 字形理据,学术与调研,文字学,无,,“男”字从田从力，是个会意字。,,无需改写,男/田/力,构字法说明,这个字是会意字，由两个部件构成,易,否,,主集,index,
NEG-1010,v6,八、语言本体层面的历史残留,8.1 字形理据,其他,语言史,无,,“她”字造出来之前，书面上一律写“伊”或者“他”。,,无需改写,她/伊/他,汉字史事实,这个字造出来之前，书面上另有写法,中,否,,主集,dev,
NEG-1011,v6,八、语言本体层面的历史残留,8.2 敬语传统的中性化用法,学术与调研,语用观察,无,,过去管女教师也叫“先生”，现在这个用法在减少。,,无需改写,女教师/先生,称谓演变的客观描述,过去对教师有统一的敬称，现在用法在减少,难,是,,主集,test,
NEG-1012,v6,八、语言本体层面的历史残留,8.2 敬语传统的中性化用法,口语与私人交流,行业口语,无,,中医馆里病人管坐诊的都叫“老师”，不分男女。,,无需改写,男女,行业称呼的实况,中医馆里病人管坐诊的都叫“老师”,中,否,,主集,index,
NEG-1014,v6,八、语言本体层面的历史残留,8.3 已中性化的复合词,公文与规章,政策用语,无,,“男女平等”是政策术语，不是在强调二分。,,无需改写,男女平等,术语说明，句子本身在澄清,这一政策术语不是在强调二分,难,否,,主集,test,
NEG-1015,v6,八、语言本体层面的历史残留,8.3 已中性化的复合词,其他,讲话稿,无,,“父老”在讲话稿里泛指当地群众，没有特指。,,无需改写,父老,固定用语的语用说明,这个词在讲话稿里泛指当地群众,中,是,,主集,index,
NEG-1016,v6,八、语言本体层面的历史残留,8.3 已中性化的复合词,其他,成语解释,无,,“儿女情长”里的“儿女”并不指具体的子女。,,无需改写,儿女,成语中的泛化用法,这个成语里的相关词并不指具体子女,中,否,,主集,dev,
NEG-1017,v6,八、语言本体层面的历史残留,8.4 语法性词汇,学术与调研,翻译研究,无,,西班牙语的 amigo 和 amiga 有性别之分，中文的“朋友”没有。,,无需改写,amigo/amiga/性别,跨语言对比,西班牙语相关词有形态区分，中文没有,易,否,,主集,dev,
NEG-1018,v6,八、语言本体层面的历史残留,8.4 语法性词汇,学术与调研,术语讨论,无,,“处女膜”是解剖学旧称，现在已有人主张改用“阴道瓣”。,,无需改写,处女膜/阴道瓣,术语更名的记述，两个名称都需保留,这一解剖结构现在已有新的命名主张,难,是,句子本身在记录一次术语更名,主集,dev,
NEG-1019,v6,八、语言本体层面的历史残留,8.4 语法性词汇,学术与调研,翻译笔记,无,,泰语的敬语助词男女不同，译成中文时通常省略。,,无需改写,男女,语法差异说明,泰语的敬语助词因人而异，中文通常省略,中,否,,主集,index,
NEG-1020,v6,八、语言本体层面的历史残留,8.5 惯用搭配与固定表达,医疗健康,法律科普,无,,“父债子还”是旧说法，在法律上并不成立。,,无需改写,父债子还,俗语原文，且句子已否定其效力,这类旧说法在法律上并不成立,难,否,,主集,index,
NEG-1021,v6,八、语言本体层面的历史残留,8.5 惯用搭配与固定表达,学术与调研,语用观察,无,,“娘子军”现在多用来形容全女性团队，褒贬要看语境。,,无需改写,娘子军/女性团队,词语的当代用法说明,这个词现在多用来形容特定团队,中,是,,主集,index,
NEG-1022,v6,九、假触发词（形似而非）,9.2 机械电气与器件,工程与技术,电气施工,无,,接地母线要与建筑物基础钢筋可靠连接。,,无需改写,母线,电气术语,接地干线要与建筑物基础钢筋可靠连接,易,否,,主集,dev,
NEG-1028,v6,九、假触发词（形似而非）,9.4 计算机与数学,工程与技术,运维口语,结构化文本,,父目录的权限设成 755 就够用了。,,无需改写,父目录,文件系统术语,上级目录的权限设成 755 就够用,易,否,,主集,test,
NEG-1029,v6,九、假触发词（形似而非）,9.4 计算机与数学,文艺创作与评论,设计软件,无,,InDesign 里叫“主页”的功能，PPT 里叫“母版”。,,无需改写,母版,软件功能名称，两个名称都需保留,这个功能在不同软件里叫法不同,中,否,,主集,test,
NEG-1030,v6,九、假触发词（形似而非）,9.5 组织与商业术语,医疗健康,航天科普,无,,航天器的母舱与子舱是配套设计的。,,无需改写,母舱/子舱,航天工程术语,航天器的主舱与分舱是配套设计的,易,否,,主集,test,
NEG-1032,v6,九、假触发词（形似而非）,9.6 固定词与成语,其他,农业文献,无,,“处女地”在农业文献里指的是未经开垦的土地。,,无需改写,处女地,固定词，语义已完全引申,“荒地”在农业文献里指未经开垦的土地,中,是,,主集,dev,
NEG-1033,v6,九、假触发词（形似而非）,9.7 专名、地名与商标,学术与调研,语用辨析,无,,“娘娘腔”是贬义词，“娘娘庙”不是。,,无需改写,娘娘腔/娘娘庙,同一语素在两处的性质完全不同，句子本身在作区分,这两个词的性质完全不同,难,否,单句内同时含真假触发词，是最直接的鉴别样本,主集,index,
NEG-1036,v6,九、假触发词（形似而非）,9.5 组织与商业术语,其他,二语习得,无,,母语迁移是二语习得研究的核心议题之一。,,无需改写,母语迁移,语言学术语,第一语言迁移是二语习得的核心议题,中,否,,主集,index,
NEG-1037,v6,九、假触发词（形似而非）,9.8 度量衡与其他引申,学术与调研,语用辨析,无,,“公道”这个词跟性别没有半点关系。,,无需改写,公道/性别,句子本身在说明该词不涉性别,这个词跟性别没有关系,难,否,元层面样本：改写它构成自相矛盾,主集,index,
