编号,来源版本,L1类别,L2子类,载体形式,指向性别,叠加类别,语体大类,语体,噪声类型,文本长度,输入句子,参考改写,期望标签,问题触发词,问题说明,可接受的其他改法,欠改陷阱（改了但没改到位）,过改陷阱（矫枉过正）,必须保留的信息,严重度,难度,是否争议,备注,处置,切分,处置理由
POS-0001,v3,一、缺省预设（信息缺位处默认为男性）,1.1 泛指人称代词,常规句,不特指,,公文与规章,政务办事指南,无,中,参保人办理变更登记后，他应在三十日内补交完税证明。,参保人办理变更登记后，应在三十日内补交完税证明。,需改写,他,参保人为不特定对象，性别未知，默认用“他”属男性预设。,改为“本人应在三十日内”；或“应由参保人在三十日内”,改成“他／她”，仍保留二元穷举,把“三十日”“完税证明”一并简化，损失办事要件,三十日期限、完税证明、变更登记,应改,易,否,,主集,dev,
POS-0002,v3,一、缺省预设（信息缺位处默认为男性）,1.1 泛指人称代词,常规句,不特指,,商业与产品,产品帮助文档,无,中,当用户完成注册，他会收到一封激活邮件，他需要点击其中的链接完成验证。,用户完成注册后会收到一封激活邮件，点击其中的链接即可完成验证。,需改写,他（两处）,同句两处泛指“他”，中文承前省略即可，无须代词。,“注册完成后，系统会发送激活邮件，点击链接即可验证”,只改前一处，后一处“他需要”未动,把“激活邮件”改成“通知”，丢失具体动作,激活邮件、点击链接、完成验证,应改,易,否,多触发点样本,主集,dev,
POS-0003,v3,一、缺省预设（信息缺位处默认为男性）,1.1 泛指人称代词,常规句,指向男性,,公文与规章,学生手册,无,中,学生若对期末成绩有异议，他可在成绩公布后一周内向教务处申请复核。,学生若对期末成绩有异议，可在成绩公布后一周内向教务处申请复核。,需改写,他,条件句主语已明确为“学生”，代词冗余且带预设。,改为“本人可在……”,替换为“他/她可在”,把“教务处”改为“相关部门”，丢失办理主体,一周期限、教务处、申请复核,应改,易,否,,主集,index,
POS-0004,v3,一、缺省预设（信息缺位处默认为男性）,1.1 泛指人称代词,常规句,不特指,,学术与调研,问卷指导语,无,中,受访者需回忆他最近一次求职经历，并按提示逐项作答。,受访者需回忆本人最近一次求职经历，并按提示逐项作答。,需改写,他,受访者性别未知，问卷指导语应中性。,“回忆自己最近一次求职经历”,改为“他／她”,把“逐项作答”删掉，丢失作答要求,最近一次求职经历、逐项作答,应改,中,否,,主集,test,
POS-0005,v3,一、缺省预设（信息缺位处默认为男性）,1.1 泛指人称代词,常规句,不特指,,社交与社区,经验贴,网络用语,中,面试官一般先看候选人的项目经历，然后他才会问技术细节，别慌orz,面试官一般先看候选人的项目经历，然后才会问技术细节，别慌orz,需改写,他,泛指面试官，中文可直接承前省略。,“……之后才问技术细节”,保留“他”只加括注,顺手删掉“orz”与口语语气，改变语体,项目经历优先、技术细节在后、口语语气与 orz,应改,中,否,改写只针对性别问题，不修正语体噪声,主集,index,
POS-0006,v3,一、缺省预设（信息缺位处默认为男性）,1.1 泛指人称代词,常规句,不特指,,公文与规章,政务热线工单,无,中,来电人反映其小区电梯故障，他要求三日内答复处理进度。,来电人反映其小区电梯故障，要求三日内答复处理进度。,需改写,他,工单中来电人性别未记录，默认用他属预设。,“要求三日内答复”，承前省略,改成“他/她要求”,把三日答复这一诉求删掉,三日内答复、电梯故障、处理进度,应改,易,否,,主集,index,
POS-0007,v3,一、缺省预设（信息缺位处默认为男性）,1.1 泛指人称代词,常规句,不特指,,法律与司法,仲裁须知,无,中,被申请人收到通知书后，他应当在十五日内提交答辩书。,被申请人收到通知书后，应当在十五日内提交答辩书。,需改写,他,法律文书中泛指程序主体，代词冗余且带预设。,“被申请人应于收到通知书之日起十五日内答辩”,改为“他/她应当”,把十五日期限改成“及时”，丢失法定期间,十五日、答辩书、收到通知书起算,应改,易,否,,主集,test,
POS-0008,v3,一、缺省预设（信息缺位处默认为男性）,1.1 泛指人称代词,常规句,不特指,,工程与技术,运维手册,缩略,中,值班工程师发现告警后，他需10min内确认是否误报。,值班工程师发现告警后，需10min内确认是否误报。,需改写,他,岗位泛指，代词可直接省略。,“告警发现后10min内需完成误报确认”,改成“他/她需10min内”,把10min改成“十分钟”，改变原文缩略风格,10min 时限、确认是否误报、缩略写法,应改,易,否,保留缩略,主集,index,
POS-0009,v3,一、缺省预设（信息缺位处默认为男性）,1.2 领属与反身形式,常规句,不特指,,公文与规章,企业规章,无,中,每位员工进入厂区必须佩戴他的工牌，否则保安有权劝返。,员工进入厂区必须佩戴本人工牌，否则保安有权劝返。,需改写,他的,领属形式“他的”指向不特定员工。,“须佩戴工牌”，直接省略领属,改为“他/她的工牌”,把“保安有权劝返”删除，丢失后果条款,佩戴工牌、保安有权劝返,应改,易,否,,主集,test,
POS-0010,v3,一、缺省预设（信息缺位处默认为男性）,1.2 领属与反身形式,常规句,不特指,,文艺创作与评论,图书腰封文案,无,中,每一位读者都会在这本书里找到属于他自己的答案。,每一位读者都会在这本书里找到属于自己的答案。,需改写,他自己,反身形式冗余，删去一个字即可，是最小改动样本。,“找到自己的答案”,改成“他／她自己”，反而更累赘,把“每一位读者”改成“读者们”，削弱句子力度,每一位读者、找到答案的意象,应改,易,否,最小改动典型样本,主集,index,
POS-0011,v3,一、缺省预设（信息缺位处默认为男性）,1.2 领属与反身形式,常规句,不特指,,公文与规章,行政审批须知,无,中,申请人须对他所提交材料的真实性承担法律责任。,申请人须对所提交材料的真实性承担法律责任。,需改写,他所,公文体中领属代词可直接删除。,“须对本人提交材料的真实性……”,改为“他/她所提交”,把“法律责任”弱化为“责任”，丢失法律性质,材料真实性、法律责任,应改,易,否,,主集,index,
POS-0012,v3,一、缺省预设（信息缺位处默认为男性）,1.2 领属与反身形式,常规句,不特指,,口语与私人交流,毕业致辞,无,中,每个人都要为他的选择负责，这话我送给今天在座的同学们。,每个人都要为自己的选择负责，这话我送给今天在座的同学们。,需改写,他的,“他的”改“自己的”，语义完全不变。,“为自己做的决定负责”,改成“他/她的选择”,把整句改成书面语，破坏致辞口吻,为选择负责的主旨、致辞口吻,应改,易,否,,主集,index,
POS-0013,v3,一、缺省预设（信息缺位处默认为男性）,1.2 领属与反身形式,常规句,不特指,,商业与产品,用户协议,无,中,用户应妥善保管他的账号密码，因保管不善造成的损失由其自行承担。,用户应妥善保管本人账号密码，因保管不善造成的损失由其自行承担。,需改写,他的,协议文本中领属代词指向不特定用户。,“应妥善保管账号密码”，直接省略,改成“他/她的账号密码”,把责任条款删掉，丢失协议效力,妥善保管义务、损失自担的责任划分,应改,易,否,,主集,dev,
POS-0014,v3,一、缺省预设（信息缺位处默认为男性）,1.2 领属与反身形式,常规句,不特指,,学术与调研,论文方法部分,无,中,每位被试需在实验前签署他自己的知情同意书。,每位被试需在实验前签署本人知情同意书。,需改写,他自己,反身形式冗余，学术文体宜用“本人”。,“被试须于实验前签署知情同意书”,改成“他/她自己的”,把知情同意这一伦理程序删掉,实验前签署、知情同意书,应改,易,否,,主集,test,
POS-0015,v3,一、缺省预设（信息缺位处默认为男性）,1.2 领属与反身形式,常规句,不特指,,口语与私人交流,家长会发言,无,中,每个孩子都有他自己的节奏，家长别太焦虑。,每个孩子都有自己的节奏，家长别太焦虑。,需改写,他自己,删去一字即可，最小改动样本。,“孩子各有各的节奏”,改成“他或她自己的”，破坏口语流畅,把“别太焦虑”删掉，丢失发言意图,孩子节奏各异、劝家长别焦虑,应改,易,否,,主集,test,
POS-0016,v3,一、缺省预设（信息缺位处默认为男性）,1.3 职业角色的默认代词,常规句,不特指,,商业与产品,电话客服话术,无,中,您稍等，我让负责这块的工程师看一下，他马上给您回电话。,您稍等，我让负责这块的工程师看一下，稍后给您回电话。,需改写,工程师／他,该工程师是谁尚未确定，默认男性属职业性别预设。,“让工程师看一下，会尽快回电”,保留“他”，只在后面补一句说明,把“马上／稍后”删掉，丢失时效承诺,回电承诺、时效表述、客服礼貌语气,应改,中,否,,主集,index,
POS-0017,v3,一、缺省预设（信息缺位处默认为男性）,1.3 职业角色的默认代词,常规句,不特指,,医疗健康,门诊导医,无,中,护士待会儿过来，她会先给您量个血压再登记。,护士待会儿过来，会先给您量个血压再登记。,需改写,护士／她,默认护士为女性同属职业预设，方向相反、性质相同。,“护士稍后会来量血压并登记”,只把“她”改成“他”,把“量血压”“登记”合并简化，丢失流程,量血压、登记两个步骤的先后,应改,中,否,反向预设样本，与 2.2 对照,主集,index,
POS-0018,v3,一、缺省预设（信息缺位处默认为男性）,1.3 职业角色的默认代词,常规句,不特指,,公文与规章,新生入学指引,无,中,新生遇到问题可以找辅导员，他会帮你对接宿管和教务。,新生遇到问题可以找辅导员，辅导员会帮你对接宿管和教务。,需改写,辅导员／他,辅导员尚未指明具体人员，代词带预设。,“找辅导员，可协助对接宿管和教务”,改为“他／她会帮你”,把“宿管和教务”并成“相关部门”，丢失指向,对接宿管、对接教务,应改,中,否,,主集,index,
POS-0019,v3,一、缺省预设（信息缺位处默认为男性）,1.3 职业角色的默认代词,常规句,不特指,,商业与产品,销售流程说明,缩略,中,客户经理会跟进您的需求，他通常2h内回复。,客户经理会跟进您的需求，通常2h内回复。,需改写,客户经理／他,泛指岗位，代词冗余。,“客户经理跟进后通常2h内回复”,改成“他/她通常2h内回复”,把“2h”改写为“两小时”，改变原文缩略风格,2h 时效承诺与缩略写法,应改,中,否,保留缩略噪声,主集,dev,
POS-0021,v3,一、缺省预设（信息缺位处默认为男性）,1.3 职业角色的默认代词,常规句,不特指,,公文与规章,校园通知,无,中,心理老师每周三下午坐班，她会为同学们提供一对一咨询。,心理老师每周三下午坐班，为同学们提供一对一咨询。,需改写,心理老师／她,默认心理教师为女性，与默认工程师为男性同性质。,“每周三下午由心理老师提供一对一咨询”,只把“她”改成“他”,把周三下午这一时间删掉，丢失通知要素,每周三下午、一对一咨询,应改,中,否,反向预设,主集,index,
POS-0022,v3,一、缺省预设（信息缺位处默认为男性）,1.3 职业角色的默认代词,常规句,不特指,,商业与产品,装修合同附件,无,中,项目经理确认水电点位后，他将安排工人进场。,项目经理确认水电点位后，将安排工人进场。,需改写,项目经理／他,岗位泛指，代词冗余。,“确认水电点位后由项目经理安排进场”,改成“他/她将安排”,把水电点位这一节点删掉，丢失工序,确认水电点位、安排工人进场的先后,应改,中,否,,主集,test,
POS-0023,v3,一、缺省预设（信息缺位处默认为男性）,1.4 家庭角色的默认指派,常规句,指向女性,,口语与私人交流,家校微信群,emoji,中,请各位妈妈明天下午三点前到校门口接孩子，不要迟到🙏,请各位家长明天下午三点前到校门口接孩子，不要迟到🙏,需改写,各位妈妈,接送不专属母亲，以妈妈代指全体家长排除其他监护人。,“各位家长／各位监护人”,改成“各位爸爸妈妈”，仍排除其他监护人,删掉 emoji，改变群消息语气,三点前、校门口、不要迟到、emoji,应改,易,否,保留 emoji 噪声,主集,dev,
POS-0024,v3,一、缺省预设（信息缺位处默认为男性）,1.4 家庭角色的默认指派,结构化文本,双向,,公文与规章,校园回执单,结构化文本,中,【回执】活动报名表下方请爸爸或妈妈签字确认，交由班主任收齐。,【回执】活动报名表下方请监护人签字确认，交由班主任收齐。,需改写,爸爸或妈妈,并非所有学生由父母双方抚养，应使用监护人。,“请家长签字确认”,改成“请父母双方签字”，反而更严格,去掉【回执】标记，破坏结构化格式,【回执】标记、签字确认、交班主任收齐,应改,易,否,,主集,test,
POS-0025,v3,一、缺省预设（信息缺位处默认为男性）,1.4 家庭角色的默认指派,常规句,指向女性,,商业与产品,母婴产品文案,无,中,宝宝辅食添加，妈妈们一定要注意这三点。,宝宝辅食添加，家长一定要注意这三点。,需改写,妈妈们,把育儿责任默认给母亲，是母婴品类的高频写法。,“照护者需注意这三点”,改成“宝妈们”，问题未变,把“这三点”删掉，丢失下文承接,辅食添加主题、三点的承接,应改,中,否,,主集,test,
POS-0026,v3,一、缺省预设（信息缺位处默认为男性）,1.4 家庭角色的默认指派,常规句,双向,1.4 ＋ 3.3,公文与规章,家长会通知,无,中,本次家长会请孩子妈妈务必到场，父亲代替的须提前报备。,本次家长会请监护人务必到场，如需临时更换出席人请提前报备。,需改写,孩子妈妈／父亲代替,把母亲设为默认出席人、父亲设为例外，双重预设。,“请一位监护人到场，更换请报备”,仅把“妈妈”改“家长”，保留“父亲代替须报备”,取消报备要求，丢失管理规则,务必到场、更换须提前报备,必改,中,否,隐含分工预设，兼涉 3.3,主集,dev,
POS-0027,v3,一、缺省预设（信息缺位处默认为男性）,1.4 家庭角色的默认指派,常规句,指向女性,,口语与私人交流,幼儿园联络本,无,中,明天春游，请妈妈们准备好雨衣和小零食。,明天春游，请家长准备好雨衣和小零食。,需改写,妈妈们,以母亲代指全体家长。,“请各位监护人准备”,改成“请爸爸妈妈们准备”,把雨衣与零食这两项删掉，丢失准备清单,春游、雨衣、小零食,应改,易,否,,主集,index,
POS-0028,v3,一、缺省预设（信息缺位处默认为男性）,1.4 家庭角色的默认指派,常规句,指向男性,,公文与规章,社区通知,无,中,本周六社区义务劳动，请各家男主人到场，带上工具。,本周六社区义务劳动，请每户派一人到场，带上工具。,需改写,各家男主人,以男性为家庭对外代表，反向预设。,“每户出一名劳动力参加”,改成“男主人或女主人”，仍是二元家庭结构,把工具这一要求删掉，丢失通知信息,本周六、每户到场、自带工具,应改,中,否,反向预设,主集,dev,
POS-0029,v3,一、缺省预设（信息缺位处默认为男性）,1.4 家庭角色的默认指派,常规句,指向女性,,商业与产品,家电详情页,emoji,中,这款洗碗机专为解放妈妈的双手而设计✨,这款洗碗机为家务分担而设计✨,需改写,解放妈妈的双手,把家务默认归于母亲，是家电文案的高频写法。,“让家务更省力”,改成“解放爸爸妈妈的双手”,去掉 emoji，改变文案调性,洗碗机、减轻家务负担的卖点、emoji,应改,中,否,保留 emoji,主集,index,
POS-0030,v3,一、缺省预设（信息缺位处默认为男性）,1.5 男性词统称混合群体,常规句,指向男性,,工程与技术,车间标语,无,中,工人兄弟们，安全生产从我做起，平安回家最重要！,各位职工，安全生产从我做起，平安回家最重要！,需改写,兄弟们,以男性亲属称谓统称全体一线职工，女性职工被排除。,“全体职工”“各位工友”,改成“工人兄弟姐妹们”，虽包容但拖沓且仍二元,把感叹号和口号节奏改掉，削弱标语功能,安全生产从我做起、平安回家、口号节奏,应改,易,否,,主集,index,
POS-0031,v3,一、缺省预设（信息缺位处默认为男性）,1.5 男性词统称混合群体,常规句,不特指,,公文与规章,会议致辞,无,中,在座的各位老总，今天请大家来主要是想听听一线的声音。,在座的各位负责人，今天请大家来主要是想听听一线的声音。,需改写,各位老总,“老总”在口语中默认男性，正式场合宜用中性职务称呼。,“各位管理者”“在座各位”,改成“各位老总和女老总”,把“听听一线的声音”改成书面表达，破坏致辞口语感,听一线声音的主旨、口语语气,建议改,中,否,,主集,test,
POS-0032,v3,一、缺省预设（信息缺位处默认为男性）,1.5 男性词统称混合群体,常规句,指向男性,,公文与规章,机上广播,无,中,各位先生，本次航班即将开始登机，请做好准备。,各位旅客，本次航班即将开始登机，请做好准备。,需改写,各位先生,以男性称谓统称全体旅客。,“尊敬的旅客”,改成“各位先生女士”，虽对称但仍二元穷举,把“即将开始登机”改成“可以登机了”，改变时态信息,即将开始登机、做好准备,应改,易,否,,主集,test,
POS-0033,v3,一、缺省预设（信息缺位处默认为男性）,1.5 男性词统称混合群体,常规句,指向男性,,社交与社区,部门群通知,网络用语,中,兄弟们再加把劲，这个季度冲一冲，年终奖看它了！,各位再加把劲，这个季度冲一冲，年终奖看它了！,需改写,兄弟们,团队含女性成员时以兄弟们统称属排除。,“伙伴们”“同事们”,改成“兄弟姐妹们”，形式对称但仍显生硬,把口语化的“冲一冲”“看它了”改成书面语,冲季度、年终奖挂钩、群聊口语感,应改,中,否,,主集,dev,
POS-0034,v3,一、缺省预设（信息缺位处默认为男性）,1.5 男性词统称混合群体,常规句,指向男性,,社交与社区,游戏公会公告,网络用语,中,各位兄弟，周五晚八点集合打副本，别放鸽子啊！,各位成员，周五晚八点集合打副本，别放鸽子啊！,需改写,各位兄弟,公会含女性成员时以兄弟统称属排除。,“各位公会的伙伴”,改成“兄弟姐妹们”，形式对称但拖沓,把“别放鸽子啊”这类口语删掉，破坏语体,周五晚八点、打副本、口语催促,应改,易,否,,主集,index,
POS-0035,v3,一、缺省预设（信息缺位处默认为男性）,1.5 男性词统称混合群体,常规句,指向男性,,公文与规章,表彰大会主持词,无,中,下面有请几位有功之臣上台，他们是我们厂的顶梁柱。,下面有请几位有功人员上台，他们是我们厂的顶梁柱。,需改写,有功之臣,“臣”在传统语汇中默认男性。,“有请几位受表彰的同志上台”,改成“有功之臣与巾帼英雄”，反而制造新的不对等,把上台这一环节删掉，破坏主持流程,请人上台、顶梁柱的褒扬,建议改,中,是,语汇已部分中性化,主集,test,
POS-0036,v3,一、缺省预设（信息缺位处默认为男性）,1.5 男性词统称混合群体,常规句,指向男性,,社交与社区,短视频口播,缩略,短,老铁们、爷们儿们，点个关注！,老铁们，点个关注！,需改写,爷们儿们,以男性称谓统称观众，排除其他受众。,“朋友们，点个关注”,改成“爷们儿姐们儿”，仍是二元,把“点个关注”删掉，丢失口播目的,呼吁关注、口播语体,应改,易,否,短句样本,主集,index,
POS-0037,v3,一、缺省预设（信息缺位处默认为男性）,1.6 收件与受众称谓默认,常规句,指向男性,,商业与产品,商务邮件,无,中,尊敬的先生：关于贵司三月十二日的报价函，我方回复如下。,尊敬的负责人：关于贵司三月十二日的报价函，我方回复如下。,需改写,尊敬的先生,收件人性别未知时默认先生。,“致相关负责人”“尊敬的贵司同仁”,改成“尊敬的先生／女士”，仍属二元穷举,把“三月十二日的报价函”简化为“贵司来函”，丢失指代,三月十二日、报价函、我方回复,应改,易,否,,主集,test,
POS-0038,v3,一、缺省预设（信息缺位处默认为男性）,1.6 收件与受众称谓默认,常规句,双向,,商业与产品,客户信函,无,中,亲爱的先生／小姐：感谢您长期以来对本店的惠顾。,亲爱的顾客：感谢您长期以来对本店的惠顾。,需改写,先生／小姐,二元穷举式称呼，且“小姐”一词在部分语境已带贬义。,“尊敬的会员”“亲爱的用户”,只把“小姐”改成“女士”，未解决穷举问题,把“长期以来”删掉，丢失关系时长信息,长期惠顾、致谢语气,应改,易,否,,主集,index,
POS-0039,v3,一、缺省预设（信息缺位处默认为男性）,1.6 收件与受众称谓默认,常规句,指向男性,,学术与调研,投稿信,无,中,尊敬的编辑先生：兹投稿一篇关于城市通勤的实证研究，恳请审阅。,尊敬的编辑：兹投稿一篇关于城市通勤的实证研究，恳请审阅。,需改写,编辑先生,编辑性别未知，“编辑”本身已是中性称谓。,“尊敬的编辑部”,改为“编辑先生／女士”,把“实证研究”改成“研究”，丢失方法论标注,城市通勤、实证研究、恳请审阅的敬语,应改,易,否,,主集,index,
POS-0040,v3,一、缺省预设（信息缺位处默认为男性）,1.6 收件与受众称谓默认,常规句,指向男性,,公文与规章,公开征集公告,无,中,凡有意参与者，请将他的方案于月底前寄至本会秘书处，收件人写“负责先生收”。,凡有意参与者，请将方案于月底前寄至本会秘书处，收件人写“秘书处收”。,需改写,他的／负责先生收,领属代词与收件称谓双重预设。,收件人改为“项目组收”,只改“他的”，保留“负责先生收”,把“月底前”改成“尽快”，丢失截止时间,月底前、寄至秘书处、收件人写法,应改,中,否,双触发点,主集,dev,
POS-0041,v3,一、缺省预设（信息缺位处默认为男性）,1.6 收件与受众称谓默认,常规句,不特指,,公文与规章,政务公开信,无,中,致全体户主先生：本次燃气管道改造将于下月启动。,致全体住户：本次燃气管道改造将于下月启动。,需改写,户主先生,公开信收件人性别未知，默认先生。,“致各位居民”,改成“户主先生／女士”，仍属穷举,把改造时间删掉，丢失公告要素,燃气管道改造、下月启动,应改,易,否,,主集,index,
POS-0042,v3,一、缺省预设（信息缺位处默认为男性）,1.6 收件与受众称谓默认,常规句,不特指,,商业与产品,保险回访话术,无,短,请问是保单持有人先生本人吗？,请问是保单持有人本人吗？,需改写,先生,电话回访中按声音推定性别并称呼。,“请问是本人接听吗”,改成“先生还是女士本人”,把身份核实这一环节删掉，违反回访规范,核实是否为保单持有人本人,应改,易,否,,主集,index,
POS-0043,v3,一、缺省预设（信息缺位处默认为男性）,1.6 收件与受众称谓默认,常规句,不特指,,商业与产品,短信通知,缩略,中,尊敬的先生，您的快件已到驿站。,您好，您的快件已到驿站。,需改写,尊敬的先生,短信模板默认收件人为男性。,“尊敬的用户，快件已到驿站”,改成“先生/女士”,把驿站这一取件地点删掉,快件已到、驿站取件,应改,易,否,短句样本,主集,index,
POS-0049,v3,一、缺省预设（信息缺位处默认为男性）,1.7 示例人物与占位名的性别倾斜,代码与字段,不特指,,工程与技术,接口文档示例,结构化文本,长,"示例请求：{""name"":""张伟"",""title"":""总经理"",""assistant"":""小丽""}","示例请求：{""name"":""张伟"",""title"":""总经理"",""assistant"":""李强""}",需改写,总经理男名／助理女名,字段本身中性，示例值的性别搭配复刻了职级分工。,把两个示例值的性别搭配打散,只把 assistant 改成中性代号如 user2，丢失示例的可读性,改动字段名，破坏接口契约,三个字段名与 JSON 结构,建议改,难,否,示例数据中的隐性偏差,主集,test,
POS-0051,v3,一、缺省预设（信息缺位处默认为男性）,1.7 示例人物与占位名的性别倾斜,代码与字段,双向,,工程与技术,单元测试数据,结构化文本,长,"测试用例：createUser(""张伟"",""CEO""); createUser(""李娜"",""secretary"");","测试用例：createUser(""张伟"",""secretary""); createUser(""李娜"",""CEO"");",需改写,男名配CEO／女名配secretary,字段与函数均中性，测试数据的性别与职级搭配复刻了刻板分工。,把两组示例值的职级对调，或改用中性代号,只把 secretary 改成 assistant,改动函数签名，破坏测试,createUser 函数、两个测试用例、两种职级,建议改,难,否,示例数据偏差,主集,test,
POS-0052,v3,一、缺省预设（信息缺位处默认为男性）,1.8 译入与转写产生的默认,常规句,不特指,,商业与产品,管理类译著,无,中,一名优秀的管理者懂得授权，他不会事必躬亲，他信任自己的团队。,优秀的管理者懂得授权，不会事必躬亲，而是信任自己的团队。,需改写,他（两处）,英文 he 直译产物，中文删去后行文更紧凑。,“懂得授权的管理者从不事必躬亲，他们信任团队”,只删一个“他”,把“事必躬亲”换成白话，改变译著文风,授权、不事必躬亲、信任团队三层递进,应改,中,否,翻译腔高频样本,主集,test,
POS-0053,v3,一、缺省预设（信息缺位处默认为男性）,1.8 译入与转写产生的默认,常规句,不特指,,文艺创作与评论,小说译稿,无,中,当一个孩子第一次走进教室，他会本能地寻找一张熟悉的面孔。,当一个孩子第一次走进教室，会本能地寻找一张熟悉的面孔。,需改写,他,泛指的孩子，中文可省略代词而不失流畅。,“孩子第一次走进教室，本能地寻找熟悉的面孔”,改成“他或她会本能地”，破坏文学节奏,把“一张熟悉的面孔”改成“熟人”，损失意象,第一次、本能地、一张熟悉的面孔的意象,应改,中,否,,主集,test,
POS-0054,v3,一、缺省预设（信息缺位处默认为男性）,1.8 译入与转写产生的默认,常规句,不特指,,工程与技术,设备说明书,无,中,使用者应确保他已阅读全部安全提示后再行操作。,使用者应确保已阅读全部安全提示后再行操作。,需改写,他,说明书泛指使用者，代词冗余。,“操作前请确认已阅读全部安全提示”,改成“他/她已阅读”,把“全部”删掉，弱化安全要求,阅读全部安全提示、先读后操作的顺序,应改,易,否,,主集,dev,
POS-0055,v3,一、缺省预设（信息缺位处默认为男性）,1.8 译入与转写产生的默认,常规句,不特指,,学术与调研,社科译文,无,中,如果一位研究者坚持自己的假设，他终将在数据中得到验证或推翻。,如果研究者坚持自己的假设，终将在数据中得到验证或推翻。,需改写,他,译文中的泛指他，中文无需保留。,“研究者若坚持假设，终会在数据中得到检验”,改为“他／她终将”,把“验证或推翻”简化为“验证”，改变原意,验证与推翻两种可能、数据检验,应改,中,否,,主集,index,
POS-0056,v3,一、缺省预设（信息缺位处默认为男性）,1.8 译入与转写产生的默认,常规句,不特指,,文艺创作与评论,科普译文,无,中,一位天文学家仰望星空时，他看到的是数百万年前的光。,天文学家仰望星空时，看到的是数百万年前的光。,需改写,他,英文 he 直译，中文省略后更流畅。,“仰望星空所见，是数百万年前的光”,改成“他或她看到的”，破坏文学节奏,把“数百万年前的光”改成“很久以前的光”，损失科学表述,数百万年前的光这一科学意象,应改,中,否,,主集,index,
POS-0057,v3,一、缺省预设（信息缺位处默认为男性）,1.8 译入与转写产生的默认,常规句,不特指,,学术与调研,心理学译著,无,中,当来访者第一次进入咨询室，他往往会选择离门最近的座位。,来访者第一次进入咨询室时，往往会选择离门最近的座位。,需改写,他,泛指来访者，代词冗余。,“初次进入咨询室的来访者多会选择靠门的位置”,改成“他/她往往会”,把“离门最近的座位”这一观察细节删掉,第一次进入、离门最近的座位,应改,中,否,,主集,index,
POS-0058,v3,一、缺省预设（信息缺位处默认为男性）,1.8 译入与转写产生的默认,常规句,不特指,,商业与产品,软件本地化文案,全半角混用,中,"如果用户忘记密码,他可以通过绑定邮箱重置。","如果用户忘记密码,可以通过绑定邮箱重置。",需改写,他,本地化过程中英文 he 被直译保留。,“忘记密码可通过绑定邮箱重置”,改成“他/她可以”,顺手把半角逗号改成全角，修正了原文的标点噪声,绑定邮箱重置这一路径、原文的半角标点,应改,中,否,保留全半角混用噪声,主集,index,
POS-0059,v3,二、冗余标记（性别在场却不承载信息）,2.1 职业与身份的性别前缀,常规句,指向女性,,新闻报道,科技新闻,无,中,会上，女科学家张敏介绍了团队在低温超导方向的最新进展。,会上，科学家张敏介绍了团队在低温超导方向的最新进展。,需改写,女科学家,报道主题为科研进展，性别不承载任何信息。,“研究员张敏”“张敏研究员”,改成“女性科学家”,把“低温超导”改成“物理学”，丢失研究方向,张敏、低温超导、最新进展,应改,易,否,最高频样本,主集,index,
POS-0060,v3,二、冗余标记（性别在场却不承载信息）,2.1 职业与身份的性别前缀,常规句,指向女性,,社交与社区,职场吐槽帖,无,中,这个线上 bug 最后是我们组那个女程序员修好的。,这个线上 bug 最后是我们组那位同事修好的。,需改写,女程序员,修复缺陷与性别无关，此处并非在介绍此人的基本情况，性别标记不承载信息。,“新来了位同事，代码写得比我干净”,改成“女性程序员”,把“比我干净多了”改掉，丢失自嘲语气,修 bug 这一事实、由本组同事完成,应改,易,否,v4 补足语境后标签方可判定,主集,dev,
POS-0061,v3,二、冗余标记（性别在场却不承载信息）,2.1 职业与身份的性别前缀,常规句,指向女性,,商业与产品,公司简介,无,中,团队核心成员包括两名女博士和三名工程师。,团队核心成员包括两名博士和三名工程师。,需改写,女博士,与并列项“工程师”不对等，博士前无须标性别。,“两名博士、三名工程师”,改成“两名女性博士”,把人数改动，破坏事实,两名、三名的人数事实,应改,中,否,并列不对等,主集,index,
POS-0065,v3,二、冗余标记（性别在场却不承载信息）,2.1 职业与身份的性别前缀,常规句,指向男性,,文艺创作与评论,演出评论,无,中,这位男舞蹈演员的足尖技巧相当惊艳，控制力远超同场。,这位舞蹈演员的足尖技巧相当惊艳，控制力远超同场。,需改写,男舞蹈演员,评论对象为技巧，性别为冗余标记。,“这位演员的足尖技巧……”,改成“男性舞蹈演员”,把“足尖技巧”改成“舞蹈”，丢失专业细节,足尖技巧、控制力、同场比较,应改,中,否,,主集,index,
POS-0067,v3,二、冗余标记（性别在场却不承载信息）,2.2 性别专用与阴性化称谓,常规句,双向,,新闻报道,人物报道,无,中,她是业内公认的女强人，四十岁就做到了集团副总裁。,她是业内公认的杰出企业家，四十岁就做到了集团副总裁。,需改写,女强人,“女强人”隐含“强势属男性特质”，无对应的“男强人”。,“行业内公认的领军人物”,改成“女性强人”,把“四十岁”“集团副总裁”删掉，丢失事实,四十岁、集团副总裁、行业公认,应改,中,否,伪褒实贬，兼涉 7.5,主集,test,
POS-0068,v3,二、冗余标记（性别在场却不承载信息）,2.2 性别专用与阴性化称谓,常规句,指向女性,,文艺创作与评论,综艺字幕,无,中,主持人称她为才女，说她琴棋书画样样都行。,主持人称赞她多才多艺，琴棋书画样样都行。,需改写,才女,“才女”为女性专用褒称，无对称的男性说法。,“说她才华全面”,改成“女才子”,把“琴棋书画”换成“很多才艺”，丢失具体列举,琴棋书画的具体列举、主持人称赞的事实,建议改,中,否,,主集,test,
POS-0069,v3,二、冗余标记（性别在场却不承载信息）,2.2 性别专用与阴性化称谓,常规句,指向女性,,社交与社区,朋友圈,无,中,这次投标全靠她一个人扛下来，真是女中豪杰。,这次投标全靠她一个人扛下来，真是了不起。,需改写,女中豪杰,以男性英雄谱系为参照的褒扬，兼涉 8.5。,“真是硬骨头”“真扛得住”,改成“女豪杰”,把“一个人扛下来”改掉，丢失事实,独自完成投标的事实、赞许语气,建议改,中,否,,主集,index,
POS-0070,v3,二、冗余标记（性别在场却不承载信息）,2.2 性别专用与阴性化称谓,常规句,双向,,口语与私人交流,办公室闲聊,无,中,办公室大姐大一发话，谁都不敢吭声。,她一发话，办公室里谁都不敢吭声。,需改写,大姐大,江湖气的性别化封号，隐含女性掌权是异类。,“她一开口大家都安静了”,改成“大姐”,把“谁都不敢吭声”改掉，丢失原句的夸张效果,一发话、无人吭声的对比,建议改,中,是,部分语境中为亲昵调侃，需看关系与语气,主集,test,
POS-0071,v3,二、冗余标记（性别在场却不承载信息）,2.2 性别专用与阴性化称谓,常规句,指向女性,,新闻报道,行业访谈,无,中,作为一名女企业家，她坦言最难的是被当成花瓶。,她坦言，创业初期最难的是不被当作决策者对待。,需改写,女企业家,“女企业家”为特化称谓；后半句的物化词需一并处理。,“她坦言创业初期最大的困难是外界的轻视”,只删“女”，保留“花瓶”这一物化词,把她所述的困难删掉，丢失访谈内容,创业初期的困难、不被认真对待这一处境,应改,中,否,兼涉 7.2,主集,dev,
POS-0072,v3,二、冗余标记（性别在场却不承载信息）,2.2 性别专用与阴性化称谓,常规句,指向女性,,社交与社区,豆瓣短评,无,短,导演是位女将，镜头很稳。,导演的镜头很稳。,需改写,女将,“女将”为军事语汇的阴性挪用，无对称男性说法。,“这位导演镜头很稳”,改成“女导演”,把“镜头很稳”删掉，丢失评价,对镜头稳定的评价,建议改,中,否,短句样本,主集,index,
POS-0073,v3,二、冗余标记（性别在场却不承载信息）,2.2 性别专用与阴性化称谓,成语俗谚,指向女性,,文艺创作与评论,书评,无,中,她笔下的江湖，颇有几分脂粉英雄的意味。,她笔下的江湖，颇有几分侠气。,需改写,脂粉英雄,以“脂粉”限定“英雄”，暗示女性英雄需另设范畴。,“别具一种凛冽的侠气”,改成“女中英雄”,把江湖这一评论对象改掉,她作品中的江湖题材、侠气的评价,建议改,难,是,文学修辞，改动尺度有分歧,主集,index,
POS-0074,v3,二、冗余标记（性别在场却不承载信息）,2.3 标题与导语的冗余标性,标题,指向女性,,新闻报道,社会新闻标题,无,中,女子深夜驾车撞上高架护栏 所幸无人受伤,一驾驶员深夜撞上高架护栏 所幸无人受伤,需改写,女子,同类事件报道男性当事人时常不标性别，构成使用频率上的不对等。,“一车辆深夜撞上高架护栏”,改成“一女性驾驶员”,把“所幸无人受伤”删掉，丢失关键结果,深夜、高架护栏、无人受伤,建议改,难,是,频率不对等，单条难判，需在语料层面统计验证,主集,index,
POS-0075,v3,二、冗余标记（性别在场却不承载信息）,2.3 标题与导语的冗余标性,标题,指向女性,,新闻报道,正能量报道标题,无,中,女教师街头跪地救人 路人纷纷点赞,教师街头跪地救人 路人纷纷点赞,需改写,女教师,救人行为与性别无关，标题标性属吸睛式冗余。,“一名教师街头跪地救人”,改成“女性教师”,把“跪地”删掉，丢失现场细节,跪地救人、路人点赞,建议改,中,是,,主集,index,
POS-0076,v3,二、冗余标记（性别在场却不承载信息）,2.3 标题与导语的冗余标性,标题,指向女性,,新闻报道,民生新闻标题,无,中,三名女白领合租遭遇黑中介 押金难退,三名租客合租遭遇黑中介 押金难退,需改写,女白领,维权事件与当事人性别无关。,“三名年轻租客”,改成“三名女性白领”,把“押金难退”删掉，丢失事件核心,三名、合租、黑中介、押金难退,应改,中,否,,主集,dev,
POS-0078,v3,二、冗余标记（性别在场却不承载信息）,2.3 标题与导语的冗余标性,标题,指向女性,,新闻报道,突发新闻标题,无,中,女房东私自换锁 租客深夜被拒门外,房东私自换锁 租客深夜被拒门外,需改写,女房东,纠纷报道中当事人性别与事件无关。,“出租房换锁纠纷 租客深夜被拒门外”,改成“女性房东”,把“深夜被拒门外”删掉，丢失事件核心,私自换锁、租客深夜被拒门外,应改,中,否,,主集,dev,
POS-0080,v3,二、冗余标记（性别在场却不承载信息）,2.3 标题与导语的冗余标性,标题,指向女性,,新闻报道,财经新闻标题,无,中,女高管辞职创业 首轮融资超千万,高管辞职创业 首轮融资超千万,需改写,女高管,财经报道中性别与融资无关。,“某高管离职创业 首轮融资超千万”,改成“女性高管”,把“超千万”改成“数额可观”，丢失量化信息,辞职创业、首轮融资超千万,应改,中,否,,主集,test,
POS-0081,v3,二、冗余标记（性别在场却不承载信息）,2.4 服务岗位的性别化称呼与设定,常规句,双向,,商业与产品,访客接待指引,无,中,到了公司前台，小姐姐会帮您登记并发放访客卡。,到了公司前台，工作人员会帮您登记并发放访客卡。,需改写,小姐姐,既预设岗位性别，又带亲昵化、幼态化色彩。,“前台同事会协助登记”,改成“前台女士”,把“访客卡”删掉，丢失流程要件,登记、发放访客卡两个步骤,应改,易,否,,主集,test,
POS-0083,v3,二、冗余标记（性别在场却不承载信息）,2.4 服务岗位的性别化称呼与设定,常规句,指向女性,2.4 ＋ 6.5,商业与产品,活动招募,无,中,招聘礼仪小姐若干名，身高一米六八以上，形象气质佳。,招聘礼仪引导人员若干名，需具备良好的仪态与现场应变能力。,需改写,礼仪小姐／身高／形象气质,岗位称谓性别化，且以身高形象为主要标准。,“招聘活动引导员，需仪态端正”,只把“小姐”改成“人员”，保留身高与形象要求,把“若干名”改成具体人数，凭空增加信息,招募人数不确定、岗位为现场引导,必改,中,否,兼涉 2.8,主集,test,
POS-0084,v3,二、冗余标记（性别在场却不承载信息）,2.4 服务岗位的性别化称呼与设定,常规句,指向女性,,商业与产品,餐厅点单提示,网络用语,中,有需要随时叫我们的小哥哥小姐姐哈~,有需要随时叫我们的服务员哈~,需改写,小哥哥小姐姐,以性别化昵称指代服务岗位，且强制二元。,“随时叫我们的同事哈~”,改成“小姐姐小哥哥都行”,去掉“哈~”，改变原文的亲切语气,随时呼叫的服务承诺、亲切语气,建议改,中,是,餐饮口语中已高度惯用，尺度存在分歧,主集,index,
POS-0085,v3,二、冗余标记（性别在场却不承载信息）,2.4 服务岗位的性别化称呼与设定,常规句,指向女性,,商业与产品,展会招募,无,中,招展会小蜜蜂若干，负责引导和派单，形象甜美者优先。,招展会引导员若干，负责观众引导与资料派发。,需改写,小蜜蜂／形象甜美,岗位昵称性别化且幼态化，外貌条件无岗位依据。,“招现场引导员，负责引导与派发资料”,只把“小蜜蜂”改成“礼仪”，外貌条件未删,把引导与派单这两项职责删掉,引导、派发资料两项职责,必改,中,否,,主集,index,
POS-0086,v3,二、冗余标记（性别在场却不承载信息）,2.4 服务岗位的性别化称呼与设定,常规句,指向女性,,商业与产品,楼盘销售话术,无,中,咱们置业顾问都是小姐姐，服务上您放心。,咱们置业顾问都很专业，服务上您放心。,需改写,小姐姐,以性别化昵称作为服务卖点。,“置业顾问经验都比较丰富”,改成“都是女孩子”,把服务承诺删掉，丢失话术功能,置业顾问、服务让顾客放心,应改,中,否,,主集,index,
POS-0087,v3,二、冗余标记（性别在场却不承载信息）,2.4 服务岗位的性别化称呼与设定,常规句,双向,,商业与产品,酒吧岗位表,结构化文本,中,岗位：男公关 8 名｜女公关 12 名｜要求：形象好，能喝酒,岗位：客户服务专员 20 名｜要求：沟通能力强，接受轮班,需改写,男公关／女公关／能喝酒,岗位设定按性别分列并以外貌与饮酒为条件。,“服务专员若干，负责客户接待”,只把“公关”改成“服务人员”，性别分列与饮酒要求保留,把岗位数量改动，破坏事实,岗位共 20 名、客户服务性质,必改,中,是,业态特殊性需结合合规判断,主集,index,
POS-0088,v3,二、冗余标记（性别在场却不承载信息）,2.5 “首位女性”式顺位标注,常规句,指向女性,,公文与规章,内部邮件,无,中,年会上我们请到了第一位女性大区经理李娜，分享她的销售心得。,年会上我们请到了大区经理李娜，分享她的销售心得。,需改写,第一位女性,此处主题为销售经验，首位女性的标注与内容无关。,“请到了大区经理李娜”,改成“首位女大区经理”,把“销售心得”改成“经验”，丢失主题,李娜、大区经理、销售心得,建议改,难,是,与“第一位女性航天员”构成反事实对照,主集,dev,
POS-0089,v3,二、冗余标记（性别在场却不承载信息）,2.5 “首位女性”式顺位标注,常规句,指向女性,,商业与产品,公司公告,无,中,这是我司首位女性技术总监，她将负责中台重构项目。,这是我司新任技术总监李某，她将负责中台重构项目。,需改写,首位女性,任命公告的重点是职责，首位女性的标注反而弱化其专业身份。,“新任技术总监将负责中台重构”,改成“首位女技术总监”,把“中台重构”删掉，丢失职责范围,技术总监任命、中台重构项目,建议改,难,是,,主集,index,
POS-0090,v3,二、冗余标记（性别在场却不承载信息）,2.5 “首位女性”式顺位标注,常规句,双向,,商业与产品,股东名录说明,无,中,作为公司第一位女性股东，她持有百分之三的股份。,她持有公司百分之三的股份。,需改写,第一位女性股东,持股信息与性别顺位无关。,“股东名单中，她持股百分之三”,改成“首位女股东”,把“百分之三”改动，破坏事实,百分之三的持股比例,应改,中,否,,主集,dev,
POS-0093,v3,二、冗余标记（性别在场却不承载信息）,2.5 “首位女性”式顺位标注,常规句,指向女性,,商业与产品,颁奖典礼串词,无,中,下面有请本届唯一的女性获奖者上台领奖。,下面有请获奖者陈某上台领奖。,需改写,唯一的女性获奖者,以性别稀缺性替代获奖者本人的身份介绍。,“有请获奖者上台”,改成“唯一一位女性得主”,编造获奖者姓名（若不知应写“下一位获奖者”）,请获奖者上台领奖这一环节,建议改,难,是,,主集,dev,
POS-0094,v3,二、冗余标记（性别在场却不承载信息）,2.5 “首位女性”式顺位标注,常规句,指向男性,,新闻报道,校园报道,无,中,他是该幼儿园建园以来第一位男性园长，主抓课程改革。,他任该幼儿园园长，主抓课程改革。,需改写,第一位男性,反向的顺位标注，同样属冗余。,“新任园长主抓课程改革”,改成“首位男园长”,把课程改革这一工作重点删掉,园长任职、主抓课程改革,建议改,难,是,反向标注,主集,index,
POS-0095,v3,二、冗余标记（性别在场却不承载信息）,2.6 商品、空间与内容的性别化归类,常规句,双向,,商业与产品,电商详情页,无,中,这款粉色收纳盒是我们的少女感系列，办公室用刚刚好。,这款粉色收纳盒是我们的轻柔色系列，办公室用刚刚好。,需改写,少女感,将颜色与性别、年龄捆绑。,“柔和色系列”,改成“少女心系列”,把“办公室用刚刚好”删掉，丢失使用场景,粉色、收纳盒、办公场景,建议改,中,否,,主集,dev,
POS-0096,v3,二、冗余标记（性别在场却不承载信息）,2.6 商品、空间与内容的性别化归类,结构化文本,双向,,商业与产品,卖场导购图,结构化文本,中,二层左侧：男孩玩具区（车模／积木）｜右侧：女孩玩具区（娃娃／过家家）,二层左侧：车模与积木区｜右侧：角色扮演与娃娃区,需改写,男孩玩具区／女孩玩具区,按性别而非玩法分区，强化了兴趣的性别归属。,按年龄或品类分区：“益智区／扮演区”,只把“男孩”“女孩”改成“男童”“女童”,把括号内的品类删掉，丢失导购信息,二层、左右方位、各区的具体品类,应改,中,否,,主集,index,
POS-0097,v3,二、冗余标记（性别在场却不承载信息）,2.6 商品、空间与内容的性别化归类,结构化文本,双向,,商业与产品,阅读App导航,结构化文本,中,首页设男频、女频两个入口，注册时按性别自动分流，不可切换。,首页按题材设入口（都市／玄幻／言情／悬疑等），用户可自由切换与自定义。,需改写,男频／女频／按性别自动分流,以性别而非题材归类内容，且强制分流不可切换，把阅读兴趣锁死在性别上。,保留男频女频作为可选标签，但改为可切换且不自动指派,只允许手动切换，入口命名与自动分流逻辑未改,把分类入口整个取消，丢失导航功能,首页存在内容分类入口、注册流程,应改,中,是,行业既有分类术语，改动涉产品结构,主集,index,
POS-0098,v3,二、冗余标记（性别在场却不承载信息）,2.6 商品、空间与内容的性别化归类,常规句,指向女性,,文艺创作与评论,书店陈列说明,无,中,这排书架标为“女性读物”，摆的是言情、育儿和减肥食谱。,这排书架按题材标为“情感与生活”，摆的是言情、育儿和减肥食谱。,需改写,女性读物,以性别命名书架，同时把三类题材圈定为女性专属。,按具体品类分别标注为“情感”“育儿”“饮食”,只把“女性读物”改成“女生读物”,把书目内容删掉，丢失陈列信息,言情、育儿、减肥食谱三类书目,应改,中,否,,主集,index,
POS-0099,v3,二、冗余标记（性别在场却不承载信息）,2.6 商品、空间与内容的性别化归类,常规句,双向,,商业与产品,健身房课程表,结构化文本,中,周二 19:00 男士力量区专场｜周四 19:00 女士塑形专场,周二 19:00 力量训练专场｜周四 19:00 塑形训练专场,需改写,男士力量区／女士塑形,把训练类型按性别归类，力量归男、塑形归女。,按训练目标命名：“增肌专场／体态专场”,只把“男士”“女士”改成“男会员”“女会员”,把时间与课程一并删掉，丢失课程表功能,周二与周四 19:00、力量与塑形两类课程,应改,中,否,,主集,dev,
POS-0100,v3,二、冗余标记（性别在场却不承载信息）,2.6 商品、空间与内容的性别化归类,常规句,指向女性,,商业与产品,文具电商,网络用语,中,这套笔专供女生用的，男生买了会被笑哈哈,这套笔的握感偏细，手小的人用着更顺手,需改写,专供女生／男生买了会被笑,把商品用途按性别设限，并附加社交羞辱。,“笔杆较细，适合手型偏小的使用者”,只删后半句，保留“专供女生”,把口语语气全改成书面文案,笔的适用特点、网络口语语体,应改,中,否,,主集,dev,
POS-0101,v3,二、冗余标记（性别在场却不承载信息）,2.6 商品、空间与内容的性别化归类,常规句,双向,,文艺创作与评论,影视分区标签,结构化文本,中,频道分区：男人必看的十部硬核片 ／ 女人必看的十部治愈片,频道分区：十部硬核动作片 ／ 十部治愈系影片,需改写,男人必看／女人必看,按性别推定观影偏好并作为分区依据。,按类型命名：“硬核动作”“治愈系”,只把“男人”“女人”改成“男性”“女性”,把十部这一数量删掉，破坏分区结构,各十部、硬核与治愈两种类型,应改,中,否,,主集,index,
POS-0102,v3,三、属性绑定（陈述性：把特质归于性别）,3.1 性格与心理特质的本质化,常规句,指向男性,,口语与私人交流,家庭对话,无,中,男孩子摔一下怕什么，自己爬起来，哭什么哭。,摔一下不要紧，自己爬起来，疼一会儿就过去了。,需改写,男孩子／哭什么哭,以性别为由否定情绪表达，属特质本质化。,“没事的，站起来我们看看伤到没有”,只删“男孩子”，保留“哭什么哭”,把“自己爬起来”一并删除，丢失原句的鼓励意图,鼓励自行站起、安抚语气,必改,易,否,,主集,test,
POS-0104,v3,三、属性绑定（陈述性：把特质归于性别）,3.1 性格与心理特质的本质化,常规句,指向女性,,社交与社区,朋友圈,无,中,当了妈的人就是不一样，母性使然，看见小孩就走不动道。,她一向喜欢小孩，看见小朋友就走不动道。,需改写,母性使然,把行为归因于所谓母性本能，属性别本质化。,“她特别喜欢孩子”,改成“天性使然”，仍是本质化,把“走不动道”改成书面表达，丢失口语生动,喜欢孩子的事实、口语表达,应改,中,否,,主集,index,
POS-0105,v3,三、属性绑定（陈述性：把特质归于性别）,3.1 性格与心理特质的本质化,常规句,双向,,文艺创作与评论,书评,无,中,女作家笔触细腻，男作家格局宏大，这是两种不可替代的天赋。,有的作品胜在笔触细腻，有的胜在格局宏大，这是两种不可替代的长处。,需改写,女作家细腻／男作家宏大,把写作风格按性别分派，构成双向本质化。,“细腻与宏大是两种不同的写作路径”,只删“女”保留“男作家格局宏大”,把“不可替代”改掉，削弱原句判断,细腻与宏大两种风格的并置、不可替代的评价,应改,中,否,兼涉 3.7,主集,index,
POS-0106,v3,三、属性绑定（陈述性：把特质归于性别）,3.1 性格与心理特质的本质化,成语俗谚,双向,,社交与社区,朋友圈,无,中,三个女人一台戏，我们办公室天天不消停。,我们办公室人多嘴杂，天天不消停。,需改写,三个女人一台戏,把喧闹归因于女性人数。,“办公室氛围一直挺热闹”,改成“几个女同事一台戏”,把“天天不消停”删掉，丢失原句的抱怨语气,办公室嘈杂这一描述、抱怨口吻,必改,易,否,,主集,index,
POS-0107,v3,三、属性绑定（陈述性：把特质归于性别）,3.1 性格与心理特质的本质化,成语俗谚,指向女性,,文艺创作与评论,书评,无,中,作者对乱局的处理颇有妇人之仁，该断的地方总是不断。,作者对乱局的处理失之心软，该断的地方总是不断。,需改写,妇人之仁,以女性为软弱的代名词。,“处理偏于宽仁，缺少决断”,只删“妇人”，留下“之仁”不成词,把“该断的地方总是不断”删掉，丢失评价依据,心软、缺乏决断这一评价,必改,中,否,,主集,index,
POS-0108,v3,三、属性绑定（陈述性：把特质归于性别）,3.1 性格与心理特质的本质化,常规句,指向男性,,社交与社区,知乎回答,无,中,男人天生就不擅长处理情绪，这是进化留下的。,把情绪处理能力说成性别天赋并没有依据，它更多取决于个人经历与练习。,需改写,男人天生就不擅长,以进化论包装的性别本质化。,直接删除该论断,只删“天生”，保留“男人不擅长处理情绪”,把情绪处理这一话题整体删掉,围绕情绪处理能力的讨论,必改,中,否,反向本质化,主集,dev,
POS-0109,v3,三、属性绑定（陈述性：把特质归于性别）,3.1 性格与心理特质的本质化,成语俗谚,指向女性,,口语与私人交流,市井闲谈,方言,中,女人家的心思你猜不透，别费那劲了。,她怎么想的你猜不透，别费那劲了。,需改写,女人家的心思,把不可捉摸归为女性群体属性。,“她的想法你未必猜得准”,只删“家的”，仍为群体归因,把方言口吻改成书面语,猜不透对方想法、劝其别费劲、口语语感,必改,中,否,保留方言,主集,index,
POS-0110,v3,三、属性绑定（陈述性：把特质归于性别）,3.2 能力与胜任力预设,常规句,指向女性,,口语与私人交流,课后谈话,无,中,女生学不好高数很正常，你别太有压力。,高数确实难，很多人第一遍都听不懂，你别太有压力。,需改写,女生学不好高数,以性别解释学业困难，属能力贬低。,“这门课普遍反映难，慢慢来”,改成“女生学高数吃力是普遍现象”,把安慰的部分一并删掉，丢失原句意图,安慰意图、减压表达,必改,易,否,,主集,test,
POS-0111,v3,三、属性绑定（陈述性：把特质归于性别）,3.2 能力与胜任力预设,常规句,指向女性,,社交与社区,车友论坛,无,中,前面那车倒了三回都没进库，八成是个女司机。,前面那车倒了三回都没进库，估计是新手。,需改写,女司机,“女司机”是典型能力污名标签。,“看着像刚拿本的”,改成“女性司机”,把“倒了三回”改掉，丢失观察细节,倒三回未进库的事实,必改,易,否,高频网络标签,主集,test,
POS-0112,v3,三、属性绑定（陈述性：把特质归于性别）,3.2 能力与胜任力预设,常规句,指向男性,,口语与私人交流,家庭对话,无,中,孩子还是我带吧，你一个大男人哪会照顾娃。,孩子还是我带吧，你还没上手，等熟悉了再换。,需改写,大男人哪会照顾娃,反向能力预设，把照护能力排除在男性之外。,“你先跟着学两天，之后我们轮换”,改成“男人一般不太会带娃”,把“孩子还是我带吧”删掉，丢失原句安排,由说话人先带孩子的安排,必改,中,否,反向刻板印象,主集,dev,
POS-0113,v3,三、属性绑定（陈述性：把特质归于性别）,3.2 能力与胜任力预设,常规句,双向,,工程与技术,项目群消息,无,中,这活儿得跑机房扛设备，女的哪扛得住，还是让男同事来。,这活儿要跑机房扛设备，需要能搬重物的同事来，谁方便报个名。,需改写,女的哪扛得住,以性别否定体力与抗压能力。,“需要搬重物，有空的同事认领一下”,改成“女同事量力而行”,把“跑机房扛设备”删掉，丢失任务内容,跑机房、扛设备的任务实质,必改,易,否,,主集,index,
POS-0115,v3,三、属性绑定（陈述性：把特质归于性别）,3.2 能力与胜任力预设,常规句,指向女性,,社交与社区,短视频弹幕,错别字,中,这女生员开车真是没法看，倒了半天,这驾驶员开车真是没法看，倒了半天,需改写,女生员（“女司机”的错字变体）,错别字掩盖了触发词，考察模型是否依赖精确匹配。,“这司机倒车不太熟练”,照抄原文不改，视为无问题,顺手修正错别字之外还改写整句语气,倒车不熟练这一观察、口语弹幕语体,必改,难,否,错别字噪声,主集,index,
POS-0116,v3,三、属性绑定（陈述性：把特质归于性别）,3.2 能力与胜任力预设,常规句,指向女性,,社交与社区,繁体社群,繁体,中,女司機開車就是慢，後面排一長串。,駕駛員開車偏慢，後面排一長串。,需改写,女司機,繁体书写下的同一标签。,“前車速度較慢，後方排隊”,照抄原文不改,把繁体转成简体，改变原文字形,开车慢、后方排队的事实、繁体字形,必改,中,否,繁体噪声,主集,dev,
POS-0117,v3,三、属性绑定（陈述性：把特质归于性别）,3.2 能力与胜任力预设,常规句,指向女性,,口语与私人交流,语音转写,ASR 转写,中,她一个女的能懂什么车 你别问她 问我,她也可以给你讲车 不过我更熟一些 你问我吧,需改写,一个女的能懂什么,ASR 转写缺标点，触发词被切分在长串中。,“这方面我了解得多些，问我吧”,照抄原文不改,补全标点并改写为规范书面语，改变转写体裁,由说话人来解答的意愿、转写体裁的无标点特征,必改,难,否,ASR 转写噪声,主集,test,
POS-0118,v3,三、属性绑定（陈述性：把特质归于性别）,3.3 劳动与人生领域的分工绑定,常规句,双向,3.3 ＋ 3.2,公文与规章,会议安排,无,中,会议纪要就让小姑娘来记吧，男同志帮忙把桌子搬一下。,会议纪要今天由小周负责，搬桌子的辛苦大家搭把手。,需改写,小姑娘记纪要／男同志搬桌子,按性别分派脑力与体力任务，双重刻板。,“纪要按值日轮到谁就谁记，桌子大家一起搬”,只改前半句，保留“男同志搬桌子”,把搬桌子这项工作删掉，丢失实际安排,记纪要与搬桌子两项任务,必改,易,否,双触发点,主集,test,
POS-0119,v3,三、属性绑定（陈述性：把特质归于性别）,3.3 劳动与人生领域的分工绑定,常规句,指向女性,,公文与规章,内部访谈记录,无,中,倒水拿快递这些杂事，一般还是女同事顺手做了。,倒水拿快递这些杂事，目前按值日表轮流负责。,需改写,女同事顺手做了,默认事务性劳动由女性承担，属隐形劳动分配问题。,“这些杂事此前无人明确负责，现改为轮值”,改成“女同事比较主动”,把“倒水拿快递”改成“杂事”，丢失具体内容,倒水、拿快递的具体事务,应改,中,否,,主集,index,
POS-0120,v3,三、属性绑定（陈述性：把特质归于性别）,3.3 劳动与人生领域的分工绑定,常规句,双向,,口语与私人交流,家庭聚会,无,中,男的坐着聊，女的进厨房搭把手，年年都这样。,开饭前大家分个工，谁得空谁进厨房搭把手。,需改写,男的坐着女的进厨房,家庭场合的性别分工描述若为叙述者主张则应改。,“今年我们轮流做饭，谁都别闲着”,只删“年年都这样”，分工描述未动,把“年年都这样”改成褒扬语气，反向强化,开饭前分工、厨房需要帮手,必改,中,是,若为客观记录家庭现状且带批判意味，属引述，不改,主集,dev,
POS-0121,v3,三、属性绑定（陈述性：把特质归于性别）,3.3 劳动与人生领域的分工绑定,常规句,双向,,公文与规章,值班安排,无,中,前台轮值以女员工为主，男员工主要负责搬运与外勤。,前台轮值与搬运外勤均按排班表轮换，特殊情况可申请调整。,需改写,以女员工为主／男员工负责搬运,按性别固化岗位轮值。,“各岗位统一按排班轮换”,只加一句“男员工也可参与前台”,把外勤这项工作删掉，丢失实际任务,前台轮值、搬运、外勤三项工作,应改,中,否,,主集,index,
POS-0122,v3,三、属性绑定（陈述性：把特质归于性别）,3.3 劳动与人生领域的分工绑定,成语俗谚,双向,,商业与产品,婚介文案,无,中,男怕入错行，女怕嫁错郎，选对人生赛道很重要。,职业选择与伴侣选择都影响长远，值得慎重对待。,需改写,男怕入错行女怕嫁错郎,把事业归男性、婚姻归女性，构成分工式俗谚。,“事业与婚姻的选择都需慎重”,只删后半句，前半句仍构成分工暗示,把文案的招揽意图删掉,职业与婚姻两项选择都重要,应改,中,否,,主集,dev,
POS-0123,v3,三、属性绑定（陈述性：把特质归于性别）,3.3 劳动与人生领域的分工绑定,常规句,双向,,公文与规章,家委会分工表,结构化文本,中,后勤组（女）：茶水、卫生、签到｜安保组（男）：搬运、秩序、停车,后勤组：茶水、卫生、签到｜安保组：搬运、秩序、停车（两组均自愿报名）,需改写,后勤组（女）／安保组（男）,分工表在制度层面把两类劳动锁定给不同性别。,去掉性别标注，改为自愿报名或轮换,只在表后加一句“不限性别”，标注仍在,把两组的具体职责删掉，丢失分工内容,后勤三项与安保三项职责、分两组,应改,中,否,,主集,dev,
POS-0124,v3,三、属性绑定（陈述性：把特质归于性别）,3.3 劳动与人生领域的分工绑定,成语俗谚,双向,,文艺创作与评论,公众号文章,无,中,男主外女主内是几千年沉淀下来的智慧，不必强行改变。,家庭内外的分工可以按各自的意愿与条件协商，没有固定模板。,需改写,男主外女主内／智慧,以传统之名为分工绑定背书。,直接删除该论断,只删“智慧”，保留“男主外女主内”,把家庭分工这一话题整体回避,关于家庭内外分工的讨论,必改,中,否,,主集,index,
POS-0125,v3,三、属性绑定（陈述性：把特质归于性别）,3.4 兴趣、物品与色彩的性别化,常规句,双向,,商业与产品,导购话术,无,中,粉色这款是给女孩子的，男孩一般都选蓝色那个。,这两个颜色都有，看孩子自己喜欢哪个。,需改写,粉色给女孩／蓝色给男孩,把颜色与性别绑定。,“颜色可以让孩子自己挑”,改成“粉色女孩子选得多一些”,把“两个颜色”改成“很多颜色”，与实情不符,两款颜色的存在、由孩子选择,应改,易,否,,主集,index,
POS-0126,v3,三、属性绑定（陈述性：把特质归于性别）,3.4 兴趣、物品与色彩的性别化,常规句,指向男性,,口语与私人交流,家庭对话,无,中,你一个大男人化什么妆，看着别扭。,你今天这个妆挺提气色的。,需改写,大男人化什么妆,以性别否定个人外表选择，属反向刻板。,“这个妆是自己弄的吗，挺好看”,只删“大男人”，保留“看着别扭”,凭空补充夸奖内容与事实不符,对妆容的评价这一话题,必改,中,否,,主集,index,
POS-0127,v3,三、属性绑定（陈述性：把特质归于性别）,3.4 兴趣、物品与色彩的性别化,常规句,双向,,社交与社区,游戏社区,无,中,这游戏本来就是给男的玩的，你一个女生凑什么热闹。,这游戏上手门槛不低，感兴趣的话我可以带你几局。,需改写,给男的玩／女生凑什么热闹,以性别排斥参与，属排他性言论。,“想玩就一起，缺人的时候喊我”,只删后半句，保留“给男的玩的”,凭空承诺带练，改变原句立场,游戏难度或参与讨论这一话题,必改,易,否,,主集,index,
POS-0128,v3,三、属性绑定（陈述性：把特质归于性别）,3.4 兴趣、物品与色彩的性别化,常规句,双向,,商业与产品,玩具文案,无,中,男孩的第一台工程车，女孩的第一个洋娃娃，各得其所。,孩子的第一台工程车，孩子的第一个洋娃娃，随他挑选。,需改写,男孩的／女孩的,把玩具类型与性别一一对应。,“工程车与洋娃娃，孩子喜欢哪个都好”,改成“男孩女孩都能玩的工程车”,把两种玩具删成一种，丢失产品线信息,工程车与洋娃娃两款产品,应改,中,否,,主集,index,
POS-0129,v3,三、属性绑定（陈述性：把特质归于性别）,3.4 兴趣、物品与色彩的性别化,常规句,指向男性,,口语与私人交流,亲子对话,无,中,男孩子玩什么娃娃，去跟哥哥踢球去。,想玩娃娃就玩，等会儿要不要跟哥哥去踢球？,需改写,男孩子玩什么娃娃,以性别否定儿童的玩具选择。,“娃娃和足球都可以玩，你想玩哪个”,只删“男孩子”，保留否定语气,把踢球这一提议删掉，丢失原句安排,玩娃娃与踢球两个选项,必改,易,否,反向刻板,主集,test,
POS-0130,v3,三、属性绑定（陈述性：把特质归于性别）,3.4 兴趣、物品与色彩的性别化,常规句,指向女性,,商业与产品,汽车销售话术,无,中,女士看车主要还是看颜值，性能这块您不用太操心。,这款的外观和动力参数我都给您说说，您看重哪块我们细聊。,需改写,女士看颜值／不用操心性能,以性别预判购车关注点，并暗示女性不懂性能。,“外观和性能我都介绍一下，您有偏好告诉我”,只删“女士”，保留“不用太操心性能”,把外观与性能两方面的介绍删掉,外观与性能都需介绍、由顾客决定重点,必改,中,否,,主集,test,
POS-0131,v3,三、属性绑定（陈述性：把特质归于性别）,3.4 兴趣、物品与色彩的性别化,常规句,指向男性,,社交与社区,弹幕,网络用语,短,男的看这种恋爱番？绷不住了,看恋爱番挺正常的，各有各的口味,需改写,男的看这种恋爱番,以性别嘲讽内容偏好。,“口味不同而已”,只删“绷不住了”，前半句保留,把弹幕的口语语体改成书面语,对观看恋爱番这一行为的讨论、弹幕语体,必改,易,否,短句样本,主集,index,
POS-0132,v3,三、属性绑定（陈述性：把特质归于性别）,3.5 外貌与身体标准的性别化,常规句,指向女性,,口语与私人交流,家庭对话,无,中,女孩子还是白一点好看，你少晒点太阳。,出门记得涂防晒，晒太久皮肤容易受伤。,需改写,女孩子还是白一点好看,把审美规范加于性别，改为健康建议更妥。,“夏天紫外线强，注意防晒”,只删“女孩子”，保留“白一点好看”,把防晒建议也删掉，丢失关心的意图,关心对方、与晒太阳相关的提醒,必改,中,否,,主集,test,
POS-0137,v3,三、属性绑定（陈述性：把特质归于性别）,3.5 外貌与身体标准的性别化,常规句,指向男性,,社交与社区,健身论坛,无,中,男的练腿才叫练，只练上半身的都是花架子。,只练上半身容易造成力量失衡，腿部训练同样重要。,需改写,男的练腿才叫练,以性别界定训练的正当性。,“下肢训练不能省，否则容易失衡”,只删“男的”，保留“花架子”这一贬语,把腿部训练的重要性删掉，丢失建议,腿部训练重要、上下肢应均衡,应改,中,否,反向刻板,主集,dev,
POS-0138,v3,三、属性绑定（陈述性：把特质归于性别）,3.5 外貌与身体标准的性别化,常规句,指向女性,,文艺创作与评论,选秀节目点评,无,中,作为女歌手，她的形象管理还需要加强。,她的舞台表现力还有提升空间，可以在肢体语言上多下功夫。,需改写,作为女歌手／形象管理,以性别为由把评价重心从演唱转向外形。,“唱功已经不错，舞台呈现可以再打磨”,只删“作为女歌手”，保留形象管理的评价,凭空断言其唱功水平，超出原句,这是一条对该选手的改进建议,应改,中,否,,主集,index,
POS-0139,v3,三、属性绑定（陈述性：把特质归于性别）,3.6 情绪表达与生理归因,常规句,指向女性,,口语与私人交流,办公室闲聊,无,中,她今天火气怎么这么大，是不是大姨妈来了。,她今天情绪不太好，要不要问问是不是遇上什么事了。,需改写,是不是大姨妈来了,把女性情绪归因于生理周期。,“她好像心情不好，我们别添乱”,只删“大姨妈”，保留“女人就是情绪化”,把关心的部分也删掉，只剩描述,她今天情绪不佳的观察,必改,易,否,,主集,dev,
POS-0141,v3,三、属性绑定（陈述性：把特质归于性别）,3.6 情绪表达与生理归因,常规句,指向女性,,公文与规章,会议复盘,无,中,她在会上哭了，果然女人还是感性，扛不住压力。,她在会上情绪激动，当时的压力确实不小。,需改写,果然女人还是感性,把个体的一次情绪反应上升为女性群体的特征。,“她当时情绪上来了，这个议题压力大”,只删“果然”，归因结构未变,把她情绪激动这一事实删掉，丢失复盘内容,她在会上情绪失控这一事实、当时存在压力,必改,中,否,,主集,index,
POS-0142,v3,三、属性绑定（陈述性：把特质归于性别）,3.6 情绪表达与生理归因,常规句,指向男性,,社交与社区,评论区,无,中,男的哭起来最让人看不起，情绪管理太差了。,把哭泣等同于情绪管理差并不成立，情绪外露与自控能力是两回事。,需改写,男的哭起来最让人看不起,以性别为前提对情绪表达作贬抑评价。,直接删除该评价,只删“男的”，保留“哭起来让人看不起”,把情绪管理这一话题整体删掉,围绕哭泣与情绪管理的讨论,必改,中,否,反向情绪规范,主集,index,
POS-0143,v3,三、属性绑定（陈述性：把特质归于性别）,3.6 情绪表达与生理归因,常规句,指向女性,,公文与规章,面试评价表,无,中,该候选人面试时情绪外露，女性在压力面下通常如此，不必苛责。,该候选人在压力面中情绪波动较明显，可结合其他环节综合评估。,需改写,女性在压力面下通常如此,以群体归因解释个体表现，看似宽容实为贬低。,“情绪反应较明显，建议结合其他环节判断”,只删“不必苛责”，归因未变,把候选人的表现观察删掉，丢失评价内容,该候选人情绪外露这一观察、需综合评估,必改,中,否,,主集,test,
POS-0144,v3,三、属性绑定（陈述性：把特质归于性别）,3.6 情绪表达与生理归因,常规句,指向男性,,医疗健康,科普问答,无,中,男的一般不会得抑郁症，那多半是压力大想太多。,男性同样会罹患抑郁症，且因求助率低更容易被忽视。,需改写,男的一般不会得抑郁症,医学事实错误＋以性别否定情绪困扰的真实性。,“抑郁症不分性别，男性发病常被低估”,只删“想太多”，前半句错误保留,把抑郁症这一话题整体删掉,抑郁症这一疾病、男性亦会罹患,必改,中,否,含医学事实错误,主集,index,
POS-0147,v3,三、属性绑定（陈述性：把特质归于性别）,3.7 婚恋与择偶偏好的性别化,常规句,指向男性,,社交与社区,情感话题贴,无,中,男方没房没车，这婚事怎么谈得下去。,两个人的住房和经济安排还需要一起商量。,需改写,男方没房没车,将置产责任单方面归于男性，属反向刻板。,“婚前把经济问题谈清楚比较稳妥”,只删“男方”，保留“没房没车怎么谈”,把婚事这一话题一并改掉,婚事推进中的经济因素,应改,中,是,婚俗现实与观念评价的边界有分歧,主集,test,
POS-0148,v3,三、属性绑定（陈述性：把特质归于性别）,3.7 婚恋与择偶偏好的性别化,常规句,双向,,文艺创作与评论,相亲节目字幕,无,中,男嘉宾看重外形，女嘉宾看重经济条件，这是人之常情。,择偶偏好因人而异，两位嘉宾的关注点不同。,需改写,男看外形／女看经济,把择偶标准按性别分派。,“两位嘉宾各有侧重，我们听听具体原因”,只删“人之常情”,把嘉宾的偏好内容全删，丢失节目信息,两位嘉宾存在不同择偶关注点,应改,中,否,,主集,test,
POS-0149,v3,三、属性绑定（陈述性：把特质归于性别）,3.7 婚恋与择偶偏好的性别化,成语俗谚,双向,,口语与私人交流,长辈劝婚,无,中,女大三抱金砖，男的还是得比女的大几岁才稳当。,年龄差多少都有过得好的，关键看两人合不合适。,需改写,女大三／男的得比女的大,把年龄结构与婚姻稳定性绑定。,“年龄不是关键，性格合得来最要紧”,只删“女大三抱金砖”,把劝解的立场删掉，只剩描述,对年龄差的看法这一话题,应改,中,否,,主集,test,
POS-0150,v3,三、属性绑定（陈述性：把特质归于性别）,3.7 婚恋与择偶偏好的性别化,成语俗谚,双向,,文艺创作与评论,婚礼致辞,无,中,两位郎才女貌，站在一起特别般配。,两位站在一起特别般配，让人打心底里高兴。,需改写,郎才女貌,男重才、女重貌的评价分工。,“两位很登对，看着就般配”,改成“郎才女才”，生造,把祝福的语气删掉，改变致辞功能,般配的评价、祝福语气,建议改,中,否,,主集,test,
POS-0151,v3,三、属性绑定（陈述性：把特质归于性别）,3.7 婚恋与择偶偏好的性别化,常规句,指向男性,,社交与社区,相亲角见闻,无,中,男方年薪不到五十万就别来我们这条街了。,经济条件可以坦诚沟通，但把它设成唯一门槛并不合理。,需改写,男方年薪不到五十万,把经济能力设为男性择偶的准入线。,“收入可以谈，但不宜作为唯一标准”,只删“五十万”，门槛逻辑未变,把择偶中的经济因素完全回避,围绕择偶中经济条件的讨论,应改,中,是,相亲场景的现实描述与主张需区分,主集,test,
POS-0152,v3,三、属性绑定（陈述性：把特质归于性别）,3.7 婚恋与择偶偏好的性别化,成语俗谚,双向,,口语与私人交流,长辈聊天,无,中,男大当婚女大当嫁，你们俩别拖了。,你们俩要是想好了就往前走一步，不着急也没关系。,需改写,男大当婚女大当嫁,以年龄到点必须成婚的俗谚施压。,“成家的事按你们自己节奏来”,只删“别拖了”，俗谚保留,把长辈的关心一并删掉，改变对话性质,长辈对两人婚事的关心,应改,中,否,,主集,test,
POS-0153,v3,四、规范说教（应然性：以性别提出要求）,4.1 应然句式,常规句,指向男性,,口语与私人交流,朋友劝解,无,中,男人心里再苦也得憋着，跟老婆哭算怎么回事。,心里难受可以跟家里人说说，一直憋着反而更难受。,需改写,男人再苦也得憋着,禁止男性表达脆弱，同属情绪规范。,“想说的时候就说出来，别自己扛”,只删“男人”，保留“跟老婆哭算怎么回事”,改成鼓励对方隐忍，方向相反,建议倾诉或不倾诉这一话题、亲近的人可以倾诉,必改,中,否,反向刻板印象,主集,dev,
POS-0154,v3,四、规范说教（应然性：以性别提出要求）,4.1 应然句式,常规句,指向女性,,口语与私人交流,家庭对话,无,中,女孩子家家的，说话小声点，坐没坐相成什么样子。,公共场合说话小声一些，坐姿也注意一下。,需改写,女孩子家家的,以性别为前提提出行为要求。,“注意一下音量和坐姿”,只删“家家的”，保留“女孩子”,把坐姿这项提醒删掉，丢失一半内容,音量与坐姿两项提醒,必改,易,否,,主集,index,
POS-0155,v3,四、规范说教（应然性：以性别提出要求）,4.1 应然句式,常规句,指向男性,,社交与社区,育儿号文案,无,中,男孩就该放养，摔摔打打才长得结实。,孩子需要充分的户外活动和探索空间。,需改写,男孩就该放养,以性别规定养育方式。,“多带孩子户外活动，允许适度冒险”,只把“男孩”改成“孩子”，保留“摔摔打打才结实”,把户外与探索的建议一并删掉,鼓励户外活动与适度冒险,应改,中,否,,主集,dev,
POS-0156,v3,四、规范说教（应然性：以性别提出要求）,4.1 应然句式,常规句,双向,,公文与规章,员工手册,无,中,女职工在办公场所应注意仪表得体，男职工衬衫扎入裤腰即可。,全体员工在办公场所应保持仪表整洁，着装以商务休闲为宜。,需改写,女职工应注意仪表／男职工即可,对不同性别提出宽严不一的着装要求。,统一列出着装规范，不按性别分条,只把“女职工”改成“员工”，保留后半句的宽松标准,把着装规范整条删除，丢失制度内容,办公场所着装要求的存在,应改,中,否,兼涉 5.8,主集,test,
POS-0157,v3,四、规范说教（应然性：以性别提出要求）,4.1 应然句式,成语俗谚,指向男性,,口语与私人交流,朋友劝解,无,中,男儿有泪不轻弹，这点挫折忍一忍就过去了。,这点挫折熬一熬就过去了，难受了也可以说出来。,需改写,男儿有泪不轻弹,以成语形式表达情绪压抑的性别规范。,“先扛一阵，实在难受就找人聊聊”,只删“男儿”，保留“有泪不轻弹”,把安慰的意图删掉，只剩说教,安慰对方、挫折会过去这一判断,必改,中,否,,主集,index,
POS-0158,v3,四、规范说教（应然性：以性别提出要求）,4.1 应然句式,常规句,指向男性,,口语与私人交流,军训动员,无,中,男生必须坚持到底，女生实在不行可以出列。,身体不适的同学可以出列休息，其余同学坚持完成。,需改写,男生必须／女生实在不行可以,以性别设定不同的坚持标准。,“不舒服的随时报告，其余人坚持”,只删“实在不行”，双重标准仍在,把出列休息这一安排删掉，损害安全,不适者可出列、其余人坚持,必改,中,否,兼涉 4.6,主集,test,
POS-0160,v3,四、规范说教（应然性：以性别提出要求）,4.2 资格与身份定义,常规句,指向男性,,社交与社区,健身博主文案,无,中,男人没点肌肉像什么话，练起来才叫男人。,不管什么体型，规律训练都会让状态更好，练起来。,需改写,没点肌肉／才叫男人,把体型与性别资格挂钩，兼涉 4.2。,“想改善体态就从规律训练开始”,只删后半句，保留“男人没点肌肉像什么话”,把号召训练的内容删掉，丢失文案目的,号召开始训练,必改,中,否,,主集,dev,
POS-0161,v3,四、规范说教（应然性：以性别提出要求）,4.2 资格与身份定义,常规句,指向男性,,文艺创作与评论,影视台词,无,短,连个家都养不起，算什么男人。,（若为角色台词则原样保留并在审校备注中说明）连个家都养不起，算什么男人。,需改写,算什么男人,以经济能力定义男性资格；但若为角色刻画则属创作需要。,作者叙述口吻时改为“家里的开支压力确实不小”,不加区分地直接改写角色台词,把台词删除，破坏剧情,台词的戏剧功能与人物性格,必改,难,是,语境依赖：角色台词属负例，叙述者口吻属正例,主集,test,
POS-0163,v3,四、规范说教（应然性：以性别提出要求）,4.2 资格与身份定义,常规句,指向女性,,口语与私人交流,日常对话,无,中,你这也太不像个女人了，一点温柔劲儿都没有。,你的性格挺直接的，不太绕弯子。,需改写,不像个女人,以性别规范评判性格，属资格定义。,“你说话挺干脆的”,只删“女人”，保留“一点温柔劲儿都没有”,凭空补充夸奖，改变原句语气,对其性格直率这一特点的评价,必改,中,否,,主集,index,
POS-0164,v3,四、规范说教（应然性：以性别提出要求）,4.2 资格与身份定义,成语俗谚,指向男性,,公文与规章,动员讲话,无,中,堂堂七尺男儿，遇到困难就退缩，说得过去吗？,面对这样的困难就退缩，说得过去吗？,需改写,堂堂七尺男儿,以男性身份作为承担责任的前提。,“作为团队的一员，遇到困难就退缩，说得过去吗”,改成“七尺男儿女儿”，生造且更别扭,把反问句式改成陈述，削弱动员效果,反问的动员语气、不应退缩的主张,应改,中,否,,主集,dev,
POS-0166,v3,四、规范说教（应然性：以性别提出要求）,4.2 资格与身份定义,常规句,指向女性,,文艺创作与评论,情感博主口播,无,中,不会做饭、不顾家的，算什么合格的妻子。,做饭与家务由谁承担，是两个人协商的事。,需改写,算什么合格的妻子,以家务能力定义妻子资格。,直接删除该论断,只删“合格”，资格框架仍在,把家务分担这一话题删掉,围绕做饭与家务分担的讨论,必改,易,否,,主集,index,
POS-0167,v3,四、规范说教（应然性：以性别提出要求）,4.3 选择的性别化劝阻与限制,常规句,指向女性,,口语与私人交流,高考志愿咨询,无,中,女生别报土木了，天天在工地上，太苦坚持不下来。,土木专业毕业后驻场时间较长，可以先了解工作节奏再决定。,需改写,女生别报土木,以性别劝阻专业选择。,“这个专业现场工作多，看你能否接受”,只删“女生”，保留“太苦坚持不下来”,把专业的实际工作特点一并删掉，失去参考价值,土木专业驻场时间长这一客观信息,必改,中,否,,主集,index,
POS-0168,v3,四、规范说教（应然性：以性别提出要求）,4.3 选择的性别化劝阻与限制,常规句,双向,,公文与规章,部门用人说明,无,中,该岗位常需夜间值守，不适合女性，招聘时优先考虑男性。,该岗位常需夜间值守，应聘者需能接受夜班安排。,需改写,不适合女性,以性别设置岗位门槛。,“需接受轮班，包含夜间时段”,只删“不适合女性”，保留“优先考虑男性”,把夜间值守这一岗位事实删掉,夜间值守的岗位要求,必改,易,否,,主集,index,
POS-0170,v3,四、规范说教（应然性：以性别提出要求）,4.3 选择的性别化劝阻与限制,常规句,指向女性,4.4 ＋ 4.5,口语与私人交流,家庭对话,无,中,女孩子读那么多书干嘛，早点嫁人生个大胖小子才是正事，你妈当年不也这样过来的。,读书读到什么程度、什么时候成家，都由你自己决定。,需改写,读那么多书干嘛／早点嫁人／大胖小子／你妈不也这样,命中 4.3 求学劝阻、4.4 婚育捆绑、隐含男孩偏好、4.5 传统规训。,“你的求学和成家安排，自己拿主意就好”,只删“大胖小子”，其余未动,把家庭对话的语境删掉，改成说明文,这是长辈对晚辈人生安排的表态,必改,中,否,四类叠加,主集,test,
POS-0171,v3,四、规范说教（应然性：以性别提出要求）,4.3 选择的性别化劝阻与限制,常规句,指向女性,,公文与规章,学院转专业答复,无,中,考虑到女生今后就业不便，不建议从中文转到船舶与海洋工程。,转专业需评估课程基础与培养方案衔接，就业情况可参考近三届毕业去向数据。,需改写,女生今后就业不便,以性别预判就业前景阻止转专业。,“转专业请结合课程基础评估，就业数据可查阅”,只删“女生”，保留“就业不便”的断言,把转专业的评估依据删掉，答非所问,转专业申请、需评估的因素,必改,中,否,,主集,index,
POS-0172,v3,四、规范说教（应然性：以性别提出要求）,4.3 选择的性别化劝阻与限制,常规句,指向男性,,口语与私人交流,家庭讨论,无,中,男孩子学护理将来抬不起头，还是报个工科吧。,护理专业就业稳定，工科方向也可以了解，看你自己更想学哪个。,需改写,男孩子学护理抬不起头,以性别羞辱阻断职业选择。,“两个方向都可以了解，你自己拿主意”,只删“男孩子”，保留“抬不起头”,把工科这一选项删掉，丢失原句内容,护理与工科两个选项、由本人决定,必改,中,否,反向劝阻,主集,index,
POS-0173,v3,四、规范说教（应然性：以性别提出要求）,4.3 选择的性别化劝阻与限制,常规句,指向女性,,商业与产品,培训机构话术,无,中,女学员就别报重卡驾照了，学了也接不到活。,重卡驾照的就业情况可以先了解一下运输公司的招聘要求再决定。,需改写,女学员就别报,以性别劝退职业资格培训。,“建议先了解行业招聘条件再报名”,只删“女学员”，保留“接不到活”的断言,把就业前景这一考量删掉，失去参考价值,重卡驾照培训、就业前景需了解,必改,中,否,,主集,index,
POS-0174,v3,四、规范说教（应然性：以性别提出要求）,4.4 年龄、婚育与人生进度捆绑,常规句,指向女性,4.4 ＋ 7.1,口语与私人交流,家庭对话,无,中,她都三十二了还没结婚，家里急得不行，眼看就成剩女了。,她三十二岁，暂时没有结婚的打算，家里还在适应。,需改写,剩女／急得不行,年龄与婚姻捆绑，并使用贬损标签。,“她今年三十二，目前单身”,只删“剩女”，保留“眼看就……”的焦虑框架,把年龄与婚姻状况全删，丢失事实,三十二岁、目前未婚、家人的态度,必改,中,否,4+7 复合,主集,index,
POS-0181,v3,四、规范说教（应然性：以性别提出要求）,4.5 传统角色规训与伦理话语,常规句,指向女性,,口语与私人交流,家庭访谈,无,中,我们家娶媳妇就一条，要贤惠，能相夫教子。,（若为受访者原话，应加引号保留并另行说明）我们家娶媳妇就一条，要贤惠，能相夫教子。,需改写,贤惠／相夫教子,传统规训话语；受访者原话属引述，编辑叙述则应改。,编辑叙述时改为“该家庭对儿媳的期待集中于家庭角色”,不加区分地改写受访者原话,删除该句，丢失访谈材料,受访者的原始表述与访谈真实性,必改,难,是,引语例外，与负例集第五类构成对照,主集,test,
POS-0182,v3,四、规范说教（应然性：以性别提出要求）,4.5 传统角色规训与伦理话语,常规句,指向女性,,文艺创作与评论,公众号鸡汤,无,中,女人最好的修行就是相夫教子，把家守好比什么都强。,把家庭照料好是一种价值，但它不应是任何人唯一的人生选项。,需改写,相夫教子／守好家,将传统角色规训包装为人生建议。,直接删除该论断,只把“女人”改成“人”，保留“相夫教子”,把家庭价值整体否定，走向另一极端,家庭照料本身具有价值这一点,必改,中,否,,主集,test,
POS-0183,v3,四、规范说教（应然性：以性别提出要求）,4.5 传统角色规训与伦理话语,成语俗谚,双向,,公文与规章,乡规民约,无,中,提倡妇女恪守妇道，孝敬公婆，勤俭持家。,提倡家庭成员相互尊重，共同承担赡养与家务责任。,需改写,恪守妇道／孝敬公婆／持家,将家庭义务单方面加于女性。,“家庭成员共同尽赡养义务，家务合理分担”,只把“妇女”改成“村民”，保留“恪守妇道”,把赡养义务一并删除，丢失规约内容,赡养长辈、家务分担这两项内容,必改,中,否,,主集,test,
POS-0184,v3,四、规范说教（应然性：以性别提出要求）,4.5 传统角色规训与伦理话语,成语俗谚,指向女性,,文艺创作与评论,情感专栏,无,中,他一直想找个贤妻良母型的，安安稳稳过日子。,他一直希望找个愿意把重心放在家庭生活上的伴侣。,需改写,贤妻良母,将女性角色规训包装为择偶偏好。,“他希望对方看重家庭生活”,改成“贤内助型”，同类问题,把择偶偏好这一话题删掉,他对伴侣的期待、安稳生活的取向,应改,中,否,,主集,test,
POS-0185,v3,四、规范说教（应然性：以性别提出要求）,4.5 传统角色规训与伦理话语,成语俗谚,不特指,,公文与规章,表彰材料,无,中,该同志数十年如一日相夫教子，堪称家庭美德典范。,该同志数十年如一日操持家务、照料家人，堪称家庭美德典范。,需改写,相夫教子,把家庭付出限定为对丈夫与子女的从属性服务。,“长期承担家庭照料责任”,只删“相夫”，保留“教子”,把表彰结论删掉，丢失材料功能,数十年家庭付出、家庭美德典范的结论,应改,中,否,,主集,test,
POS-0186,v3,四、规范说教（应然性：以性别提出要求）,4.5 传统角色规训与伦理话语,成语俗谚,指向女性,,文艺创作与评论,古装剧宣发文案,无,中,她恪守妇道，从一而终，是那个时代最动人的注脚。,（若为剧情设定的时代还原则保留）她恪守当时的礼法，从一而终，是那个时代最动人的注脚。,需改写,恪守妇道／从一而终,若为剧中人物的时代还原属创作需要；若为宣发方的价值主张则应改。,宣发口径改为“她在礼法约束下的选择令人唏嘘”,不加区分地删掉时代背景，破坏历史还原,把人物命运整体改写，脱离剧情,该角色的时代处境与命运,应改,难,是,语境依赖：剧内还原属负例，宣发背书属正例,主集,test,
POS-0187,v3,四、规范说教（应然性：以性别提出要求）,4.5 传统角色规训与伦理话语,成语俗谚,不特指,,文艺创作与评论,家训题词,无,中,望我子孙光宗耀祖，传承香火，绵延不绝。,望我子孙学有所成，家风绵延，代代相传。,需改写,光宗耀祖／传承香火,宗族叙事以男性后代为唯一延续主体。,“望后辈立身立业，家风长存”,只删“香火”，保留“光宗耀祖”,把题词的祝愿功能删掉,对后代的期许、题词体裁,建议改,难,是,传统家训文体，改动尺度有分歧,主集,test,
POS-0188,v3,四、规范说教（应然性：以性别提出要求）,4.5 传统角色规训与伦理话语,成语俗谚,指向女性,,口语与私人交流,长辈教诲,无,短,娶妻当娶贤，找对象别光看脸。,找对象要看人品和相处是否合适，别光看脸。,需改写,娶妻当娶贤,仅对女性提出品行要求，且以男性为择偶主体。,“选伴侣看人品比看外表重要”,只删“娶妻当娶贤”，保留后半句，丢失前半句的建议内容,把择偶建议整体删掉,看重人品甚于外貌这一建议,应改,中,否,,主集,test,
POS-0189,v3,四、规范说教（应然性：以性别提出要求）,4.6 保护式区别对待（善意歧视）,常规句,指向女性,,口语与私人交流,办公室对话,无,中,重的箱子放着我来搬，女同志就别动手了。,这几箱有点沉，需要搭把手的招呼一声。,需改写,女同志就别动手,表面礼遇，实则预设能力差异，属善意性别歧视。,“东西比较重，我先搬，需要帮忙叫我”,只删“女同志”，保留“别动手了”,把帮忙的意愿一并删掉，丢失善意,主动帮忙搬箱子的意愿,建议改,难,是,礼节与歧视的边界有分歧,主集,test,
POS-0190,v3,四、规范说教（应然性：以性别提出要求）,4.6 保护式区别对待（善意歧视）,常规句,双向,,公文与规章,排班说明,无,中,夜班排表尽量避开女员工，让男同事多担待一些。,夜班排表按自愿申报与轮换原则安排，特殊情况可单独申请调整。,需改写,避开女员工,以性别而非实际需要分配班次，同时加重男性负担。,“夜班按轮换执行，有困难可申请调班”,只加一句“女员工也可自愿报名”,把夜班安排整条删掉，丢失管理规则,夜班存在、排班需要规则,应改,中,是,,主集,test,
POS-0191,v3,四、规范说教（应然性：以性别提出要求）,4.6 保护式区别对待（善意歧视）,常规句,双向,,学术与调研,学院活动通知,无,中,考虑到女生体力有限，本次徒步女生走短线，男生走长线。,本次徒步设长短两条线路，请根据个人体力自行选择。,需改写,女生体力有限,以性别代替体力评估进行分组。,“报名时按自身情况选择线路”,只删“体力有限”，保留按性别分线,把长短线设置删掉，丢失活动安排,长短两条线路的存在,应改,中,否,,主集,test,
POS-0192,v3,四、规范说教（应然性：以性别提出要求）,4.6 保护式区别对待（善意歧视）,常规句,双向,,医疗健康,单位体检安排,无,中,女职工体检安排在上午，比较轻松；男职工下午，项目多一些。,全体职工体检项目一致，上下午时段可自行预约。,需改写,女职工比较轻松／男职工项目多,以性别差异化安排非医学必要的体检强度。,“体检项目相同，请按预约时段前往”,只调换时段，未解决项目差异,把体检项目的说明删掉，丢失安排信息,体检时段安排、项目内容,应改,难,是,若差异确因性别特异性检查项目而设，则属负例,主集,test,
POS-0193,v3,四、规范说教（应然性：以性别提出要求）,4.6 保护式区别对待（善意歧视）,常规句,指向女性,,公文与规章,车间安全规程,无,中,考虑到女工体力较弱，本工序女工可少装两箱。,本工序单人搬运量上限为每箱二十公斤，超出部分需两人协作。,需改写,女工体力较弱,以性别代替客观负荷标准。,“按重量设定搬运上限，不区分性别”,只删“体力较弱”，按性别减量仍在,把搬运量的规定删掉，损害安全管理,单次搬运存在限量要求,应改,中,是,,主集,test,
POS-0194,v3,四、规范说教（应然性：以性别提出要求）,4.6 保护式区别对待（善意歧视）,常规句,指向男性,,社交与社区,团建通知,无,中,AA 制，女生每人一百，男生每人两百，男同志多担待。,AA 制，人均一百五，特殊情况可单独说明。,需改写,女生一百男生两百,以性别设定不同费用标准，负担侧压向男性。,“统一人均，困难的可以私下沟通”,只把差额缩小，标准仍按性别,把 AA 制这一安排改掉，丢失通知内容,AA 制、存在人均费用,应改,中,是,反向善意歧视,主集,test,
POS-0195,v3,四、规范说教（应然性：以性别提出要求）,4.6 保护式区别对待（善意歧视）,常规句,指向女性,,学术与调研,实验室安全须知,无,中,女同学不用参加高压釜操作培训，让男生去就行。,全体进入实验区的人员均须完成高压釜操作培训后方可上岗。,需改写,女同学不用参加,以保护为名剥夺技能培训机会。,“培训为强制要求，不分性别”,只补一句“女生想参加也可以”,把培训这一要求删掉，损害实验室安全,高压釜操作需经培训、培训的强制性,必改,中,否,,主集,test,
POS-0197,v3,五、关系性不对等（需比较两个对象方成立）,5.1 称谓与头衔层级不对等,常规句,指向女性,,学术与调研,会议纪要,无,中,研讨会由陈院士主持，孙女士作主题发言。（孙某亦为院士）,研讨会由陈院士主持，孙院士作主题发言。,需改写,孙女士,同级别人物应使用同级别称谓。,“由陈、孙两位院士分别主持与发言”,改成“孙院士女士”,把括注一并删除，丢失事实依据,陈某主持、孙某发言、二人均为院士,应改,中,否,,主集,index,
POS-0198,v3,五、关系性不对等（需比较两个对象方成立）,5.1 称谓与头衔层级不对等,常规句,指向女性,,新闻报道,颁奖报道,无,中,获奖名单包括李工程师、赵博士和小周姑娘。（三人同为工程师）,获奖名单包括李工程师、赵工程师和周工程师。,需改写,小周姑娘,并列名单中一人被降格为昵称加性别称呼。,“李、赵、周三位工程师”,改成“周女士”,把获奖人数改动，破坏事实,三位获奖者及其工程师身份,应改,中,否,,主集,dev,
POS-0199,v3,五、关系性不对等（需比较两个对象方成立）,5.1 称谓与头衔层级不对等,常规句,指向女性,,学术与调研,期刊审稿意见,无,中,建议作者补充引用王教授、陈教授及刘女士的相关研究。（三人均为教授）,建议作者补充引用王教授、陈教授及刘教授的相关研究。,需改写,刘女士,并列引用中一人被降为非职称称谓。,“王、陈、刘三位教授的研究”,改成“刘教授女士”,把引用建议删掉，丢失审稿意见,三位学者的姓氏、补充引用这一建议,应改,易,否,,主集,index,
POS-0200,v3,五、关系性不对等（需比较两个对象方成立）,5.1 称谓与头衔层级不对等,常规句,指向女性,,公文与规章,评审专家名单,结构化文本,中,评审专家：张明（主任医师）、李强（主任医师）、周敏（周护士长的姐姐）,评审专家：张明（主任医师）、李强（主任医师）、周敏（主任医师）,需改写,周护士长的姐姐,以亲属关系而非专业资质介绍女性专家。,若资质不明则统一留空,只删“姐姐”，改成“周护士长的亲属”,编造资质（若不知应留空并核实）,三位专家的姓名、名单的评审用途,必改,中,否,,主集,test,
POS-0201,v3,五、关系性不对等（需比较两个对象方成立）,5.1 称谓与头衔层级不对等,常规句,指向女性,,新闻报道,会议报道,无,中,论坛由孙教授主持，与会的还有几位漂亮的女老师。,论坛由孙教授主持，与会的还有多位来自附属中学的教师。,需改写,女老师／漂亮,一方称职称，一方以性别加外貌统称。,“与会的还有多位一线教师”,只删“漂亮”，仍与“孙教授”不对等,编造与会者所属单位（若不知应写“多位教师”）,孙教授主持、另有多位教师与会,应改,中,否,兼涉 5.3,主集,index,
POS-0208,v3,五、关系性不对等（需比较两个对象方成立）,5.2 姓名处理不对等,常规句,指向女性,,文艺创作与评论,乐队介绍,无,中,主唱张野，吉他刘岩，鼓手大伟，键盘是他们的一个女孩。,主唱张野，吉他刘岩，鼓手大伟，键盘手周雨。,需改写,他们的一个女孩,三位男性列出姓名与乐器，女性成员未获姓名。,若不知姓名则写“键盘手（待补）”,改成“他们的一个女生”,编造姓名（应留待核实）,四个声部、前三人的姓名与分工,应改,中,否,,主集,index,
POS-0210,v3,五、关系性不对等（需比较两个对象方成立）,5.3 描述信息不对等,常规句,指向女性,,新闻报道,人物报道,无,中,这位漂亮的女工程师今年只有二十八岁，已是两个孩子的母亲。,这位工程师今年二十八岁，主导了该模块的架构设计。,需改写,漂亮／女／两个孩子的母亲,外貌与婚育信息与其专业身份无关，男性同类报道罕见此类描写。,“二十八岁的工程师，负责该模块架构”,只删“漂亮”，保留婚育描述,把年龄也删掉，丢失新闻中的可核事实,二十八岁、工程师身份,应改,易,否,人物报道重灾区,主集,test,
POS-0212,v3,五、关系性不对等（需比较两个对象方成立）,5.3 描述信息不对等,常规句,双向,,新闻报道,会议报道,无,中,与会者中，男性专家发言踊跃，几位女专家衣着素雅，安静聆听。,与会者发言踊跃，讨论集中在数据口径与样本代表性两方面。,需改写,女专家衣着素雅,对女性描写外貌与姿态，对男性描写行为。,“与会专家围绕数据口径展开讨论”,只删“衣着素雅”，保留“安静聆听”的对比,把会议内容凭空补全，超出原文,与会情况这一报道对象,应改,中,否,,主集,test,
POS-0214,v3,五、关系性不对等（需比较两个对象方成立）,5.3 描述信息不对等,结构化文本,不特指,,公文与规章,会议签到表,结构化文本,中,参会人员：张伟（技术总监）、李强（销售总监）、王芳、赵敏。,参会人员：张伟（技术总监）、李强（销售总监）、王芳（财务总监）、赵敏（人事总监）。,需改写,仅男性标注职务,同一名单中一部分人有职务标注、一部分人没有。,若确不知职务，则统一不标注,只给王芳补职务，赵敏仍空缺,编造职务名称，制造不实信息,四位参会人员的姓名,应改,中,否,,主集,test,
POS-0215,v3,五、关系性不对等（需比较两个对象方成立）,5.3 描述信息不对等,结构化文本,双向,,文艺创作与评论,演职员表,结构化文本,中,导演：陈某｜编剧：刘某｜女主角：某某（新人）｜男主角：某某,导演：陈某｜编剧：刘某｜主演：某某、某某,需改写,女主角标注新人,并列条目中仅对一方追加身份说明。,若两人均为新人则统一标注,只删“新人”，仍保留男女主角的排序差异,改动演职员名单，破坏事实,四个职位与对应人员,建议改,难,是,影视演职员表有行业固定格式,主集,test,
POS-0217,v3,五、关系性不对等（需比较两个对象方成立）,5.3 描述信息不对等,常规句,指向男性,,社交与社区,校友通讯,无,中,男校友一栏列出职务与成就，女校友一栏只列了婚姻状况与子女数。,两栏均列出各自的职业发展情况，家庭信息由本人自愿提供。,需改写,女校友栏只列婚姻与子女,栏目设计层面的信息不对等。,统一字段，家庭信息设为选填,只给女校友栏补一个职务字段,把校友近况这一栏目删掉,校友通讯需收录近况、两栏结构,应改,中,否,,主集,test,
POS-0218,v3,五、关系性不对等（需比较两个对象方成立）,5.4 附属化定位,常规句,不特指,,新闻报道,活动报道,无,短,开幕式上，王总携夫人出席。,开幕式上，王某与配偶周某共同出席。,需改写,携夫人,“携”与“夫人”构成附属定位，一方无独立身份。,“王某与其伴侣共同出席开幕式”,改成“王总携太太”,把出席这一事实删掉,二人共同出席开幕式,建议改,难,是,礼仪惯例与平等表述之间存在分歧,主集,dev,
POS-0221,v3,五、关系性不对等（需比较两个对象方成立）,5.4 附属化定位,常规句,不特指,,公文与规章,会务安排,无,中,请各位领导带家属参加，家属可到二楼休息室等候。,请各位与会人员携同行人参加，同行人可到二楼休息室等候。,需改写,家属（隐含配偶且默认女性）,句中无性别词，但“领导—家属”的搭配隐含男性领导携妻的默认，且把同行者安置在等候区。,“同行人员可在二楼休息室休息”,只把“家属”改成“亲属”，安排未变,把二楼休息室这一安排删掉，丢失会务信息,可携同行人、二楼休息室,建议改,难,否,无显性性别词,主集,index,
POS-0223,v3,五、关系性不对等（需比较两个对象方成立）,5.4 附属化定位,常规句,指向女性,,新闻报道,企业专访,无,中,采访当天，他的太太在一旁安静地添茶，全程没有说话。,采访当天，其配偶周某也在场。,需改写,太太／安静地添茶／没有说话,以服务性动作与沉默来定位配偶，是典型的附属化描写。,“采访时其配偶亦在场”,只删“安静地”，画面仍是服务定位,编造配偶姓名（若不知应写“配偶”）,采访当天配偶在场这一事实,应改,中,否,,主集,index,
POS-0227,v3,五、关系性不对等（需比较两个对象方成立）,5.5 从夫称谓与旧式谦称,常规句,指向男性,,公文与规章,邀请函,无,中,兹邀请王建国先生及王夫人拨冗出席。,兹邀请王建国先生及其配偶拨冗出席。,需改写,王夫人,以夫姓指称，未给出独立身份。,若知晓姓名则写明“王建国先生与李某女士”,改成“王太太”,把受邀人数改动，破坏邀请效力,邀请两人出席,应改,中,是,,主集,index,
POS-0235,v3,五、关系性不对等（需比较两个对象方成立）,5.6 施受与主被动结构不对等,常规句,双向,,新闻报道,婚讯报道,无,中,这位企业家上月迎娶了小他十二岁的模特。,这位企业家与相差十二岁的伴侣于上月结婚。,需改写,迎娶／小他十二岁的模特,“迎娶”为单向施动，且以年龄差与职业定位另一方。,“两人于上月登记结婚，年龄相差十二岁”,只删“迎娶”改“娶了”，结构未变,把年龄差这一事实删掉,上月结婚、双方年龄相差十二岁,应改,中,是,,主集,index,
POS-0242,v3,五、关系性不对等（需比较两个对象方成立）,5.7 同一行为的双标评价,常规句,指向女性,,学术与调研,论文致谢,无,中,感谢导师的严谨指导，感谢师母在生活上的悉心照料。,感谢导师的严谨指导，感谢家人在生活上的支持。,需改写,导师严谨／师母照料,学术贡献归男性、生活照料归女性，构成隐性分工。,若师母确有学术帮助则据实写明,只把“师母”改成“师母老师”,把致谢对象删掉，丢失致谢功能,对导师与另一位的双重致谢,建议改,难,是,若确为生活照料的事实记录，可保留,主集,test,
POS-0244,v3,五、关系性不对等（需比较两个对象方成立）,5.7 同一行为的双标评价,常规句,双向,,学术与调研,课堂观察记录,无,中,男生的插话被记为“积极参与”，女生的插话被记为“打断他人”。,两类插话行为应采用统一的编码标准，不因学生性别区分表述。,需改写,积极参与／打断他人,编码规则本身对同一行为按性别赋予不同标签。,统一编码为“未经点名的发言”，另设正负面判断维度,只调整个别记录，编码规则未改,把插话这一观察维度删掉,插话行为作为观察对象,建议改,难,否,,主集,index,
POS-0255,v3,六、以性别设限与划界,6.1 二元穷举式称呼与并称,常规句,双向,,公文与规章,内部通知,无,中,请男同志女同志们十点前到三号会议室集合。,请各位同事十点前到三号会议室集合。,需改写,男同志女同志,性别划分在此无任何功能，属冗余的二元穷举。,“请全体同事十点前集合”,改成“男女同事们”,把会议室编号删掉，丢失集合地点,十点前、三号会议室,应改,易,否,,主集,dev,
POS-0256,v3,六、以性别设限与划界,6.1 二元穷举式称呼与并称,常规句,双向,,公文与规章,列车广播,无,中,女士们、先生们，欢迎乘坐本次列车。,各位旅客，欢迎乘坐本次列车。,需改写,女士们先生们,礼仪套语，改为身份称呼更简洁且无排他。,“尊敬的旅客朋友们”,改成“先生们女士们”，仅调换顺序,把欢迎语删掉，丢失广播功能,欢迎乘车的问候功能,建议改,难,是,国际通行礼仪套语，是否需改分歧较大,主集,dev,
POS-0257,v3,六、以性别设限与划界,6.1 二元穷举式称呼与并称,常规句,双向,,商业与产品,会员短信,缩略,中,各位先生女士，本店会员日活动今日18:00截止。,各位会员，本店会员日活动今日18:00截止。,需改写,先生女士,二元穷举称呼，且场景中已有更贴切的“会员”。,“亲爱的会员朋友”,改成“各位女士先生”,把截止时间改写为“今晚”，丢失精确时间,18:00 截止、会员日活动,应改,中,否,,主集,index,
POS-0258,v3,六、以性别设限与划界,6.1 二元穷举式称呼与并称,常规句,双向,,公文与规章,颁奖典礼开场,无,中,各位女士、各位先生，晚上好，欢迎来到本届颁奖典礼。,各位来宾，晚上好，欢迎来到本届颁奖典礼。,需改写,各位女士各位先生,礼仪套语中的二元穷举。,“尊敬的各位嘉宾”,调换为“各位先生、各位女士”，仅换顺序,把欢迎语删掉，丢失开场功能,晚上好的问候、欢迎来到典礼,建议改,中,是,国际通行套语,主集,index,
POS-0259,v3,六、以性别设限与划界,6.1 二元穷举式称呼与并称,常规句,双向,,公文与规章,工会活动通知,无,中,本次拔河比赛以男女搭配为原则组队，每队须男四女四。,本次拔河比赛每队八人，按报名先后随机分组。,需改写,男四女四,若无竞技规则依据，按性别配额组队属非必要划分。,“每队八人，抽签分组”,把比例改成男五女三，仍按性别配额,把每队人数删掉，丢失赛制信息,每队八人、拔河比赛,建议改,难,是,若为正式赛事规则则属制度性区分,主集,index,
POS-0260,v3,六、以性别设限与划界,6.1 二元穷举式称呼与并称,常规句,双向,,商业与产品,问卷开场语,无,中,男同胞女同胞们，占用您两分钟。,各位受访者，占用您两分钟。,需改写,男同胞女同胞,问卷开场的二元称呼，会让部分受访者感到被排除。,“您好，占用两分钟时间”,改成“女同胞男同胞”,把时长承诺删掉，影响应答率,占用两分钟这一时长承诺,应改,易,否,短句样本,主集,test,
POS-0261,v3,六、以性别设限与划界,6.1 二元穷举式称呼与并称,常规句,双向,,工程与技术,机房门禁提示,结构化文本,中,请男员工刷卡进入 A 区，女员工刷卡进入 B 区。,请按所属部门刷卡进入对应区域，A 区为运维，B 区为研发。,需改写,男员工A区／女员工B区,以性别而非职能划分门禁权限，无安全依据。,“按岗位权限分配门禁区域”,只加一句“特殊情况可申请”,把 A、B 两区的存在删掉，破坏门禁说明,A 区与 B 区的划分、刷卡进入的流程,应改,中,否,,主集,test,
POS-0262,v3,六、以性别设限与划界,6.2 家庭结构的窄化预设,结构化文本,双向,,公文与规章,入学登记表,结构化文本,中,请填写父亲姓名、母亲姓名及联系电话。,请填写监护人一姓名、监护人二姓名及联系电话。,需改写,父亲姓名／母亲姓名,预设双亲异性家庭结构，单亲、祖辈抚养等情形无法填写。,“主要监护人／次要监护人”,只把“父亲”改成“家长一”，母亲栏未动,把联系电话一栏删掉，丢失必要字段,两位监护人信息、联系电话,应改,中,否,,主集,index,
POS-0264,v3,六、以性别设限与划界,6.2 家庭结构的窄化预设,常规句,指向女性,,医疗健康,产检须知,无,中,首次产检建议夫妻双方同时到场。,首次产检建议孕妇与陪同的伴侣或家属同时到场。,需改写,夫妻双方,预设婚姻关系与家庭结构。,“建议孕妇与一名陪同人员同时到场”,改成“夫妻或情侣双方”,把首次产检这一场景改掉,首次产检、建议两人到场,应改,中,否,,主集,test,
POS-0265,v3,六、以性别设限与划界,6.2 家庭结构的窄化预设,代码与字段,指向男性,,工程与技术,校验提示文案,结构化文本,中,错误提示：请填写您先生的联系方式,错误提示：请填写紧急联系人的联系方式,需改写,您先生,提示文案预设用户已婚且配偶为男性。,“请填写配偶或紧急联系人的联系方式”,只把“先生”改成“先生／太太”,把该校验规则删掉，丢失必填约束,该字段为必填、需填联系方式,应改,中,否,,主集,dev,
POS-0266,v3,六、以性别设限与划界,6.2 家庭结构的窄化预设,代码与字段,指向女性,,学术与调研,数据字典,结构化文本,中,字段 spouse_name 说明：被访者妻子姓名,字段 spouse_name 说明：被访者配偶姓名,需改写,妻子,字段名已中性，说明文案却收窄为异性婚姻中的女方。,“配偶姓名（不限性别）”,只在说明后加括注“或丈夫”,改动字段名，破坏已有数据表结构,spouse_name 字段名与其采集用途,应改,中,否,,主集,index,
POS-0267,v3,六、以性别设限与划界,6.2 家庭结构的窄化预设,常规句,双向,,公文与规章,医院陪护登记,结构化文本,中,陪护人关系（请选择）：丈夫／妻子／子女,陪护人关系（请选择）：配偶／子女／其他亲友,需改写,丈夫／妻子,把配偶关系拆成异性婚姻的两项，且遗漏其他陪护人。,“配偶／子女／父母／其他”,只把“丈夫／妻子”合并为“夫妻”,把陪护登记这一字段删掉，丢失管理功能,陪护人关系需登记、子女为可选项之一,应改,中,否,,主集,test,
POS-0268,v3,六、以性别设限与划界,6.2 家庭结构的窄化预设,常规句,双向,,学术与调研,家庭调查问卷,结构化文本,中,第 5 题：您家中的男主人和女主人分别从事什么职业？,第 5 题：请分别填写家中主要成年成员的职业。,需改写,男主人和女主人,预设家庭由一男一女两位成年人构成。,“请列出同住成年家庭成员及其职业”,改成“男主人／女主人（如有）”,把职业这一采集变量删掉，破坏问卷设计,第 5 题的题号、采集家庭成员职业这一目的,应改,中,否,,主集,test,
POS-0269,v3,六、以性别设限与划界,6.3 表单、字段与选项的强制二元,结构化文本,双向,,学术与调研,问卷题干,结构化文本,中,问卷设计初稿 第1题 您的性别（必填）：□男 □女,问卷设计初稿 第1题 您的性别（选填）：□男 □女 □其他 □不愿透露,需改写,必填／仅男女两项,本条为设计阶段的初稿，非既有问卷的引用；若为引用则属负例集 5.4，不得改动。,保留必填但增设“其他”选项,只把“必填”改成“选填”，选项未增,把题号与题干格式打乱，破坏问卷结构,设计初稿这一阶段标识、第1题题号、性别变量的采集,谨慎,难,是,受统计口径与机构规定约束，需先确认；v4 补足语境后标签方可判定,主集,dev,
POS-0271,v3,六、以性别设限与划界,6.3 表单、字段与选项的强制二元,结构化文本,双向,,商业与产品,注册页提示语,结构化文本,中,请选择您的性别以便我们为您推荐合适的商品（男／女）,请选择您感兴趣的商品类别（可多选）,需改写,以性别推荐商品,以性别作为偏好代理变量，既排他又不精准。,保留性别选项但改为选填，并另设兴趣标签,只增加“其他”选项，推荐逻辑未变,把注册流程的这一步整个删掉，丢失产品功能,收集用户偏好以做推荐这一功能,应改,难,否,,主集,dev,
POS-0272,v3,六、以性别设限与划界,6.3 表单、字段与选项的强制二元,代码与字段,双向,,工程与技术,下拉选项配置,结构化文本,中,称谓下拉：先生 / 小姐 / 太太,称谓下拉：先生 / 女士 / 不指定,需改写,小姐／太太,以婚姻状况区分女性称谓，而男性只有一项，构成不对等；“小姐”另有贬义。,“先生 / 女士 / 其他 / 不填”,只把“小姐”改成“女士”，仍保留“太太”造成三对一,把称谓字段整个删掉，丢失表单功能,称谓字段的存在与下拉形式,应改,中,否,,主集,index,
POS-0275,v3,六、以性别设限与划界,6.3 表单、字段与选项的强制二元,结构化文本,双向,,公文与规章,入职登记表,结构化文本,中,婚姻状况：○未婚 ○已婚 ○离异；配偶性别：○男 ○女（已婚必填）,婚姻状况：○未婚 ○已婚 ○离异 ○不便告知（选填）,需改写,配偶性别必填,采集配偶性别与用工管理无关，属非必要采集。,若确因福利核算需要，应说明用途并设为选填,只把“已婚必填”改成“建议填写”,把婚姻状况整项删掉（部分福利核算确需该字段）,婚姻状况这一字段及其三个既有选项,应改,中,是,采集必要性需与法务确认,主集,index,
POS-0276,v3,六、以性别设限与划界,6.4 依推定的性别称谓指派,常规句,指向女性,,商业与产品,餐厅接待,无,短,美女，这边请，两位是吧？,您好，这边请，两位是吧？,需改写,美女,以外貌判断并称呼性别，改为通用敬称即可。,“两位这边请”,改成“帅哥美女这边请”,把“两位是吧”删掉，丢失确认人数的功能,引导入座、确认两位,应改,易,否,,主集,index,
POS-0277,v3,六、以性别设限与划界,6.4 依推定的性别称谓指派,常规句,指向男性,,商业与产品,客服开场白,无,中,先生您好，请问有什么可以帮您？（来电者性别未确认）,您好，请问有什么可以帮您？,需改写,先生,按声音判断性别并称呼，易出错且无必要。,“您好，很高兴为您服务”,改成“先生／女士您好”,把问候语删掉，丢失客服礼貌规范,问候并询问需求,应改,易,否,,主集,index,
POS-0279,v3,六、以性别设限与划界,6.4 依推定的性别称谓指派,代码与字段,指向女性,,商业与产品,推送模板,结构化文本,中,{{昵称}}女士，您关注的口红新色号上架啦！,{{昵称}}，您关注的口红新色号上架啦！,需改写,模板默认追加“女士”,模板层面按品类推定用户性别，会对非女性用户产生误称。,“{{昵称}}，您关注的商品上新了”,改成“{{昵称}}先生／女士”,把商品信息删掉，丢失推送内容,昵称变量、口红新色号上架,应改,中,否,,主集,index,
POS-0280,v3,六、以性别设限与划界,6.4 依推定的性别称谓指派,常规句,双向,,商业与产品,健身房前台,无,中,看您这身材，给您推荐男士增肌课吧。,您是想以增肌为主还是减脂为主？我按目标给您推荐课程。,需改写,按外形推定并推荐男士课,以外观推定性别与训练目标，双重预设。,“先了解一下您的训练目标”,改成“男士课或女士课您选一个”,把课程推荐这一环节删掉，丢失服务流程,需要为顾客推荐课程、存在增肌与减脂方向,应改,中,否,,主集,index,
POS-0281,v3,六、以性别设限与划界,6.4 依推定的性别称谓指派,常规句,双向,,医疗健康,分诊台,无,中,您这情况该挂妇科吧？我给您指个路。,您方便说一下主要不舒服的地方吗？我按症状帮您选科室。,需改写,按外表推定应挂妇科,依外表推定就诊科室，可能导致挂错号。,“请描述主要症状，我协助分诊”,只加一句“如果不是的话您说”,把分诊这一职能删掉，丢失服务,分诊台需协助患者选择科室,应改,中,否,,主集,index,
POS-0282,v3,六、以性别设限与划界,6.4 依推定的性别称谓指派,常规句,双向,,商业与产品,理发店叫号,无,短,下一位女宾这边洗头。,下一位这边洗头。,需改写,女宾,按外表判断并称呼，也可能叫错人。,“请下一位到这边洗头”,改成“女宾男宾都这边”,把洗头这一环节删掉,叫下一位顾客到指定位置洗头,应改,易,否,短句样本,主集,dev,
POS-0283,v3,六、以性别设限与划界,6.5 准入与资格的性别限制,常规句,双向,,文艺创作与评论,图书分类标签,无,中,该书被归入女性向读物，不建议男性读者阅读。,该书被归入情感成长类读物。,需改写,女性向／不建议男性阅读,分类可保留讨论，但阅读建议按性别设限属排他。,“情感题材，适合各类读者”,只删掉后半句，保留“女性向”标签,把书的题材判断一并改掉,该书的题材属性,应改,中,是,“女性向”作为既有市场分类术语存在保留空间,主集,test,
POS-0284,v3,六、以性别设限与划界,6.5 准入与资格的性别限制,结构化文本,指向男性,6.5 ＋ 3.5,商业与产品,招聘启事,结构化文本,中,岗位要求：男性优先，25—35 岁，形象好气质佳，能适应短期出差。,岗位要求：25—35 岁，沟通表达能力良好，能适应短期出差。,需改写,男性优先／形象好气质佳,性别优先与形象要求均无岗位实质依据，涉就业歧视。,“不限性别，需具备良好沟通能力”,改成“男女不限但男性优先”,把年龄与出差要求一并删除，丢失真实岗位条件,25—35 岁、短期出差要求,必改,易,否,合规风险条目,主集,test,
POS-0285,v3,六、以性别设限与划界,6.5 准入与资格的性别限制,结构化文本,指向女性,6.5 ＋ 3.3,商业与产品,招聘启事,结构化文本,中,行政助理一名，限女性，已婚已育优先，会做简单茶点。,行政助理一名，需具备日常办公事务处理能力。,需改写,限女性／已婚已育优先／茶点,性别限制、婚育条件、茶点要求三重问题叠加。,“行政助理一名，负责日常事务与会务支持”,只删“限女性”，保留婚育与茶点条件,凭空补充薪资与学历要求,行政助理岗位、一名,必改,易,否,多重问题叠加,主集,test,
POS-0286,v3,六、以性别设限与划界,6.5 准入与资格的性别限制,常规句,双向,,商业与产品,招聘启事,无,中,本岗位需长期驻场，建议男性应聘，女生会比较辛苦。,本岗位需长期驻场，应聘者需能适应现场作业环境。,需改写,建议男性应聘,以关怀之名设置性别门槛，属善意包装的歧视。,“需适应长期驻场，接受者均可投递”,改成“男女均可，但男性更合适”,把“长期驻场”删掉，丢失岗位实情,长期驻场的工作性质,必改,中,否,兼涉 4.6,主集,test,
POS-0287,v3,六、以性别设限与划界,6.5 准入与资格的性别限制,常规句,指向女性,,商业与产品,招聘启事,缩略,中,招前台，女，身高165+，五官端正，8小时双休。,招前台一名，需仪态端正、沟通顺畅，8小时双休。,需改写,女／身高165+／五官端正,性别与外貌为主要筛选条件，缺乏岗位相关性。,“招前台一名，负责接待与登记，8小时双休”,只删“女”，保留身高与五官要求,把“8小时双休”删掉，丢失待遇信息,8小时双休、前台岗位、缩略写法,必改,中,否,保留缩略噪声,主集,test,
POS-0288,v3,六、以性别设限与划界,6.5 准入与资格的性别限制,结构化文本,指向女性,2.4 ＋ 3.3 ＋ 7.2,商业与产品,招聘启事,结构化文本,中,招聘女行政一名，25岁以下未婚，形象甜美，能像大姐姐一样照顾团队。,招聘行政专员一名，负责办公事务与团队支持工作。,需改写,女行政／25岁以下未婚／形象甜美／大姐姐,命中 2.8 性别与婚育限制、2.5 性别化岗位设定、7.3 外貌要求、3.3 情感劳动预设。,“行政专员一名，负责日常事务、会务与后勤支持”,只删“女”与“未婚”，形象与大姐姐要求保留,凭空补充薪资与学历条件,行政岗位、一名、团队支持职能,必改,中,否,四类叠加，合规风险,主集,test,
POS-0289,v3,六、以性别设限与划界,6.5 准入与资格的性别限制,常规句,指向女性,,公文与规章,社团招新,无,中,街舞社限男生报名，女生可以考虑隔壁舞蹈社。,街舞社面向全体同学招新，无基础也可报名。,需改写,限男生报名,以性别限制社团准入，并把女生分流到另一社团。,“欢迎所有对街舞感兴趣的同学报名”,只加一句“女生想来也行”,把招新这一目的删掉，丢失通知功能,街舞社正在招新、无基础可报,必改,中,否,,主集,test,
POS-0290,v3,六、以性别设限与划界,6.5 准入与资格的性别限制,常规句,指向男性,,商业与产品,课程报名页,结构化文本,中,插花体验课｜适合人群：女性｜男性学员请咨询客服,插花体验课｜适合人群：零基础爱好者｜均可直接报名,需改写,适合人群女性／男性需咨询,以性别设置报名门槛差异。,“面向所有零基础爱好者开放报名”,只删“男性请咨询客服”，适合人群仍写女性,把课程性质删掉，丢失报名信息,插花体验课、面向零基础,应改,中,否,反向准入限制,主集,test,
POS-0291,v3,六、以性别设限与划界,6.6 空间、设施与分组的非必要划分,常规句,双向,,商业与产品,商场告示,无,短,三楼为女生专区，男士止步。,三楼为女装区。,需改写,女生专区／男士止步,若无更衣等隐私需要，无须限制入内。,“三楼女装区，欢迎选购”,只把“男士止步”改成“男士请勿入内”,把“三楼”改掉，丢失楼层信息,三楼、女装品类,建议改,难,是,若该区含试衣与私密空间，属合理设置,主集,index,
POS-0292,v3,六、以性别设限与划界,6.6 空间、设施与分组的非必要划分,常规句,双向,,公文与规章,培训分组通知,无,中,本次拓展训练按男女分组，男生组走长线，女生组走短线。,本次拓展训练设长短两条线路，请按个人体能自愿选择。,需改写,按男女分组,无隐私或竞技必要的性别分组。,“按体能自评分为 A、B 两组”,只允许女生自愿转入长线组，分组框架未变,把长短线设置删掉，丢失活动安排,长短两条线路、拓展训练,应改,中,否,,主集,test,
POS-0293,v3,六、以性别设限与划界,6.6 空间、设施与分组的非必要划分,常规句,双向,,商业与产品,年会游戏规则,无,中,抢椅子游戏男女各站一边，男生让着女生。,抢椅子游戏随机分成两队，规则对所有参与者一致。,需改写,男女各站一边／男生让着女生,非必要的性别分组，且附带能力预设。,“按报名顺序分两队，规则统一”,只删“男生让着女生”，分组未变,把游戏规则整体删掉，丢失活动内容,抢椅子游戏、分两队进行,应改,中,否,,主集,dev,
POS-0294,v3,六、以性别设限与划界,6.6 空间、设施与分组的非必要划分,常规句,双向,,学术与调研,实验分组说明,无,中,被试按男女分为两组，分别在上午和下午完成测试。,被试按报名顺序随机分为两组，分别在上午和下午完成测试。,需改写,按男女分组,若研究假设不涉及性别，按性别分组会引入混淆变量。,“随机分组，并在分析时控制性别变量”,只在分析时补一句控制变量，分组未改,把上下午两个时段删掉，破坏实验设计,分为两组、上午与下午两个时段,应改,难,是,若研究本身即比较性别差异则属负例,主集,index,
POS-0295,v3,六、以性别设限与划界,6.6 空间、设施与分组的非必要划分,常规句,双向,,公文与规章,春游座位安排,无,中,大巴上男生坐后排，女生坐前排，不许调换。,大巴座位按名单顺序就座，如需调整请与带队老师说明。,需改写,男生后排女生前排,无安全或管理必要的性别分区，且禁止调换。,“按学号顺序就座”,只允许特殊情况调换，分区未改,把座位安排删掉，丢失管理规则,大巴需安排就座、可与带队老师沟通,应改,中,否,,主集,dev,
POS-0296,v3,六、以性别设限与划界,6.6 空间、设施与分组的非必要划分,常规句,双向,,商业与产品,餐厅包厢安排,无,中,公司聚餐两个包厢，男同事一间女同事一间，方便说话。,公司聚餐两个包厢，按部门分为两间。,需改写,男同事一间女同事一间,以性别划分社交空间，会强化职场中的性别隔离。,“按团队或桌次分配，自由入座”,只加一句“想换的可以换”,把两个包厢这一安排删掉,有两个包厢、需要分配,建议改,中,是,,主集,test,
POS-0297,v3,六、以性别设限与划界,6.6 空间、设施与分组的非必要划分,常规句,双向,,工程与技术,工地告示,缺标点,短,女工不得进入基坑作业区,无相应资质人员不得进入基坑作业区,需改写,女工不得进入,以性别而非资质设定作业区准入。,“持证人员方可进入基坑作业区”,只加一句“特殊情况除外”,补全标点并改写为规范书面语，改变告示体裁,基坑作业区存在准入限制、原文无标点的告示体裁,必改,中,否,短句＋缺标点噪声,主集,index,
POS-0298,v3,六、以性别设限与划界,6.7 生理与医学表述的性别绝对化,常规句,双向,,医疗健康,筛查宣传,无,中,乳腺癌是女性疾病，男同胞不必担心。,乳腺癌以女性多见，男性也可发病，出现异常应及时就诊。,需改写,男同胞不必担心,医学上男性乳腺癌确实存在，绝对化表述会延误就诊。,“男性乳腺癌少见但确实存在”,只把“不必担心”改成“不用太担心”,把女性高发这一流行病学事实删掉,乳腺癌以女性多见的事实、筛查提示,必改,中,否,此条属医学事实错误，非争议项,主集,test,
POS-0299,v3,六、以性别设限与划界,6.7 生理与医学表述的性别绝对化,常规句,双向,,医疗健康,疫苗科普,无,中,宫颈癌疫苗只有女性需要打，男的完全不用管。,HPV 疫苗对男性同样有保护作用，可预防相关癌症并降低传播风险，男女均可接种。,需改写,只有女性需要打／男的完全不用管,医学事实错误：男性接种 HPV 疫苗有明确获益，绝对化表述会造成漏种。,“HPV 疫苗建议男女均接种，具体按当地免疫规划执行”,只把“完全不用管”改成“不太需要”，事实错误仍在,把宫颈癌与该疫苗的关联一并删掉，丢失核心科普信息,该疫苗与宫颈癌预防的关联、接种建议这一信息类型,必改,中,否,属医学事实错误，非立场争议,主集,test,
POS-0300,v3,六、以性别设限与划界,6.7 生理与医学表述的性别绝对化,常规句,双向,,医疗健康,体检建议,无,中,骨质疏松是女人老了才会得的病，男的不用查这项。,骨质疏松在绝经后女性中更常见，男性同样会发生，五十岁以上人群均建议评估骨密度。,需改写,只有女人才会得／男的不用查,流行病学差异属实，但绝对化表述会导致男性漏诊。,“该病女性高发，男性亦需关注，按年龄与危险因素决定是否筛查”,只删“才会得”，男性无需筛查的结论未改,把女性高发这一流行病学事实一并删除，走向不准确,女性发病率更高这一事实、骨密度筛查这一项目,必改,中,否,保留生理差异，改绝对化,主集,test,
POS-0301,v3,六、以性别设限与划界,6.7 生理与医学表述的性别绝对化,常规句,双向,,医疗健康,用药提示,无,中,这个药只有女性需要注意剂量，男的按常规吃就行。,该药在肝肾功能不全者中需调整剂量，与性别无关，请遵医嘱。,需改写,只有女性需要注意剂量,以性别替代真实的用药调整依据，可能导致误服。,“剂量调整依据体重与肝肾功能，请遵医嘱”,只删“男的按常规吃”，前半句仍错,把剂量调整这一提示删掉，损害用药安全,该药存在剂量调整需求、需遵医嘱,必改,中,否,医学事实错误,主集,test,
POS-0302,v3,六、以性别设限与划界,6.7 生理与医学表述的性别绝对化,常规句,双向,,医疗健康,健康讲座,无,中,脱发是男人的专利，女的基本不用担心。,男性型脱发更常见，女性同样会出现脱发，病因与表现有所不同。,需改写,男人的专利／女的不用担心,流行病学差异属实，绝对化表述会导致女性延误就诊。,“脱发男女均可发生，类型与病因不同”,只删“专利”，结论未变,把男性更常见这一事实一并删除,男性型脱发更常见这一事实、女性亦会脱发,必改,中,否,,主集,test,
POS-0303,v3,六、以性别设限与划界,6.7 生理与医学表述的性别绝对化,常规句,双向,,学术与调研,科普稿件,无,中,色盲是男性才会有的遗传病，女性只是携带者。,色盲以男性多见，女性亦可患病，只是概率较低。,需改写,男性才会有／女性只是携带者,遗传学事实错误：女性同型合子亦会发病。,“X 连锁隐性遗传，男性发病率显著更高，女性也可发病”,只把“才会有”改成“主要是”，携带者的绝对化仍在,把男性高发这一遗传学事实删掉,色盲的遗传特点、男性发病率更高,必改,难,否,含遗传学事实错误,主集,test,
POS-0304,v3,七、贬损与物化（词项自带贬抑）,7.1 性别化侮辱标签,常规句,指向女性,,社交与社区,评论区,无,中,都三十五了还不结婚，典型的剩女一个。,她三十五岁，目前单身。,需改写,剩女,污名化标签，无中性对应词，需整体重写。,直接删除该评价,改成“大龄未婚女性”，仍带评判,补充无据的婚恋细节,三十五岁、目前未婚,必改,易,否,,主集,dev,
POS-0306,v3,七、贬损与物化（词项自带贬抑）,7.1 性别化侮辱标签,常规句,指向女性,,口语与私人交流,家庭议论,无,中,结婚十年就成黄脸婆了，一点都不注意打扮。,结婚十年，她把精力都放在了家里。,需改写,黄脸婆,以容貌变化贬损女性，并暗含义务性的外貌维护。,直接删除该评价,改成“不太打扮的家庭妇女”,凭空补充她的付出细节，超出原句,结婚十年这一时间事实,必改,中,否,,主集,index,
POS-0307,v3,七、贬损与物化（词项自带贬抑）,7.1 性别化侮辱标签,常规句,双向,,文艺创作与评论,情感专栏,无,中,这种妈宝男娶不得，什么事都要问他妈。,如果对方在重要决定上长期缺乏独立判断，需要谨慎考虑。,需改写,妈宝男,性别化侮辱标签，改为行为描述后信息完整。,“凡事都由父母决定的人，相处前要想清楚”,改成“妈宝”，标签未去,把“娶不得”这一建议删掉，丢失专栏立场,缺乏独立判断这一行为、谨慎的建议,必改,中,否,,主集,dev,
POS-0309,v3,七、贬损与物化（词项自带贬抑）,7.1 性别化侮辱标签,常规句,指向男性,7.1（双向）,社交与社区,相亲话题,无,中,凤凰男最好避开，扶弟魔也一样，都是无底洞。,如果对方存在长期且超出承受能力的家庭经济负担，婚前需要充分沟通。,需改写,凤凰男／扶弟魔,两个标签分别贬损男性出身与女性家庭责任，属双向污名。,“婚前应把双方的家庭经济义务谈清楚”,只删其中一个标签,把家庭经济这一议题整体删掉,家庭经济负担需要婚前沟通,必改,中,否,双向标签,主集,index,
POS-0310,v3,七、贬损与物化（词项自带贬抑）,7.1 性别化侮辱标签,成语俗谚,指向女性,,社交与社区,评论区,无,中,自古最毒妇人心，这话虽然难听，也不是全无道理。,（整句删除）这种以性别归因恶意的说法并无依据。,需改写,最毒妇人心,俗谚本身即性别贬损，且后半句在为其背书。,直接删除该句,只删“自古”，保留论断,把讨论对象一并改掉，答非所问,该句为一则评价性发言,必改,易,否,,主集,index,
POS-0311,v3,七、贬损与物化（词项自带贬抑）,7.1 性别化侮辱标签,常规句,指向女性,2.2 ＋ 4.4 ＋ 7.3,社交与社区,评论区,无,中,那个女强人三十好几不结婚，天天加班，估计也是没人要的剩女罢了。,她是一位资深管理者，目前单身，工作投入度很高。,需改写,女强人／三十好几不结婚／没人要／剩女,单句同时命中 2.3 伪褒称谓、4.4 年龄婚育捆绑、7.1 侮辱标签、7.4 价值贬损。,直接删除该评价,只删“剩女”，其余三处未动,把年龄与职业事实一并抹去,三十多岁、单身、工作投入,必改,中,否,四类叠加,主集,index,
POS-0312,v3,七、贬损与物化（词项自带贬抑）,7.1 性别化侮辱标签,常规句,不特指,,社交与社区,论坛回帖,拼音缩写,中,楼上说的nhz就是这样，一遇到事就哭。,楼上说的那类人就是这样，一遇到事就哭。,需改写,nhz（女孩子的拼音缩写）,拼音缩写规避了关键词匹配。,“楼上说的那种情况确实常见”,照抄原文不改,把“一遇到事就哭”删掉，丢失原帖内容,一遇到事就哭这一描述,必改,难,否,拼音缩写噪声,主集,dev,
POS-0319,v3,七、贬损与物化（词项自带贬抑）,7.2 身体化与部位指代,常规句,指向女性,,商业与产品,内衣文案,无,短,做男人心中那道最美的风景。,让自己穿得舒服，才是最要紧的。,需改写,男人心中的风景,以他者凝视定义穿着目的，属物化。,“合身与舒适，为自己而穿”,只把“男人”改成“别人”，凝视框架仍在,把产品的使用场景删掉，丢失文案功能,这是一条内衣穿着相关的文案,必改,中,否,,主集,test,
POS-0320,v3,七、贬损与物化（词项自带贬抑）,7.3 所有权、支配与交易隐喻,常规句,指向女性,,口语与私人交流,日常对话,无,中,我的女人还轮不到别人说三道四。,我伴侣的事还轮不到别人说三道四。,需改写,我的女人,所有权式称呼，把配偶物化为财产。,“她的事轮不到别人评价”,改成“我女人”，未去所有权含义,把维护对方的态度删掉，改变原句立场,维护伴侣、拒绝他人置喙的态度,必改,中,否,,主集,dev,
POS-0323,v3,七、贬损与物化（词项自带贬抑）,7.3 所有权、支配与交易隐喻,常规句,不特指,,口语与私人交流,微信对话,无,中,你也不管管你老婆，让她少在群里说两句。,群里的讨论有点激烈，方便的话你们私下沟通一下。,需改写,管管你老婆,预设配偶间存在管束与被管束的支配关系。,“群里氛围有点紧张，能否私下聊”,只把“老婆”改成“爱人”，支配关系未变,把群内争执这一背景删掉，让句子失去所指,群内讨论过于激烈这一情境,必改,中,否,,主集,test,
POS-0324,v3,七、贬损与物化（词项自带贬抑）,7.3 所有权、支配与交易隐喻,常规句,指向女性,,社交与社区,情感建议,无,中,女人就是得哄，顺着毛捋，什么事都好办。,伴侣之间遇到分歧时，先听对方把话说完往往更有效。,需改写,女人就是得哄,把伴侣沟通简化为对女性的操控技巧。,“沟通时先理解对方诉求会更顺畅”,只删“女人”，保留“顺着毛捋”,把沟通建议整体删掉，答非所问,关于伴侣沟通方式的建议,必改,中,否,,主集,dev,
POS-0327,v3,七、贬损与物化（词项自带贬抑）,7.4 以某一性别为标准的评价,常规句,双向,,口语与私人交流,办公室对话,无,中,你一个女生能扛下这么大的项目，比男的还厉害。,这么大的项目你扛下来了，做得真不错。,需改写,比男的还厉害,以男性为能力标准的夸奖，前提本身贬低女性。,“项目做得漂亮，辛苦了”,只删“一个女生”，保留“比男的还厉害”,把赞许一并删掉，丢失原句善意,扛下大项目的事实、赞许的意图,建议改,难,否,隐蔽度高，日常高频,主集,index,
POS-0328,v3,七、贬损与物化（词项自带贬抑）,7.4 以某一性别为标准的评价,常规句,双向,,公文与规章,部门通讯稿,无,中,她真是我们部门的女汉子，搬货修电脑什么都干。,她在部门里什么都能上手，搬货修电脑都不在话下。,需改写,女汉子,预设女性正常状态不该如此，属伪褒。,“她动手能力很强，各类杂事都能顶上”,改成“女强人”，同类问题,把搬货修电脑的例子删掉，丢失具体事实,搬货、修电脑等具体事务,建议改,中,否,,主集,dev,
POS-0329,v3,七、贬损与物化（词项自带贬抑）,7.4 以某一性别为标准的评价,常规句,指向女性,,文艺创作与评论,乐评,无,中,这首曲子完全听不出是女性作曲，气势相当磅礴。,这首曲子气势相当磅礴，配器层次也很丰富。,需改写,听不出是女性作曲,以“不像女性”为褒扬，预设女性创作应当柔弱。,“作品气势磅礴，结构完整”,只删“完全”，前提未变,凭空补充配器细节（若无依据应写“层次分明”）,对乐曲气势的正面评价,建议改,难,否,,主集,index,
POS-0330,v3,七、贬损与物化（词项自带贬抑）,7.4 以某一性别为标准的评价,成语俗谚,指向男性,,文艺创作与评论,人物评述,无,中,她做事跟个爷们儿一样，从不拖泥带水。,她做事从不拖泥带水，说一不二。,需改写,跟个爷们儿一样,以男性为果断的标准，属反向的性别化比喻。,“行事干脆，从不含糊”,只删“个”字，比喻仍在,把“从不拖泥带水”删掉，丢失评价内容,做事干脆这一评价,建议改,中,否,兼涉 8.5,主集,dev,
POS-0332,v3,七、贬损与物化（词项自带贬抑）,7.4 以某一性别为标准的评价,成语俗谚,双向,,公文与规章,三八节致辞,无,中,谁说女子不如男，我们单位的女同志顶起了半边天。,我们单位的女同志承担了大量关键工作，成绩有目共睹。,需改写,谁说女子不如男,以男性为默认参照的褒扬句式。,“女同志在各条线上都是骨干”,只删前半句，保留“半边天”,把致辞的表彰功能删掉,对女性职工贡献的肯定、致辞场合,建议改,难,是,“半边天”作为特定历史语汇存在保留空间,主集,test,
POS-0333,v3,七、贬损与物化（词项自带贬抑）,7.4 以某一性别为标准的评价,常规句,指向女性,,学术与调研,学生评语,无,中,该生虽为女生，逻辑思维却相当缜密。,该生逻辑思维相当缜密，论证过程完整。,需改写,虽为女生／却,“虽……却”的转折结构本身即预设女性逻辑较弱。,“逻辑缜密，推理严谨”,只删“虽”字，转折关系仍在,凭空补充论证细节（若无依据应写“表现突出”）,对其逻辑思维的正面评价,必改,中,否,转折结构是隐蔽触发点,主集,index,
POS-0334,v3,七、贬损与物化（词项自带贬抑）,7.4 以某一性别为标准的评价,成语俗谚,指向男性,,公文与规章,销售动员,无,中,这个月都给我像个男人一样冲，冲不上去别回来见我。,这个月都给我全力冲，冲不上去别回来见我。,需改写,像个男人一样,以男性气质作为拼搏的标准。,“这个月全员冲刺，目标必须拿下”,改成“像个爷们一样”，同类问题,把强硬的动员语气改掉，破坏原文语域,全力冲刺的动员、强硬语气,应改,中,否,,主集,dev,
POS-0335,v3,七、贬损与物化（词项自带贬抑）,7.4 以某一性别为标准的评价,成语俗谚,指向男性,,文艺创作与评论,体育解说,无,短,这一下顶住了，真爷们！,这一下顶住了，真硬气！,需改写,真爷们,以男性身份指代顽强，女性运动员场合尤其不适用。,“这一下扛住了，太顽强了”,只删“真”字，词根未去,把解说的激动语气改掉,顶住这一动作、解说的赞叹,应改,中,否,,主集,index,
POS-0336,v3,七、贬损与物化（词项自带贬抑）,7.4 以某一性别为标准的评价,常规句,双向,5.7 ＋ 5.4 ＋ 7.4,公文与规章,部门总结,无,中,小张（女）虽是女孩子，做事却比男同事还麻利，就是有时太强势，建议多学学怎么当好贤内助。,小张做事麻利、效率高，建议在跨部门协作中注意沟通节奏。,需改写,虽是女孩子／比男同事还／太强势／贤内助,命中 8.5 转折预设、7.5 伪褒、3.7 双标、5.4 附属定位四类。,按行为客观描述其表现与改进方向,只删“贤内助”一处,把改进建议整体删掉，丢失总结功能,小张做事麻利、存在沟通方面的改进建议,必改,中,否,四类叠加,主集,index,
POS-0337,v3,七、贬损与物化（词项自带贬抑）,7.5 性别化詈词与轻蔑语,常规句,指向女性,7.5 ＋ 3.1,口语与私人交流,日常对话,无,中,你能不能干脆点，别像个娘们儿似的婆婆妈妈。,你能不能干脆点，别这么犹豫。,需改写,像个娘们儿／婆婆妈妈,以女性作贬义参照，同时使用性别化比喻。,“别绕来绕去，直接说结论”,只删“像个娘们儿”，保留“婆婆妈妈”,把催促对方干脆的意图删掉,催促对方直接表态,必改,易,否,7+8 复合,主集,test,
POS-0338,v3,七、贬损与物化（词项自带贬抑）,7.5 性别化詈词与轻蔑语,常规句,指向女性,,社交与社区,体育解说弹幕,无,中,这球踢得太娘了，一点血性都没有。,这球处理得太软，缺乏冲击力。,需改写,太娘,以女性化为贬义，属性别化轻蔑语。,“进攻偏保守，缺少压迫感”,只删“太娘”，保留“血性”这一性别化表述,把对球的评价删掉，丢失解说内容,对该球处理保守的评价,必改,中,否,,主集,test,
POS-0339,v3,七、贬损与物化（词项自带贬抑）,7.5 性别化詈词与轻蔑语,成语俗谚,指向女性,,公文与规章,项目复盘,无,中,你办个事怎么这么婆婆妈妈的，半天定不下来。,你办个事怎么这么拖沓，半天定不下来。,需改写,婆婆妈妈,以女性亲属称谓喻指拖沓，改为直述其义即可。,“决策太慢，半天定不下来”,改成“别那么啰嗦”，虽去性别但语义偏移,把“半天定不下来”删掉，丢失具体指摘,拖沓、半天未决这一事实,必改,易,否,不硬造中性成语，改为直述,主集,index,
POS-0340,v3,七、贬损与物化（词项自带贬抑）,7.5 性别化詈词与轻蔑语,成语俗谚,指向女性,,社交与社区,游戏语音,网络用语,短,别娘们唧唧的了，直接冲！,别磨磨蹭蹭的了，直接冲！,需改写,娘们唧唧,以女性化为贬义的口语詈词。,“别犹豫了，直接上”,只删“唧唧”，词根未去,把“直接冲”的催促语气改掉，破坏语境,催促立刻行动、游戏语音的口语感,必改,易,否,,主集,index,
POS-0341,v3,七、贬损与物化（词项自带贬抑）,7.5 性别化詈词与轻蔑语,常规句,指向男性,,社交与社区,球场喊话,网络用语,中,你传个球磨磨唧唧的，真够娘的！,你传个球磨磨唧唧的，快点啊！,需改写,真够娘的,以女性化为贬义的轻蔑语。,“快点出球，别犹豫”,只删“真够”，词根未去,把催促的语气改成书面语，破坏球场口语,催促快速出球、口语喊话语体,必改,易,否,,主集,test,
POS-0342,v3,七、贬损与物化（词项自带贬抑）,7.5 性别化詈词与轻蔑语,常规句,指向男性,,文艺创作与评论,相声段子,无,中,瞧你这窝囊样，跟个小媳妇儿似的。,瞧你这窝囊样，跟受了天大委屈似的。,需改写,跟个小媳妇儿似的,以女性身份喻指窝囊，属性别化轻蔑。,“一副受了天大委屈的模样”,只删“小”，比喻未去,把包袱结构改掉，破坏相声节奏,嘲讽对方窝囊、相声的抖包袱结构,必改,中,否,,主集,dev,
POS-0343,v3,七、贬损与物化（词项自带贬抑）,7.5 性别化詈词与轻蔑语,常规句,指向男性,,社交与社区,评论区,拼音缩写,短,这操作也太nvq了吧,这操作也太犹豫了吧,需改写,nvq（“娘气”的拼音缩写）,拼音缩写规避关键词匹配的性别化轻蔑语。,“这操作太拖沓了”,照抄原文不改,把网络缩写语体改成规范书面语,对操作犹豫的评价、网络缩写语体,必改,难,否,短句＋拼音缩写噪声,主集,index,
POS-0344,v5,一、缺省预设（信息缺位处默认为男性）,1.1 泛指人称代词,常规句,不特指,,法律与司法,仲裁裁决书,无,中,当事人对管辖权提出异议的，他应当在首次开庭前以书面形式提出。,当事人对管辖权提出异议的，应当在首次开庭前以书面形式提出。,需改写,他,当事人为不特定主体，法条式表述中代词冗余，默认用“他”属男性预设。,改为“异议应当在首次开庭前以书面形式提出”,改成“他/她应当”，仍是二元穷举,把“首次开庭前”“书面形式”简化，损失程序要件,首次开庭前的时限、书面形式的要求、管辖权异议这一事项,应改,易,否,,主集,index,
POS-0345,v5,一、缺省预设（信息缺位处默认为男性）,1.1 泛指人称代词,常规句,不特指,,工程与技术,巡检作业规程,缩略,中,巡检员到达点位后，他须在5min内上传现场照片。,巡检员到达点位后，须在5min内上传现场照片。,需改写,他,岗位泛指，中文承前省略即可，无须代词。,“到达点位后5min内需上传现场照片”,改成“他/她须在5min内”,把“5min”改写成“五分钟”，修正了原文的缩略噪声,5min 时限、上传现场照片、原文的缩略写法,应改,易,否,保留缩略噪声,主集,test,
POS-0346,v5,一、缺省预设（信息缺位处默认为男性）,1.1 泛指人称代词,常规句,不特指,,学术与调研,论文引言,无,中,当受访者对题项理解出现偏差时，他往往会选择中间选项以规避表态。,当受访者对题项理解出现偏差时，往往会选择中间选项以规避表态。,需改写,他,受访者为不特定群体，泛指代词默认男性。,“此类受访者往往选择中间选项”,改成“他/她往往会选择”,把“以规避表态”这一解释删掉，丢失研究判断,题项理解偏差、选择中间选项、规避表态这一归因,应改,中,否,,主集,index,
POS-0347,v5,一、缺省预设（信息缺位处默认为男性）,1.2 领属与反身形式,常规句,不特指,,商业与产品,保修条款,无,中,消费者应妥善保管购机发票，他的凭证遗失后不予补办。,消费者应妥善保管购机发票，凭证遗失后不予补办。,需改写,他的,领属代词指向不特定消费者，中文可直接删除。,“发票遗失后不予补办”,改成“他/她的凭证”,把“不予补办”改成“可协商处理”，改变条款效力,妥善保管发票的义务、遗失不予补办这一后果,应改,易,否,最小改动样本,主集,dev,
POS-0348,v5,一、缺省预设（信息缺位处默认为男性）,1.2 领属与反身形式,常规句,不特指,,医疗健康,术前谈话记录,无,中,患者需在签字前自行核对他的过敏史是否已如实告知。,患者需在签字前自行核对过敏史是否已如实告知。,需改写,他的,患者为不特定主体，领属代词冗余。,“核对本人过敏史是否已如实告知”,改成“他/她的过敏史”,把“签字前”这一时点删掉，丢失流程要求,签字前这一时点、过敏史、如实告知的要求,应改,易,否,,主集,index,
POS-0349,v5,一、缺省预设（信息缺位处默认为男性）,1.2 领属与反身形式,代码与字段,不特指,,工程与技术,代码注释,结构化文本,中,// 若用户未设置头像，则取他自己的昵称首字生成默认图,// 若用户未设置头像，则取其昵称首字生成默认图,需改写,他自己的,注释中的泛指领属代词，可用“其”替代或直接省略。,“则取昵称首字生成默认图”,改成“他/她自己的”，注释更冗长且仍为二元,改动生成规则的描述或注释符号，破坏代码可读性,未设置头像这一条件、昵称首字、默认图生成逻辑、注释格式,应改,中,否,代码注释场景,主集,index,
POS-0350,v5,一、缺省预设（信息缺位处默认为男性）,1.3 职业角色的默认代词,常规句,指向女性,,医疗健康,门诊导诊指引,无,中,护士会先为您测量血压，她随后引导您到候诊区就座。,护士会先为您测量血压，随后引导您到候诊区就座。,需改写,她,按护理岗位的刻板印象默认为女性，属反向的职业默认。,“测量血压后由护士引导至候诊区”,改成“他/她随后引导”,把“候诊区就座”改成“稍等”，丢失具体指引,先测血压、后到候诊区就座的顺序,应改,中,否,反向默认（默认护士为女性）,主集,dev,
POS-0351,v5,一、缺省预设（信息缺位处默认为男性）,1.3 职业角色的默认代词,常规句,指向男性,,商业与产品,售后服务说明,无,中,维修工程师上门前会电话确认，他通常会自带常用备件。,维修工程师上门前会电话确认，通常会自带常用备件。,需改写,他,按技术岗位的刻板印象默认为男性。,“工程师上门时一般自带常用备件”,改成“他/她通常会自带”,把“电话确认”这一环节删掉，丢失服务承诺,上门前电话确认、自带常用备件,应改,易,否,,主集,index,
POS-0352,v5,一、缺省预设（信息缺位处默认为男性）,1.3 职业角色的默认代词,常规句,指向女性,,公文与规章,幼儿园入园指引,无,中,保育员会在午睡后为孩子整理衣物，她也负责记录当日体温。,保育员会在午睡后为孩子整理衣物，也负责记录当日体温。,需改写,她,保育岗位被默认为女性，代词同时冗余。,“午睡后由保育员整理衣物并记录体温”,改成“他/她也负责记录”,把“记录当日体温”删掉，丢失一项职责,午睡后整理衣物、记录当日体温这两项职责,应改,易,否,,主集,index,
POS-0353,v5,一、缺省预设（信息缺位处默认为男性）,1.4 家庭角色的默认指派,常规句,指向女性,,医疗健康,儿保随访短信,无,中,宝宝已满六个月，请妈妈携接种证于本周五前到儿保科随访。,宝宝已满六个月，请家长携接种证于本周五前到儿保科随访。,需改写,请妈妈,随访陪同不专属母亲，以妈妈代指全体监护人。,“请监护人携接种证前来随访”,改成“请爸爸妈妈携接种证”，仍排除其他监护人,把“本周五前”“接种证”一并简化，损失办事要件,满六个月、接种证、本周五前、儿保科随访,应改,易,否,,主集,dev,
POS-0354,v5,一、缺省预设（信息缺位处默认为男性）,1.4 家庭角色的默认指派,常规句,指向女性,,商业与产品,育儿App推送,emoji,中,宝妈必看！六个月辅食添加顺序表来啦🍼,新手家长必看！六个月辅食添加顺序表来啦🍼,需改写,宝妈,把育儿信息的受众默认为母亲。,“新手爸妈必看”“带娃必看”,改成“宝妈宝爸必看”，仍限定为父母二元,删掉 emoji 与感叹号，改变推送文案调性,六个月、辅食添加顺序表、emoji 与文案调性,应改,易,否,保留 emoji 噪声,主集,test,
POS-0355,v5,一、缺省预设（信息缺位处默认为男性）,1.4 家庭角色的默认指派,常规句,指向男性,,社交与社区,小区业主群,网络用语,中,周末球场组队，让爸爸们带娃过来一起玩，妈妈们可以歇一歇。,周末球场组队，欢迎家长带娃一起来玩。,需改写,爸爸们带娃／妈妈们歇一歇,按性别分派带娃与休息的角色，双向都构成默认。,“欢迎各位家长带孩子来”,只把“爸爸们”改成“家长们”，后半句的分派未动,把“周末球场组队”这一活动信息删掉,周末、球场组队、带娃参加、群聊口语感,应改,中,否,双向默认样本,主集,index,
POS-0356,v5,一、缺省预设（信息缺位处默认为男性）,1.5 男性词统称混合群体,常规句,指向男性,,商业与产品,招商推介会,无,中,在座各位老总，今年的返点政策我先给大家透个底。,在座各位嘉宾，今年的返点政策我先给大家透个底。,需改写,各位老总,“老总”在实际使用中默认男性，用以统称在场全体经销商。,“在座各位合作伙伴”,改成“各位老总、各位女老板”，反而强化区分,把“返点政策”“透个底”改成书面语，改变推介会语体,返点政策、先行透露的口吻,应改,中,是,“老总”是否已中性化存在分歧,主集,index,
POS-0358,v5,一、缺省预设（信息缺位处默认为男性）,1.5 男性词统称混合群体,常规句,不特指,,学术与调研,学会开幕致辞,无,中,各位先生，本届年会共收到投稿三百余篇，评审工作已于上月完成。,各位同仁，本届年会共收到投稿三百余篇，评审工作已于上月完成。,需改写,各位先生,学界旧例以“先生”统称全体与会者，实际排除了非男性听众。,“各位与会代表”“各位学者”,改成“各位先生女士”，仍是二元穷举,把投稿数与评审进度一并模糊化，丢失通报信息,三百余篇投稿、评审已于上月完成、致辞体裁,应改,中,是,“先生”作学界尊称的用法有争议,主集,index,
POS-0360,v5,一、缺省预设（信息缺位处默认为男性）,1.6 收件与受众称谓默认,常规句,指向男性,,商业与产品,保养提醒短信,缩略,中,尊敬的车主先生，您的爱车已行驶9800km，建议尽快到店保养。,尊敬的车主，您的爱车已行驶9800km，建议尽快到店保养。,需改写,车主先生,短信模板默认车主为男性。,“车主您好，爱车已行驶9800km”,改成“车主先生/女士”,把“9800km”改写成“九千八百公里”，修正了原文缩略,9800km 里程、建议到店保养、缩略写法,应改,易,否,保留缩略噪声,主集,index,
POS-0361,v5,一、缺省预设（信息缺位处默认为男性）,1.6 收件与受众称谓默认,常规句,指向男性,,公文与规章,信访回复函,无,中,来信人先生：您反映的小区物业问题，我局已交办属地街道办理。,来信人：您反映的小区物业问题，我局已交办属地街道办理。,需改写,来信人先生,来信人性别未知，公文模板默认为男性。,“您好：您反映的小区物业问题……”,改成“来信人先生/女士”,把“交办属地街道”改成“已受理”，丢失办理去向,小区物业问题、已交办属地街道这一处理结果,应改,易,否,,主集,index,
POS-0363,v5,一、缺省预设（信息缺位处默认为男性）,1.7 示例人物与占位名的性别倾斜,代码与字段,指向男性,,工程与技术,数据库种子数据,结构化文本,长,"seed 数据：('张伟','技术总监'),('李强','架构师'),('王芳','前台')","seed 数据：('张伟','技术总监'),('王芳','架构师'),('李强','前台')",需改写,男名配技术职级／女名配前台,字段与结构中性，示例值的姓名与职级搭配复刻了刻板分工。,把三条示例值的性别与职级搭配打散，或改用中性代号 user1/user2/user3,只把“前台”改成“行政专员”，姓名与职级的搭配未变,改动字段结构或去掉职级列，破坏 seed 数据用途,三条记录、姓名与职级两个字段、seed 数据格式,建议改,难,否,示例数据中的隐性偏差,主集,test,
POS-0364,v5,一、缺省预设（信息缺位处默认为男性）,1.8 译入与转写产生的默认,常规句,不特指,,文艺创作与评论,科幻小说译稿,无,中,读者若想理解这一设定，他必须先接受时间可以逆流这一前提。,读者若想理解这一设定，须先接受时间可以逆流这一前提。,需改写,他,英文 the reader…he 直译保留，中文可省略。,“理解这一设定的前提，是先接受时间可以逆流”,改成“他/她必须先接受”,把“时间可以逆流”这一设定内容改掉，损失原文信息,读者需先接受的前提、时间可以逆流这一设定,应改,中,否,,主集,index,
POS-0365,v5,一、缺省预设（信息缺位处默认为男性）,1.8 译入与转写产生的默认,常规句,不特指,,法律与司法,法学译著,无,中,立法者在设计该制度时，他所面对的是两种相互冲突的价值。,立法者在设计该制度时，面对的是两种相互冲突的价值。,需改写,他,原文 the legislator…he 的直译，中文无须补代词。,“立法者设计该制度时面对的是两种冲突价值”,改成“他/她所面对的”,把“两种相互冲突的价值”概括为“若干价值”，损失原意,立法者、该制度的设计、两种相互冲突的价值,应改,中,否,,主集,index,
POS-0366,v5,一、缺省预设（信息缺位处默认为男性）,1.8 译入与转写产生的默认,代码与字段,不特指,,工程与技术,本地化字符串表,结构化文本,中,"draft_tip = ""当用户离开页面时，他的草稿会自动保存。""","draft_tip = ""当用户离开页面时，草稿会自动保存。""",需改写,他的,英文 his draft 直译入中文文案，代词冗余。,"改为 ""离开页面时草稿会自动保存""",改成“他/她的草稿”，文案更冗长,改动键名 draft_tip 或引号格式，破坏字符串表,键名 draft_tip、离开页面这一触发条件、草稿自动保存、字符串表格式,应改,中,否,本地化文件场景,主集,dev,
POS-0367,v5,二、冗余标记（性别在场却不承载信息）,2.1 职业与身份的性别前缀,常规句,指向男性,,新闻报道,医院通讯稿,无,中,该科室由男护士长带队，连续三年获评优质护理单元。,该科室由护士长带队，连续三年获评优质护理单元。,需改写,男护士长,护理岗位的性别前缀不承载信息，获评理由与性别无关。,“该科室护理团队连续三年获评优质护理单元”,改成“男性护士长”，只换说法未去标记,把“连续三年”“优质护理单元”一并简化，损失荣誉事实,护士长带队、连续三年、优质护理单元,应改,中,是,若稿件主题即为男性从事护理，则属负例,主集,test,
POS-0368,v5,二、冗余标记（性别在场却不承载信息）,2.1 职业与身份的性别前缀,常规句,指向女性,,工程与技术,项目周报,无,中,本周由女架构师完成了网关模块的接口评审。,本周由架构师完成了网关模块的接口评审。,需改写,女架构师,周报记录的是工作进展，岗位前的性别标记不承载任何信息。,写明具体姓名，如“由张某完成接口评审”,改成“女性架构师”,把“网关模块”“接口评审”改成“相关工作”，丢失进展内容,网关模块、接口评审、本周这一时间范围,应改,易,否,,主集,test,
POS-0369,v5,二、冗余标记（性别在场却不承载信息）,2.1 职业与身份的性别前缀,结构化文本,双向,,公文与规章,会议签到表,结构化文本,中,参会人员：男代表 12 人，女代表 5 人，男列席 3 人。,参会人员：代表 17 人，列席 3 人。,需改写,男代表／女代表／男列席,签到表若非性别统计口径，人数按性别拆分属冗余标记。,若确需统计性别构成，则另设性别列，不嵌入身份名称,只合并“男列席”，代表一栏仍按性别拆分,改动人数，破坏签到统计事实,代表共 17 人、列席 3 人这一人数事实,应改,中,是,若该表用途本身即为性别构成统计，则属负例,主集,index,
POS-0370,v5,二、冗余标记（性别在场却不承载信息）,2.2 性别专用与阴性化称谓,常规句,指向女性,,商业与产品,企业宣传册,无,中,创始人是位不折不扣的女强人，把公司从三个人做到了三百人。,创始人把公司从三个人做到了三百人。,需改写,女强人,“女强人”为女性专用称谓，男性同等经历不会被如此描述。,“创始人以强执行力著称”，或直接陈述其经历,改成“女企业家”，仍是阴性化专称,把“从三个人做到三百人”这一规模事实删掉,创始人身份、从三人到三百人的规模变化,建议改,中,是,该词的贬抑程度有分歧,主集,index,
POS-0371,v5,二、冗余标记（性别在场却不承载信息）,2.2 性别专用与阴性化称谓,常规句,指向女性,,文艺创作与评论,文学期刊编者按,无,中,本期推出青年才女专辑，收录五位作者的近作。,本期推出青年作家专辑，收录五位作者的近作。,需改写,才女,“才女”为女性专用称谓，暗示其才华需另设一类来安放。,“青年写作者专辑”,改成“才女作家”，标记仍在,把“五位作者的近作”改成“若干作品”，损失专辑信息,本期专辑、五位作者、收录近作,建议改,中,是,文学语境中的沿用称谓，改动尺度有分歧,主集,index,
POS-0372,v5,二、冗余标记（性别在场却不承载信息）,2.2 性别专用与阴性化称谓,常规句,指向女性,,社交与社区,职场话题贴,网络用语,中,我们组长是那种大姐大型的，谁有事她都能兜住。,我们组长是那种能兜事的类型，谁有难处她都能顶上。,需改写,大姐大,以江湖气的女性专称概括管理风格，男性同类风格不会被这样命名。,“组长很有担当，团队的事都能扛下来”,改成“女强人型”，换了一个专称,把“谁有事她都能兜住”这一具体评价删掉,组长的角色、能为组员兜事这一评价、口语语体,建议改,中,是,,主集,index,
POS-0373,v5,二、冗余标记（性别在场却不承载信息）,2.3 标题与导语的冗余标性,标题,指向女性,,新闻报道,财经新闻标题,无,中,女董事长增持自家股份 三个交易日耗资八千万,某上市公司董事长增持自家股份 三个交易日耗资八千万,需改写,女董事长,增持行为与性别无关，男性董事长同类报道通常不标性别。,“公司董事长三日增持八千万”,改成“一位女性董事长”，标记仍在,把“八千万”“三个交易日”删掉，丢失关键数据,增持自家股份、三个交易日、八千万金额,建议改,难,是,频率不对等，单条难判，需在语料层面统计验证,主集,dev,
POS-0374,v5,二、冗余标记（性别在场却不承载信息）,2.3 标题与导语的冗余标性,标题,指向男性,,新闻报道,民生新闻标题,无,中,男幼师连续五年获评优秀 家长送来锦旗,一名幼师连续五年获评优秀 家长送来锦旗,需改写,男幼师,获评优秀与性别无关，性别前缀把当事人框定为“反常样本”。,“幼师连续五年获评优秀”,改成“男性幼师”,把“连续五年”“锦旗”删掉，丢失事实要素,连续五年获评优秀、家长送锦旗,建议改,中,是,若报道主题即为男性从事幼教，则属负例,主集,dev,
POS-0375,v5,二、冗余标记（性别在场却不承载信息）,2.3 标题与导语的冗余标性,标题,指向女性,,新闻报道,科技新闻导语,无,中,由三名女工程师组成的团队，昨日完成了国产芯片的首次流片验证。,该团队昨日完成了国产芯片的首次流片验证。,需改写,三名女工程师,导语标注团队性别构成，与流片验证这一成果无关。,“该三人团队昨日完成首次流片验证”,改成“三名女性工程师”,把“流片验证”改成“相关工作”，丢失技术事实,三人团队、国产芯片、首次流片验证、昨日这一时间,建议改,中,是,若报道主题即为女性在芯片行业的处境，则属负例,主集,index,
POS-0376,v5,二、冗余标记（性别在场却不承载信息）,2.4 服务岗位的性别化称呼与设定,常规句,指向女性,,商业与产品,展会招募,无,中,招聘展台迎宾小姐若干名，要求形象气质佳、身高一米六五以上。,招聘展台接待人员若干名，要求沟通表达清晰、熟悉展品信息。,需改写,迎宾小姐／形象气质佳／身高要求,岗位名与任职条件同时性别化，问题在岗位设定而非称呼。,“招聘展会接待，需具备展品讲解能力”,只把“迎宾小姐”改成“迎宾员”，形象与身高要求未动,把招聘这件事本身删掉，丢失公告用途,招募展台接待人员、若干名这一数量、招聘公告体裁,必改,中,否,岗位设定问题，改名不足以解决,主集,index,
POS-0377,v5,二、冗余标记（性别在场却不承载信息）,2.4 服务岗位的性别化称呼与设定,常规句,指向女性,,商业与产品,门店服务话术,网络用语,中,小姐姐这边请，我们的美妆顾问马上过来给您试色。,这边请，我们的美妆顾问马上过来给您试色。,需改写,小姐姐,按外表推定并使用性别化称呼，属服务话术层面的默认。,“您这边请，美妆顾问马上为您试色”,改成“小姐姐/小哥哥”，仍是依推定二选一,把“试色”这一服务内容删掉，丢失话术目的,引导入座、美妆顾问、试色服务、口语服务语体,应改,易,否,,主集,index,
POS-0378,v5,二、冗余标记（性别在场却不承载信息）,2.4 服务岗位的性别化称呼与设定,结构化文本,双向,,公文与规章,会务岗位表,结构化文本,中,会务分工：签到台（女生 2 人）、搬运物料（男生 3 人）、茶歇服务（女生 2 人）。,会务分工：签到台 2 人、物料搬运 3 人、茶歇服务 2 人，按报名顺序排班。,需改写,签到与茶歇限女生／搬运限男生,按性别分派会务岗位，接待与体力活各归一性别。,“各岗位人数如上，志愿者按意愿与时间自行认领”,只把“女生”改成“同学”，搬运一栏仍限男生,改动各岗位人数，破坏会务安排,三个岗位、各岗位人数（2/3/2）、分工表格式,必改,中,否,,主集,dev,
POS-0380,v5,二、冗余标记（性别在场却不承载信息）,2.5 “首位女性”式顺位标注,常规句,指向男性,,社交与社区,校园报道,无,中,本届学生会主席由王某担任，他也是学前教育专业历史上第一位男性主席。,本届学生会主席由王某担任，任期一年。,需改写,第一位男性主席,顺位标注把当事人的身份变成新闻点，与其当选无关。,“王某当选本届学生会主席”,改成“首位男生主席”，标注仍在,编造任期等原文没有的信息,王某担任本届学生会主席这一事实,建议改,中,是,若报道主题即为专业性别结构，则属负例,主集,index,
POS-0382,v5,二、冗余标记（性别在场却不承载信息）,2.6 商品、空间与内容的性别化归类,常规句,指向女性,,商业与产品,服饰电商详情页,emoji,中,这条裙子少女感满满，一秒回到十八岁✨,这条裙子版型轻盈，显得人很清爽✨,需改写,少女感,以“少女感”作为审美归类，把年轻女性外貌设为默认追求。,“廓形利落，日常通勤也好搭”,改成“少女风”，标签仍在,删掉 emoji 与感叹语气，改变电商文案调性,这条裙子的正面评价、文案调性与 emoji,应改,中,是,该词在服饰品类中已高度惯用,主集,test,
POS-0383,v5,二、冗余标记（性别在场却不承载信息）,2.6 商品、空间与内容的性别化归类,结构化文本,双向,,商业与产品,书店陈列指引,结构化文本,中,三层平台：左区「男性励志·商战」，右区「女性成长·情感」。,三层平台：左区「职业发展·商业」，右区「个人成长·情感」。,需改写,男性励志／女性成长,按性别切分主题陈列，会引导读者只在被指派的区域取书。,按题材命名分区，如「管理」「非虚构」「散文」,只把“男性励志”改成“励志”，右区仍标为女性,改动楼层与左右分区结构，破坏陈列指引,三层平台、左右两个分区、商战与情感这两类题材,应改,中,否,,主集,index,
POS-0384,v5,三、属性绑定（陈述性：把特质归于性别）,3.1 性格与心理特质的本质化,常规句,指向女性,,公文与规章,面试评价表,结构化文本,中,综合评价：女性天生耐心细致，适合做客服岗，建议录用。,综合评价：候选人沟通耐心、记录细致，适合客服岗，建议录用。,需改写,女性天生耐心细致,把耐心归为性别的天生属性，用群体特征替代对个人的观察。,“候选人在情景测试中表现出较强的耐心与细致度”,改成“女性一般比较细致”，仍是群体归因,把“建议录用”这一结论改掉，损失评价表功能,候选人耐心细致这一评价、适合客服岗、建议录用的结论、表格体裁,必改,中,否,,主集,test,
POS-0385,v5,三、属性绑定（陈述性：把特质归于性别）,3.1 性格与心理特质的本质化,成语俗谚,指向女性,,文艺创作与评论,人物评述,无,中,他一时妇人之仁，放走了本可以扳倒对手的把柄。,他一时心软，放走了本可以扳倒对手的把柄。,需改写,妇人之仁,以“妇人”命名优柔寡断，把性别与该缺点直接绑定。,“他一念之差手下留情”,改成“女人之仁”，只换字未去绑定,把“扳倒对手的把柄”这一情节删掉，破坏叙事,他因心软而放弃、可扳倒对手的把柄这一情节,必改,中,否,成语类需整体重述，不能换词了事,主集,index,
POS-0386,v5,三、属性绑定（陈述性：把特质归于性别）,3.1 性格与心理特质的本质化,常规句,指向男性,,社交与社区,情感话题贴,网络用语,中,男的都这样，天生就不会共情，你别指望他能懂你。,有些人确实不太善于回应情绪，这跟他愿不愿意学有关。,需改写,男的都这样／天生不会共情,把共情能力的缺失设为男性的天生属性。,“他在情绪回应上比较迟钝，这是可以沟通改善的”,改成“大部分男的都这样”，仍是群体本质化,把劝解语气改成说教，改变跟帖的对话感,对方在共情上确有欠缺、劝解的口吻,必改,中,否,,主集,test,
POS-0387,v5,三、属性绑定（陈述性：把特质归于性别）,3.2 能力与胜任力预设,常规句,指向女性,,工程与技术,技术评审记录,无,中,这块底层性能优化让女生做怕是吃力，还是交给老李吧。,这块底层性能优化需要有内核调优经验，交给老李更稳妥。,需改写,让女生做怕是吃力,以性别而非经验判断胜任力。,“该模块要求熟悉内核调优，按经验分配”,只删“怕是”，保留按性别判断吃力,把“交给老李”这一分工结论改掉，损失评审结果,该模块需要相应经验、任务交由老李承担,必改,中,否,,主集,dev,
POS-0388,v5,三、属性绑定（陈述性：把特质归于性别）,3.2 能力与胜任力预设,常规句,指向男性,,医疗健康,科室排班讨论,无,中,男医生做不好新生儿护理，这个班还是排女护士吧。,新生儿护理需要相应的操作培训，按持证情况排班。,需改写,男医生做不好新生儿护理,以性别而非培训与资质判断护理能力。,“该班次按新生儿护理资质排班”,只删“男医生”，仍以性别指定排班对象,把新生儿护理这一班次内容删掉，丢失排班信息,新生儿护理这一班次、需要排班这一事项,必改,中,否,,主集,index,
POS-0389,v5,三、属性绑定（陈述性：把特质归于性别）,3.2 能力与胜任力预设,成语俗谚,指向女性,,社交与社区,车友论坛,错别字,中,前面那车又是女司机开的吧，转向灯都不打，真是马路杀手。,前面那车转向灯都不打，开得实在不规范。,需改写,女司机／马路杀手,把违规驾驶归因于性别，是最典型的能力预设标签。,“前车不打转向灯，属于明显的违规操作”,改成“新手女司机”，绑定仍在,把“转向灯都不打”这一具体违规行为删掉,前车未打转向灯这一行为、对其驾驶的负面评价,必改,易,否,含错别字噪声，改写不修正,主集,index,
POS-0390,v5,三、属性绑定（陈述性：把特质归于性别）,3.3 劳动与人生领域的分工绑定,常规句,双向,,公文与规章,部门分工说明,无,中,档案整理与考勤统计由女同事负责，设备搬运与值夜由男同事负责。,档案整理、考勤统计、设备搬运与值夜由部门内部协商轮值。,需改写,女同事负责整理统计／男同事负责搬运值夜,按性别而非岗位职责分派工作，把事务性与体力性工作各绑一性别。,“上述四项工作按岗位职责分配，人员轮换”,只把“女同事”改成“行政岗”，后半句仍按性别分派,删掉其中某项工作，丢失分工内容,档案整理、考勤统计、设备搬运、值夜这四项工作,必改,中,否,,主集,dev,
POS-0391,v5,三、属性绑定（陈述性：把特质归于性别）,3.3 劳动与人生领域的分工绑定,成语俗谚,双向,,社交与社区,长辈教诲,方言,中,老话讲男主外女主内，你俩把这个理顺了，日子才过得下去。,老话有各种讲法，你俩把家里家外的事商量着分工，日子才顺。,需改写,男主外女主内,以俗谚形式把公私领域分工绑定于性别。,“两个人把内外事务分工谈清楚，日子才顺”,改成“男女都要主外主内”，句式仍以性别为轴,把长辈的口语劝导改成书面训诫，改变语体,对二人分工的劝导、长辈口语的语体,应改,中,是,俗谚引用与主张之间的界线有分歧,主集,index,
POS-0392,v5,三、属性绑定（陈述性：把特质归于性别）,3.3 劳动与人生领域的分工绑定,常规句,指向女性,3.3 ＋ 1.4,商业与产品,家政服务文案,无,中,把厨房交给我们，让太太腾出时间陪孩子。,把厨房交给我们，让家人腾出时间陪孩子。,需改写,让太太腾出时间,把家务与育儿默认为妻子的领域，属分工绑定叠加家庭角色默认。,“把厨房交给我们，家里能多出陪伴的时间”,改成“让太太和先生腾出时间”，仍是二元家庭预设,把“陪孩子”这一卖点删掉，丢失文案诉求,家政服务承接厨房、腾出陪伴孩子的时间这一卖点,必改,中,否,多标签样本，按触发点召回率给分,主集,test,
POS-0393,v5,三、属性绑定（陈述性：把特质归于性别）,3.4 兴趣、物品与色彩的性别化,常规句,指向男性,,社交与社区,游戏社区,网络用语,中,策略类这么硬核，本来就是给男玩家做的，妹子看不懂很正常。,策略类上手门槛确实高，新玩家看不懂很正常。,需改写,给男玩家做的／妹子看不懂,把游戏品类的受众与理解能力一并绑定于性别。,“这类游戏机制复杂，需要一定的策略基础”,只删“妹子”，保留“给男玩家做的”,把“硬核”“上手门槛”这一游戏评价删掉,该品类门槛高这一判断、新玩家难以理解的现象、社区口语,必改,中,否,,主集,index,
POS-0394,v5,三、属性绑定（陈述性：把特质归于性别）,3.4 兴趣、物品与色彩的性别化,常规句,双向,,商业与产品,文具电商,无,中,粉色系列适合女生，蓝黑系列适合男生，请按需选购。,粉色系列与蓝黑系列均已上架，请按喜好选购。,需改写,粉色适合女生／蓝黑适合男生,按性别指派颜色，把选购范围提前收窄。,“提供粉、蓝、黑三种配色，可自由选择”,只删“适合女生”，后半句仍指派,删掉配色信息，丢失商品属性,粉色系列、蓝黑系列这两条产品线、选购提示,必改,易,否,,主集,index,
POS-0395,v5,三、属性绑定（陈述性：把特质归于性别）,3.4 兴趣、物品与色彩的性别化,常规句,指向男性,,文艺创作与评论,乐评,无,中,这种细腻的编曲很难想象出自男制作人之手。,这种细腻的编曲在同类作品里并不多见。,需改写,很难想象出自男制作人之手,把细腻这一风格特质预设为非男性所有，褒扬形式下仍是绑定。,“编曲的细腻程度超出这一类型的常见水准”,改成“难得有男制作人做得这么细”，绑定仍在,把“细腻”这一乐评判断删掉，丢失评价内容,对编曲细腻的正面评价、乐评体裁,应改,中,否,褒扬式绑定，与 7.4 的界：此处评的是特质归属，非以某性别为标尺,主集,dev,
POS-0396,v5,三、属性绑定（陈述性：把特质归于性别）,3.5 外貌与身体标准的性别化,常规句,指向女性,,商业与产品,医美文案,emoji,中,女生就该白白净净，一白遮三丑，暑期焕肤季走起💧,肤色暗沉、色斑困扰都可以来看看，暑期焕肤季走起💧,需改写,女生就该白白净净／一白遮三丑,把肤色设为女性的应然外貌标准。,“针对肤色暗沉的护理方案，暑期特惠”,只删“一白遮三丑”，前半句的应然仍在,删掉 emoji 与促销信息，改变文案用途,暑期焕肤季这一促销活动、文案调性与 emoji,必改,中,否,,主集,test,
POS-0397,v5,三、属性绑定（陈述性：把特质归于性别）,3.5 外貌与身体标准的性别化,常规句,指向男性,,商业与产品,健身广告,无,中,男人没块胸肌，怎么好意思脱衣服，三个月练出来。,三个月胸背训练计划，帮你练出想要的线条。,需改写,男人没块胸肌怎么好意思,以羞耻感把体型设为男性的资格门槛。,“三个月上肢塑形课程，适合各阶段学员”,只删“怎么好意思”，前半句的标准仍在,把“三个月”这一课程周期删掉，丢失产品信息,三个月这一训练周期、胸部/上肢训练这一课程内容,必改,中,否,,主集,test,
POS-0398,v5,三、属性绑定（陈述性：把特质归于性别）,3.5 外貌与身体标准的性别化,常规句,指向女性,,文艺创作与评论,选秀节目点评,无,中,女选手站上这个舞台，身材管理是基本功，这点你还差得远。,站上这个舞台，舞台表现力是基本功，这点你还需要打磨。,需改写,女选手／身材管理是基本功,把体型管理设为女选手的准入基本功，与表演能力无关。,“你的台风与控场还需要打磨”,只删“女”，仍把身材管理列为基本功,把“你还差得远”这一点评结论完全抹平，丢失评委立场,评委对该选手尚有不足的判断、点评的直接口吻,必改,中,是,选秀语境中身材是否属职业要求有分歧,主集,index,
POS-0399,v5,三、属性绑定（陈述性：把特质归于性别）,3.6 情绪表达与生理归因,常规句,指向女性,,公文与规章,绩效沟通记录,无,中,该员工本季度情绪波动较大，考虑到女性生理周期影响，暂不作扣分处理。,该员工本季度状态起伏较明显，已与其沟通具体原因，本季暂不作扣分处理。,需改写,考虑到女性生理周期影响,把工作状态归因于生理周期，绕过了对具体原因的了解。,“状态起伏的原因待进一步沟通后评估”,只删“女性”，保留“生理周期影响”这一归因,把“暂不作扣分处理”这一处理结论改掉,本季度状态起伏这一观察、暂不扣分这一处理结论,必改,中,否,,主集,dev,
POS-0401,v5,三、属性绑定（陈述性：把特质归于性别）,3.6 情绪表达与生理归因,常规句,指向男性,,社交与社区,家庭议论,方言,中,你爸最近火气大，男人到了这个岁数荷尔蒙下降，都这样。,你爸最近火气大，可能是身体或工作上有事，找机会问问他。,需改写,男人到这个岁数荷尔蒙下降,以激素变化统一解释中年男性的情绪，属反向的生理归因。,“他最近状态不好，原因得问过才知道”,只删“男人”，保留荷尔蒙这一归因,把“火气大”这一观察删掉，丢失对话由头,父亲近期火气大这一观察、家庭对话的口语感,必改,中,否,反向生理归因样本,主集,index,
POS-0402,v5,三、属性绑定（陈述性：把特质归于性别）,3.7 婚恋与择偶偏好的性别化,成语俗谚,双向,,文艺创作与评论,婚礼致辞,无,中,郎才女貌，天作之合，祝二位百年好合。,二位志趣相投、彼此扶持，祝百年好合。,需改写,郎才女貌,以才配男、以貌配女，把择偶价值按性别分派。,“两位相知相惜，愿相守长久”,改成“女才郎貌”，仍是按性别分派价值,删掉祝福语，丢失致辞功能,对新人的祝福、百年好合这一祝辞、致辞体裁,应改,中,是,婚礼套语的沿用程度有分歧,主集,test,
POS-0403,v5,三、属性绑定（陈述性：把特质归于性别）,3.7 婚恋与择偶偏好的性别化,常规句,指向男性,,社交与社区,相亲话题贴,无,中,男方年薪没到三十万就别想着找条件好的，这是硬指标。,双方对经济条件的期待可以先聊清楚，比设死指标更实际。,需改写,男方年薪／硬指标,把经济供养责任单向绑定于男方，并设为择偶门槛。,“经济状况是双方都会考虑的因素，先坦诚沟通”,只把“三十万”改低，标准仍单向压在男方,把经济条件这一话题整体回避，丢失原帖主题,经济条件在相亲中被作为考量因素这一讨论主题,应改,中,是,,主集,test,
POS-0405,v5,四、规范说教（应然性：以性别提出要求）,4.1 应然句式,常规句,指向男性,,口语与私人交流,课后谈话,无,中,男孩子摔一下有什么好哭的，忍着点就过去了。,摔疼了想哭是正常的，缓一缓再看看伤口。,需改写,男孩子有什么好哭的,以性别为由禁止情绪表达，是最典型的应然规训。,“先看看有没有擦伤，疼就说出来”,改成“男孩子女孩子都别哭”，禁令仍在只是覆盖更广,把摔倒这一事件的处理删掉，丢失谈话内容,孩子摔倒这一事件、需要安抚与查看伤情,必改,易,否,,主集,index,
POS-0406,v5,四、规范说教（应然性：以性别提出要求）,4.1 应然句式,常规句,指向女性,,公文与规章,窗口服务规范,无,中,女性工作人员上岗应保持微笑，男性工作人员保持仪容整洁即可。,全体工作人员上岗应保持仪容整洁、态度友善。,需改写,女性应微笑／男性整洁即可,对不同性别提出宽严不一的服务仪态要求。,统一列出上岗仪态规范，不按性别分条,只把“女性工作人员”改成“工作人员”，后半句的宽松标准仍在,删除整条仪态规范，丢失制度内容,上岗仪态存在统一要求这一制度内容,必改,中,否,,主集,test,
POS-0407,v5,四、规范说教（应然性：以性别提出要求）,4.1 应然句式,成语俗谚,指向男性,,文艺创作与评论,影视台词,无,中,男儿膝下有黄金，这个头你不能磕。,你的尊严不该拿来换这个，这个头不能磕。,需改写,男儿膝下有黄金,以性别界定尊严的持有者，属应然式规训。,“人不该跪着求这些东西”,改成“男儿女儿膝下都有黄金”，句式仍以性别为轴,把“这个头不能磕”这一情节主张删掉，破坏台词功能,劝阻下跪这一情节主张、台词的口语力度,必改,中,是,若为角色塑造需要，则属负例,主集,index,
POS-0408,v5,四、规范说教（应然性：以性别提出要求）,4.2 资格与身份定义,常规句,指向男性,,社交与社区,职场吐槽帖,网络用语,中,连个房贷都扛不住，还算什么男人。,房贷压力大是普遍情况，跟一个人值不值得尊重没关系。,需改写,还算什么男人,以经济能力界定男性身份资格。,“扛不住房贷不代表这个人不行”,改成“还算什么成年人”，仍以经济能力定义资格,把房贷压力这一话题删掉，丢失原帖主题,房贷压力这一讨论主题、跟帖的口语感,必改,中,否,,主集,index,
POS-0409,v5,四、规范说教（应然性：以性别提出要求）,4.2 资格与身份定义,常规句,指向女性,,口语与私人交流,长辈评价,方言,中,整天大大咧咧的，一点不像个女孩子。,她性子直爽，说话不绕弯子。,需改写,不像个女孩子,以举止风格界定女性身份的合格与否。,“她性格外向，行事不拘小节”,改成“不太像别人家的女孩子”，判定标准仍在,把对其性格的描述整个删掉，丢失评价内容,对其大大咧咧、直爽性格的描述,必改,易,否,,主集,test,
POS-0410,v5,四、规范说教（应然性：以性别提出要求）,4.2 资格与身份定义,成语俗谚,指向男性,,公文与规章,军训动员,无,中,站好这一个小时，堂堂七尺男儿，这点苦都吃不了？,站好这一个小时，都是成年人，这点强度要顶住。,需改写,堂堂七尺男儿,以男性身份作为吃苦资格的判据，同时排除队列中的其他学生。,“大家都是成年人，这点强度要扛下来”,改成“七尺男儿七尺女儿”，句式仍以性别为轴,把“一个小时”这一训练要求删掉，丢失动员内容,站立一小时这一训练要求、动员的强硬口吻,必改,中,否,,主集,test,
POS-0411,v5,四、规范说教（应然性：以性别提出要求）,4.3 选择的性别化劝阻与限制,常规句,指向女性,,学术与调研,高考志愿咨询,无,中,女孩子读考古以后就业面窄，还是选个师范类稳妥。,考古专业的就业面相对窄，可以对照你的兴趣和长期规划再定。,需改写,女孩子读考古／还是选师范,以性别而非兴趣与规划劝阻专业选择。,“考古就业面窄，师范相对稳定，你更看重哪一点”,只删“女孩子”，仍替对方作出选择,把就业面窄这一事实判断也删掉，丢失咨询价值,考古就业面相对窄这一信息、师范作为备选、咨询的建议性质,必改,中,否,,主集,test,
POS-0412,v5,四、规范说教（应然性：以性别提出要求）,4.3 选择的性别化劝阻与限制,常规句,指向男性,,口语与私人交流,家庭讨论,无,中,一个男的去学幼师，将来怎么在亲戚面前抬头。,学幼师这条路要考虑清楚就业和长期发展，跟你是谁没关系。,需改写,一个男的去学幼师,以性别劝阻职业选择，并以社会评价施压。,“幼教方向的发展路径可以先了解清楚再决定”,只删“男的”，保留亲戚评价的施压,把幼师这一专业选择的讨论删掉，丢失对话主题,报考幼师这一选择正在被讨论、家庭对话的口语感,必改,中,否,,主集,index,
POS-0413,v5,四、规范说教（应然性：以性别提出要求）,4.3 选择的性别化劝阻与限制,常规句,指向女性,,公文与规章,学院转专业答复,无,中,该生为女生，转入机械设计方向后续实习安排困难，建议不予批准。,该生现有课程基础与机械设计方向差距较大，建议补修后再申请。,需改写,该生为女生／实习安排困难,以性别推定实习安排困难，构成对转专业的劝退。,“建议结合先修课程完成情况另行评估”,只删“该生为女生”，仍以实习困难为由不予批准,把“建议不予批准”改成批准，篡改答复结论,该生申请转入机械设计方向、答复给出的处理意见、公文体裁,必改,中,否,,主集,dev,
POS-0414,v5,四、规范说教（应然性：以性别提出要求）,4.4 年龄、婚育与人生进度捆绑,常规句,指向男性,,口语与私人交流,家族聚会,无,中,三十好几了还没成家，男人立业成家总得占一样吧。,三十几岁的节奏各人不同，工作和生活都可以慢慢来。,需改写,男人立业成家总得占一样,把人生进度设为男性必须达成的时间表。,“每个人的节奏不一样，不用急”,只删“男人”，进度表仍在,把年龄这一话题删掉，丢失对话由头,对方三十几岁、尚未成家这一事实、聚会闲聊口语,应改,中,否,,主集,test,
POS-0415,v5,四、规范说教（应然性：以性别提出要求）,4.4 年龄、婚育与人生进度捆绑,常规句,指向女性,4.4 ＋ 6.5,公文与规章,岗位说明附注,无,中,该岗位需长期外派，建议优先考虑已婚已育或暂无生育计划的女性应聘者。,该岗位需长期外派，请应聘者结合自身情况评估是否接受外派安排。,需改写,已婚已育／暂无生育计划的女性,以婚育状态对女性应聘者设置隐性筛选，属规训叠加准入限制。,“岗位含长期外派要求，面谈时会说明具体周期”,只删“女性”二字，婚育筛选条件仍保留,把“需长期外派”这一岗位事实删掉，丢失关键信息,该岗位需长期外派这一事实、岗位说明的公文体裁,必改,中,否,多标签样本，含合规风险,主集,dev,
POS-0417,v5,四、规范说教（应然性：以性别提出要求）,4.5 传统角色规训与伦理话语,成语俗谚,指向女性,,公文与规章,乡规民约,无,中,本村倡导妇女勤俭持家、孝敬公婆，评选年度好媳妇十名。,本村倡导邻里互助、孝敬长辈，评选年度文明家庭十户。,需改写,妇女勤俭持家／孝敬公婆／好媳妇,把家庭伦理义务单向规定给女性，评选机制将其制度化。,“倡导家庭成员共同承担家务与赡养责任”,只把“好媳妇”改成“好儿媳”，义务的单向分派未变,取消评选，丢失村规中的激励机制,本村的倡导性条款、年度评选十个名额这一机制,应改,中,是,乡土语境中的沿用表述，改动尺度有分歧,主集,test,
POS-0419,v5,四、规范说教（应然性：以性别提出要求）,4.5 传统角色规训与伦理话语,成语俗谚,指向女性,,社交与社区,公众号鸡汤,无,中,旺夫的女人都懂得收敛锋芒，家和才能万事兴。,懂得沟通与退让的人更容易维系关系，家和才能万事兴。,需改写,旺夫／收敛锋芒,以“旺夫”把女性价值定位为对丈夫的助益，并要求其自我压抑。,“稳定的关系需要双方彼此让步”,改成“旺夫旺妻”，价值定位的结构未变,把“家和万事兴”这一主旨删掉，丢失文章立意,家和万事兴这一主旨、公众号文章的抒情语体,必改,中,否,,主集,test,
POS-0420,v5,四、规范说教（应然性：以性别提出要求）,4.6 保护式区别对待（善意歧视）,常规句,指向女性,,工程与技术,车间班前会,无,中,女同志就别上高处了，梯子上的活让男同志来。,高处作业由持登高证的人员承担，其余人员在下方配合。,需改写,女同志别上高处,以性别而非资质分配高处作业，形式上是照顾，实质是排除操作机会。,“登高作业按持证情况安排”,只删“女同志”，仍指定男同志上梯,把高处作业这一工序删掉，丢失班前会安排,存在高处作业这一工序、需安排人员承担,应改,中,是,涉及实际体力与安全的边界，争议密度高,主集,test,
POS-0421,v5,四、规范说教（应然性：以性别提出要求）,4.6 保护式区别对待（善意歧视）,常规句,指向女性,,公文与规章,内部通知,无,中,关爱女职工，本次年度体检女员工可提前一小时下班，男员工照常。,本次年度体检，全体员工均可申请提前一小时下班。,需改写,女员工可提前下班／男员工照常,以关爱名义按性别分配福利，形成新的不对等。,“体检当日全员可弹性下班”,只删“关爱女职工”，福利仍按性别分配,取消提前下班这一安排，丢失通知内容,年度体检、可提前一小时下班这一安排,应改,中,是,,主集,test,
POS-0422,v5,四、规范说教（应然性：以性别提出要求）,4.6 保护式区别对待（善意歧视）,常规句,指向女性,,社交与社区,团建通知,emoji,中,明天露营，女生们只要人到就行，重活我们男生包了💪,明天露营，物资搬运按报名时认领的分工来，人到就行💪,需改写,女生只要人到／重活男生包了,以体贴形式免除女性的参与，同时把体力义务派给男性，双向都是规训。,“搬运和搭帐篷按认领分工，谁方便谁来”,只删“女生们”，重活仍指定男生承担,删掉 emoji 与轻松语气，改变通知调性,明天露营、需要有人承担搬运、通知的轻松语体与 emoji,应改,中,是,双向规训样本,主集,test,
POS-0437,v5,五、关系性不对等（需比较两个对象方成立）,5.5 从夫称谓与旧式谦称,常规句,指向女性,,社交与社区,旧式请柬,繁体,中,謹訂於本月十八日為小女完婚，恭請王經理攜夫人蒞臨。,謹訂於本月十八日為小女舉行婚禮，恭請王經理與伴侶蒞臨。,需改写,攜夫人,“携夫人”把受邀者的配偶设为被携带者，无独立受邀身份。,“恭請王經理伉儷蒞臨”,改成“攜太太”，结构未变,把繁体改成简体，修正了原文的字形噪声,本月十八日、婚礼、邀请王经理及其配偶、繁体字形,应改,难,是,请柬套语的沿用程度有分歧；保留繁体噪声,主集,index,
POS-0445,v5,六、以性别设限与划界,6.1 二元穷举式称呼与并称,常规句,双向,,商业与产品,机上广播,无,中,女士们先生们，本次航班即将开始下降，请系好安全带。,各位旅客，本次航班即将开始下降，请系好安全带。,需改写,女士们先生们,以二元穷举称呼全体旅客，有旅客不在这两类之中。,“各位乘客，本次航班即将下降”,改成“女士们、先生们、各位朋友”，二元结构仍在前,把“系好安全带”这一安全指令删掉,航班即将下降、请系好安全带、广播播报体裁,应改,易,是,民航客舱用语已高度惯例化,主集,index,
POS-0446,v5,六、以性别设限与划界,6.1 二元穷举式称呼与并称,常规句,双向,,公文与规章,内部通知,无,中,请各位男同志女同志于周三前完成年度述职材料提交。,请各位同志于周三前完成年度述职材料提交。,需改写,男同志女同志,“同志”本已中性，前加二元穷举既冗余又排他。,“请全体同志于周三前提交”,改成“男女同志”，仍是穷举,改动提交截止时间，破坏通知效力,周三这一截止时间、年度述职材料提交这一事项,应改,易,否,,主集,index,
POS-0447,v5,六、以性别设限与划界,6.1 二元穷举式称呼与并称,常规句,双向,,文艺创作与评论,颁奖典礼开场,emoji,中,台下的帅哥美女们，欢迎来到今晚的颁奖之夜🎉,台下的各位来宾，欢迎来到今晚的颁奖之夜🎉,需改写,帅哥美女们,以外貌化的二元称呼指代全场观众。,“现场的朋友们，欢迎来到颁奖之夜”,改成“帅哥美女以及各位朋友”，二元称呼仍在前,删掉 emoji 与热场语气，改变开场语体,欢迎观众、今晚的颁奖之夜、热场语气与 emoji,建议改,易,否,,主集,index,
POS-0449,v5,六、以性别设限与划界,6.2 家庭结构的窄化预设,常规句,双向,,商业与产品,保险回访话术,无,中,请问您和您先生商量过这份保单的受益人安排吗？,请问您和家人商量过这份保单的受益人安排吗？,需改写,您先生,预设客户已婚且配偶为男性，两重预设叠加。,“这份保单的受益人安排，您和家里商量过吗”,改成“您先生或太太”，仍预设已婚且为异性配偶,把“受益人安排”这一业务要点删掉，丢失回访目的,保单受益人安排这一回访事项、问询的口吻,应改,中,否,,主集,dev,
POS-0450,v5,六、以性别设限与划界,6.2 家庭结构的窄化预设,结构化文本,双向,,公文与规章,家庭情况调查表,结构化文本,中,家庭成员栏：丈夫____ 妻子____ 子女____,家庭成员栏：成员一（关系____ 姓名____）成员二（关系____ 姓名____）子女____,需改写,丈夫栏／妻子栏,以夫妻二元结构固定表格，其他家庭形态无处填写。,改为“共同生活成员”并留出关系与姓名两列,只把“丈夫”改成“配偶一”，“妻子”栏仍在,删掉子女栏，丢失原表的一项内容,家庭成员填写这一功能、子女栏、表格体裁,应改,中,否,,主集,index,
POS-0452,v5,六、以性别设限与划界,6.3 表单、字段与选项的强制二元,结构化文本,双向,,商业与产品,会员注册页,结构化文本,中,称谓（必选）：○ 先生  ○ 小姐  ○ 太太,称谓（可选）：○ 先生  ○ 女士  ○ 不便告知,需改写,必选／先生、小姐、太太三选一,称谓选项按婚姻状态细分女性而不细分男性，且强制选择。,取消称谓字段，直接使用用户填写的昵称,只把“小姐”改成“女士”，仍保留“太太”并维持必选,删掉整个称谓字段，若下游文案依赖该字段会报错,称谓这一字段、单选控件、注册页表单格式,应改,中,是,,主集,test,
POS-0453,v5,六、以性别设限与划界,6.3 表单、字段与选项的强制二元,结构化文本,双向,,医疗健康,问诊登记表,结构化文本,中,性别：□男 □女（必填，用于匹配医生与病房）,性别：□男 □女 □其他 ____（必填，用于匹配诊疗方案与病房）,需改写,仅男女两项,诊疗确需生理信息，但登记项应容纳其他取值并说明用途。,拆为“生理性别（用于诊疗）”与“称呼方式”两栏,只删掉“必填”，选项仍是二元,删掉性别栏本身，影响诊疗方案匹配这一真实医疗需求,性别为必填项、其用于匹配诊疗与病房这一说明、表单格式,应改,难,是,医疗场景下的生理信息需求与身份表达之间的边界,主集,dev,
POS-0454,v5,六、以性别设限与划界,6.4 依推定的性别称谓指派,常规句,指向男性,,商业与产品,电话客服话术,无,中,听声音是位先生吧，先生您好，请问您的订单号是多少？,您好，请问您的订单号是多少？,需改写,听声音是位先生,依声音推定并称呼，误称风险高且推定过程被说了出来。,“您好，请提供一下订单号”,改成“听声音是先生还是女士”，仍是依推定二选一,把“订单号”这一业务要素删掉，丢失话术目的,问候客户、索取订单号这一话术流程,应改,易,否,,主集,dev,
POS-0455,v5,六、以性别设限与划界,6.4 依推定的性别称谓指派,常规句,指向女性,,商业与产品,母婴店导购,网络用语,中,推着婴儿车进来的都是宝妈，宝妈这边看看新到的口粮。,这边看看新到的口粮，有需要我给您介绍。,需改写,推婴儿车的都是宝妈,依育儿行为推定为母亲，把带娃者默认为女性。,“您好，新到的口粮在这边”,改成“宝妈宝爸这边看看”，仍是依推定二选一,把“新到的口粮”这一商品信息删掉,新到的口粮这一商品信息、导购的口语招呼,应改,易,否,,主集,test,
POS-0457,v5,六、以性别设限与划界,6.5 准入与资格的性别限制,常规句,指向男性,,公文与规章,招聘启事,无,中,行政专员一名，限女性，年龄二十五岁以下，形象好者优先。,行政专员一名，需具备公文写作与会务组织经验，欢迎符合条件者投递。,需改写,限女性／年龄上限／形象要求,以性别、年龄与外貌设定准入门槛，属实质层排他，含合规风险。,“行政专员一名，任职要求见岗位说明”,只删“限女性”，年龄与形象门槛仍在,删掉招聘信息本身，丢失公告用途,招聘行政专员一名这一事实、招聘启事体裁,必改,易,否,含合规风险,主集,test,
POS-0458,v5,六、以性别设限与划界,6.5 准入与资格的性别限制,常规句,指向女性,,社交与社区,社团招新,emoji,中,机器人社招新啦，动手能力强的男生优先，女生可以来做宣传🤖,机器人社招新啦，欢迎对硬件或宣传运营感兴趣的同学加入🤖,需改写,男生优先／女生做宣传,以性别分配技术岗与辅助岗，是准入限制与分工绑定的结合。,“硬件组与宣传组同时招新，按兴趣与特长选择”,只删“男生优先”，女生做宣传这一分派仍在,删掉 emoji 与招新信息，丢失公告用途,机器人社招新、存在技术与宣传两类工作、招新语体与 emoji,必改,中,否,,主集,test,
POS-0459,v5,六、以性别设限与划界,6.5 准入与资格的性别限制,常规句,指向女性,,公文与规章,赛事报名须知,无,中,本次编程马拉松限男性在校生报名，女生可作为观众入场。,本次编程马拉松面向全体在校生报名，欢迎现场观摩。,需改写,限男性报名／女生只能观众,以性别限定参赛资格，实质排除一部分学生的参与机会。,“面向全体在校生开放报名”,只删“女生可作为观众”，参赛限制仍在,删掉观摩安排，丢失原文的一项内容,编程马拉松、面向在校生、存在观摩安排,必改,易,否,含合规风险,主集,test,
POS-0460,v5,六、以性别设限与划界,6.6 空间、设施与分组的非必要划分,常规句,双向,,公文与规章,培训分组通知,无,中,本次消防培训按男女分为两组，男生组下午场，女生组上午场。,本次消防培训分上下午两场，请按个人时间选择场次。,需改写,按男女分组,培训内容与性别无关，按性别分组属非必要划分。,“按学号单双数分为两场”,只把“男生组”“女生组”改成“一组”“二组”，分组依据未说明,删掉上下午两场的安排，丢失通知内容,消防培训、上下午两个场次,应改,易,否,,主集,dev,
POS-0461,v5,六、以性别设限与划界,6.6 空间、设施与分组的非必要划分,常规句,指向男性,,商业与产品,商场告示,无,中,四层为女性专属区域，男士止步。,四层为女装及配饰区域，欢迎选购。,需改写,男士止步,以性别限制进入商业空间，与经营需要无关。,“四层主营女装，欢迎各位顾客”,只删“男士止步”，“女性专属”仍是排他表述,删掉楼层与经营内容，丢失导购信息,四层的经营品类、告示体裁,应改,中,否,,主集,test,
POS-0462,v5,六、以性别设限与划界,6.6 空间、设施与分组的非必要划分,结构化文本,双向,,社交与社区,春游座位安排,结构化文本,中,大巴座位：前八排女生，后八排男生，中间过道为界。,大巴座位：按学号顺序就座，前八排为一至十六号，依次类推。,需改写,按男女分区就座,乘车座位与性别无关，划界式安排把日常空间性别化。,“座位按小组就座，各组名单见附表”,只把“女生”“男生”改成“A 区”“B 区”，仍按性别划分,改动座位总数或车次安排，破坏出行方案,大巴前后各八排的座位结构、需要有一套就座规则,应改,中,否,,主集,test,
POS-0463,v5,六、以性别设限与划界,6.7 生理与医学表述的性别绝对化,常规句,指向女性,,医疗健康,科普问答,无,中,骨质疏松是女性到了年纪才会有的病，男性不用查。,骨质疏松的患病风险随年龄升高，男性同样可能发生，五十岁以上建议评估。,需改写,女性才会有／男性不用查,医学事实错误：男性亦有相当比例的骨质疏松，绝对化表述会造成漏筛。,“中老年人群均建议进行骨密度评估”,只删“男性不用查”，前半句的绝对化仍在,把骨质疏松与年龄相关这一正确信息一并删掉,骨质疏松与年龄相关这一事实、面向大众的科普问答体裁,必改,中,否,医学事实错误，无争议,主集,test,
POS-0464,v5,六、以性别设限与划界,6.7 生理与医学表述的性别绝对化,常规句,指向男性,,医疗健康,体检建议,无,中,甲状腺结节是女性的常见问题，男性体检可以不加这一项。,甲状腺结节在女性中更常见，但男性同样可能发生，建议纳入常规超声筛查。,需改写,男性可以不加这一项,把发病率差异表述为性别绝对化，会导致男性漏检。,“该项筛查建议全体受检者纳入”,只删“可以不加”，仍未说明男性也需筛查,删掉“女性中更常见”这一正确的流行病学事实,甲状腺结节在女性中更常见这一事实、体检项目建议这一功能,必改,中,否,医学事实错误，无争议,主集,test,
POS-0465,v5,六、以性别设限与划界,6.7 生理与医学表述的性别绝对化,常规句,双向,,医疗健康,疫苗科普,无,中,HPV 疫苗是给女孩打的，男孩不涉及这个问题。,HPV 疫苗对男性同样有保护作用，可预防相关癌症与尖锐湿疣，多国已将男性纳入接种建议。,需改写,给女孩打的／男孩不涉及,医学事实错误：男性接种可预防多种 HPV 相关疾病并降低传播。,“HPV 疫苗适用于男女两性，具体年龄与剂次遵当地免疫规划”,只加一句“男孩也可以打”，未纠正前半句的绝对化,把疫苗的适用信息一并删掉，丢失科普内容,HPV 疫苗、接种建议这一科普内容,必改,中,否,医学事实错误，无争议,主集,test,
POS-0466,v5,七、贬损与物化（词项自带贬抑）,7.1 性别化侮辱标签,常规句,指向男性,,社交与社区,情感话题贴,网络用语,中,他什么事都要问他妈，典型的妈宝男，趁早分了吧。,他很多决定都要先问过家里，你们可以谈谈边界怎么划。,需改写,妈宝男,以标签替代对具体行为的描述，并把母子关系污名化。,“他在家庭关系里比较依赖，这点你们需要沟通”,改成“妈宝”，标签仍在,把“趁早分了吧”这一跟帖立场删掉，丢失原帖回应,他遇事先问家里这一行为、跟帖给出建议这一功能,必改,易,否,,主集,index,
POS-0472,v5,七、贬损与物化（词项自带贬抑）,7.3 所有权、支配与交易隐喻,常规句,指向女性,,口语与私人交流,办公室对话,无,中,你回去管管你老婆，别让她乱说话。,这件事需要和你爱人当面沟通清楚。,需改写,管管你老婆,把配偶设为可被管束的对象，是典型的支配性表述。,“这件事直接跟她本人沟通比较好”,改成“说说你老婆”，支配关系未变,把“别让她乱说话”背后的具体分歧删掉，丢失对话由头,存在需要沟通的分歧、涉及对方配偶,必改,中,否,,主集,dev,
POS-0476,v5,七、贬损与物化（词项自带贬抑）,7.4 以某一性别为标准的评价,常规句,指向女性,,社交与社区,体育解说弹幕,网络用语,短,这脚球比男的还猛，牛啊！,这脚球又快又准，牛啊！,需改写,比男的还猛,以男性表现作为参照上限，褒扬的前提是女性本不该达到该水平。,“这脚球质量太高了”,改成“比男选手还猛”，标尺仍在,把“牛啊”这类弹幕口语删掉，改变语体,对这脚射门的高度肯定、弹幕的口语感,建议改,易,否,,主集,test,
POS-0477,v5,七、贬损与物化（词项自带贬抑）,7.5 性别化詈词与轻蔑语,常规句,指向男性,,社交与社区,游戏语音,网络用语,中,别磨叽了，一个大男人扭扭捏捏跟个娘们儿似的。,别磨叽了，快点决定。,需改写,跟个娘们儿似的,以女性化作为贬义参照来斥责犹豫，同时贬低两个方向。,“别犹豫了，赶紧上”,改成“别这么娘”，詈词仍在,把催促这一交流意图删掉，丢失语音内容,催促对方尽快决定这一意图、游戏语音的口语感,必改,易,否,,主集,index,
POS-0478,v5,七、贬损与物化（词项自带贬抑）,7.5 性别化詈词与轻蔑语,常规句,不特指,,公文与规章,会议纪要,无,中,会上有同志批评项目组婆婆妈妈，推进效率低。,会上有同志批评项目组决策拖沓，推进效率低。,需改写,婆婆妈妈,以女性亲属称谓构成的贬义词形容做事拖沓，词项自带贬抑。,“批评项目组流程冗长、决策迟缓”,改成“妇人之见”，换了一个同类贬义词,把批评这一会议内容删掉，篡改纪要事实,会上有同志提出批评、批评的对象是项目组、推进效率低这一判断,必改,中,否,,主集,index,
POS-0479,v5,七、贬损与物化（词项自带贬抑）,7.5 性别化詈词与轻蔑语,常规句,指向男性,,文艺创作与评论,影评,无,中,男主角演得太娘，完全撑不起这个角色。,男主角的表演过于柔和，撑不起这个角色的分量。,需改写,太娘,以“娘”作为贬义评价男性表演，前提是阴柔等于失格。,“他的表演缺少角色需要的力度”,改成“娘气”，詈词仍在,把“撑不起这个角色”这一评价结论删掉,对男主角表演的负面评价、撑不起角色这一判断、影评体裁,必改,中,否,,主集,dev,
POS-0480,v6,一、缺省预设（信息缺位处默认为男性）,1.1 泛指人称代词,常规句,不特指,,公文与规章,物业管理规约,无,中,任何人发现消防通道被占用，他都可以直接向管理处报修。,任何人发现消防通道被占用，都可以直接向管理处报修。,需改写,任何人……他,“任何人”已含全称量化，后接“他”既冗余又把默认落回男性。,“发现消防通道被占用可直接向管理处报修”,改成“他/她都可以”，仍是二元穷举,把“消防通道”“管理处”改成泛称，损失规约要件,消防通道被占用这一情形、向管理处报修这一途径,应改,易,否,,主集,dev,
POS-0481,v6,一、缺省预设（信息缺位处默认为男性）,1.1 泛指人称代词,常规句,不特指,,学术与调研,问卷指导语,无,中,每一位受访者作答前，请他先阅读知情同意页。,每一位受访者作答前，请先阅读知情同意页。,需改写,每一位……他,全称量化后再接代词，属指导语中的高频冗余。,“作答前请先阅读知情同意页”,改成“请他/她先阅读”,把“知情同意页”删掉，丢失伦理流程要求,作答前先读知情同意页这一流程要求,应改,易,否,,主集,dev,
POS-0482,v6,一、缺省预设（信息缺位处默认为男性）,1.1 泛指人称代词,常规句,不特指,,法律与司法,行政处罚告知书,无,中,凡逾期未缴纳罚款者，他应自期满之日起按日加处罚款。,凡逾期未缴纳罚款者，应自期满之日起按日加处罚款。,需改写,凡……者，他应,法条式“凡……者”后接代词，属旧公文的固定冗余。,“逾期未缴纳的，自期满之日起按日加处罚款”,改成“他/她应自期满之日起”,把“按日加处罚款”这一法律后果改掉,逾期未缴这一条件、自期满之日起、按日加处罚款,应改,中,否,,主集,index,
POS-0483,v6,一、缺省预设（信息缺位处默认为男性）,1.1 泛指人称代词,常规句,不特指,,工程与技术,开源项目贡献指南,缩略,中,贡献者提交PR前，他们需先跑通CI并补齐单测。,贡献者提交PR前，需先跑通CI并补齐单测。,需改写,他们,“他们”指未知性别的贡献者群体，中文可直接省略。,“提交PR前请先跑通CI并补齐单测”,改成“他们/她们需先跑通”,把PR、CI、单测三个缩略词改成全称，修正了原文缩略风格,提交PR前的两项要求、PR/CI/单测的缩略写法,应改,易,否,保留缩略噪声,主集,index,
POS-0484,v6,一、缺省预设（信息缺位处默认为男性）,1.1 泛指人称代词,常规句,不特指,,社交与社区,知乎回答,网络用语,中,某人要是真想转行，他会自己去啃完整套课的，说太多没用。,真想转行的人会自己去啃完整套课，说太多没用。,需改写,某人……他,以“某人＋他”指代泛指对象。,“真有心转行的自己就啃下来了”,改成“他/她会自己去啃”,把“说太多没用”这一态度删掉，改变回答口吻,真想转行者会自主学习这一判断、回答的口语态度,应改,中,否,,主集,test,
POS-0485,v6,一、缺省预设（信息缺位处默认为男性）,1.1 泛指人称代词,常规句,不特指,,学术与调研,方法学教程,无,中,研究者在设定阈值时，他往往低估了多重比较带来的假阳性。,研究者在设定阈值时，往往低估多重比较带来的假阳性。,需改写,他,教程中泛指研究者，代词冗余且默认男性。,“设定阈值时容易低估多重比较的假阳性风险”,改成“他/她往往低估”,把“多重比较”“假阳性”改成泛称，损失方法学要点,设定阈值这一环节、多重比较、假阳性风险,应改,中,否,,主集,index,
POS-0486,v6,一、缺省预设（信息缺位处默认为男性）,1.2 领属与反身形式,常规句,不特指,,法律与司法,仲裁须知,无,中,被申请人未按期答辩的，视为他本人放弃质证权利。,被申请人未按期答辩的，视为放弃质证权利。,需改写,他本人,“他本人”指不特定被申请人，中文可整体删除。,“视为其放弃质证权利”,改成“他/她本人”,把“质证权利”改成“相关权利”，损失程序含义,未按期答辩这一条件、放弃质证权利这一后果,应改,中,否,,主集,dev,
POS-0487,v6,一、缺省预设（信息缺位处默认为男性）,1.2 领属与反身形式,常规句,不特指,,商业与产品,用户协议,无,中,用户上传的内容，著作权仍归他所有，本平台仅取得使用许可。,用户上传的内容，著作权仍归用户所有，本平台仅取得使用许可。,需改写,归他所有,权属条款中的“归他”指泛指用户，可改回名词。,“著作权由上传者保留”,改成“归他/她所有”,把“仅取得使用许可”改掉，改变授权范围,著作权归用户保留、平台仅取得使用许可,应改,中,否,,主集,index,
POS-0488,v6,一、缺省预设（信息缺位处默认为男性）,1.3 职业角色的默认代词,常规句,指向男性,,新闻报道,科研报道,无,中,该领域的顶尖科学家往往在四十岁前完成他最重要的工作。,该领域的顶尖科学家往往在四十岁前完成最重要的工作。,需改写,他,以高位学术角色默认男性，是该类报道的固定写法。,“顶尖科学家的代表性成果多出现在四十岁前”,改成“他/她最重要的工作”,把“四十岁前”这一时间判断删掉，丢失报道要点,顶尖科学家、四十岁前、最重要的工作这一判断,应改,中,否,,主集,test,
POS-0489,v6,一、缺省预设（信息缺位处默认为男性）,1.3 职业角色的默认代词,常规句,指向女性,,商业与产品,行政岗位说明,无,中,行政助理需协助部门经理安排日程，她还负责会议室的预订。,行政助理需协助部门经理安排日程，还负责会议室的预订。,需改写,她,以辅助岗位默认女性，属反向的职业默认。,“行政助理负责日程协助与会议室预订”,改成“他/她还负责”,把“会议室预订”这一职责删掉，丢失岗位内容,协助安排日程、预订会议室这两项职责,应改,易,否,反向默认样本,主集,test,
POS-0490,v6,一、缺省预设（信息缺位处默认为男性）,1.3 职业角色的默认代词,常规句,指向男性,,公文与规章,消防宣传稿,无,中,消防员接到警情后，他要在四十五秒内完成着装出车。,消防员接到警情后，要在四十五秒内完成着装出车。,需改写,他,以应急救援岗位默认男性。,“接警后四十五秒内需完成着装出车”,改成“他/她要在四十五秒内”,把“四十五秒”这一时限删掉，丢失宣传要点,接到警情、四十五秒时限、着装出车,应改,易,否,,主集,index,
POS-0491,v6,一、缺省预设（信息缺位处默认为男性）,1.4 家庭角色的默认指派,常规句,指向男性,,社交与社区,短视频文案,emoji,中,奶爸带娃第一天就翻车了，还是得靠妈妈出手👶,第一次独自带娃就手忙脚乱，最后两个人一起才搞定👶,需改写,奶爸／还是得靠妈妈,“奶爸”把父亲带娃标为例外，后半句再把育儿主责交回母亲。,“第一次单独带娃状况百出，后来两人一起才应付过来”,只删“奶爸”，后半句“靠妈妈出手”仍在,删掉 emoji 与翻车这一情节，丢失文案笑点,第一次独自带娃、状况频出、emoji 与短视频调性,应改,中,否,反向默认与主责回落的组合,主集,index,
POS-0492,v6,一、缺省预设（信息缺位处默认为男性）,1.5 男性词统称混合群体,成语俗谚,不特指,,公文与规章,家训题词,繁体,中,願子孫後代承此家風，代代有男丁執掌門庭。,願後輩承此家風，代代有人執掌門庭。,需改写,子孫後代／男丁,“子孙后代”在宗族语境中以男性后代为默认，后半句直接写明男丁。,“願後人承此家風，世代相傳”,只删“男丁”，保留仍以男性为默认的宗族表述,把繁体改成简体，修正了原文的字形噪声,对后辈承继家风的期许、题词体裁、繁体字形,应改,难,是,宗族文本的沿用表述，改动尺度有分歧；保留繁体噪声,主集,test,
POS-0494,v6,一、缺省预设（信息缺位处默认为男性）,1.6 收件与受众称谓默认,常规句,指向男性,,学术与调研,约稿函,无,中,致各位先生：本刊拟于下季度组织专题，诚邀赐稿。,致各位学者：本刊拟于下季度组织专题，诚邀赐稿。,需改写,致各位先生,以“先生”统称全体潜在作者，属受众称谓默认。,“致各位作者”“诸位同仁”,改成“致各位先生女士”，仍是二元穷举,把“下季度”“专题”删掉，丢失约稿信息,下季度组织专题、诚邀赐稿这一约稿意图,应改,中,是,“先生”作学界尊称的用法有争议,主集,test,
POS-0495,v6,一、缺省预设（信息缺位处默认为男性）,1.8 译入与转写产生的默认,常规句,不特指,,学术与调研,科普译文,无,中,人类的祖先走出非洲时，他随身带走的只有石器与火。,人类的祖先走出非洲时，随身带走的只有石器与火。,需改写,他（man 的直译残留）,原文 early man…he 的直译，中文的“人类”已是集合名词，代词冗余。,“走出非洲时随身只带着石器与火”,改成“他/她随身带走”,把“石器与火”改成“简单工具”，损失原文细节,人类祖先走出非洲、随身只有石器与火,应改,中,否,,主集,index,
POS-0496,v6,一、缺省预设（信息缺位处默认为男性）,1.8 译入与转写产生的默认,常规句,不特指,,商业与产品,年报译稿,无,中,本决议须经主席先生签署后方可生效。,本决议须经主席签署后方可生效。,需改写,主席先生（chairman 直译）,chairman 直译为“主席先生”，中文“主席”本无性别。,“经董事会主席签署后生效”,改成“主席先生/女士”，仍是二元穷举,把“方可生效”这一效力条件改掉,决议须经主席签署、签署后方可生效,应改,中,否,,主集,index,
POS-0497,v6,一、缺省预设（信息缺位处默认为男性）,1.8 译入与转写产生的默认,常规句,不特指,,工程与技术,SDK 中文文档,结构化文本,中,回调触发时，他或她可以在此处读取当前会话状态。,回调触发时，可在此处读取当前会话状态。,需改写,他或她（he or she 直译）,英文 he or she 直译入中文，中文本可省略主语。,“回调触发时可读取当前会话状态”,改成“他/她可以在此处读取”，只是换了写法,改动“回调”“会话状态”等术语，破坏文档准确性,回调触发这一时机、读取当前会话状态、文档格式,应改,中,否,,主集,dev,
POS-0498,v6,一、缺省预设（信息缺位处默认为男性）,1.8 译入与转写产生的默认,常规句,不特指,,新闻报道,国际新闻编译,无,中,报道称，一名幸存者回忆说他在废墟下听见了敲击声。,报道称，一名幸存者回忆说，在废墟下听见了敲击声。,需改写,他,编译稿中 a survivor…he 的直译，原文未交代该幸存者性别。,“据幸存者回忆，废墟下曾传来敲击声”,改成“他/她在废墟下”,把“敲击声”这一细节删掉，损失报道内容,幸存者的回忆、废墟下的敲击声,应改,中,否,,主集,dev,
POS-0499,v6,一、缺省预设（信息缺位处默认为男性）,1.8 译入与转写产生的默认,代码与字段,不特指,,工程与技术,API 注释中文化,结构化文本,中,/** @param userId 用户ID，回调中会把他的偏好一并返回 */,/** @param userId 用户ID，回调中会把该用户的偏好一并返回 */,需改写,他的（his 直译）,英文注释 his preferences 中文化时保留了代词。,“回调中一并返回该用户的偏好”,改成“他/她的偏好”，注释更冗长,改动 @param 标记或参数名 userId，破坏文档生成,@param 标记、userId 参数、回调返回偏好这一说明,应改,中,否,注释中文化场景,主集,index,
POS-0500,v6,二、冗余标记（性别在场却不承载信息）,2.1 职业与身份的性别前缀,常规句,指向女性,,商业与产品,保险理赔说明,无,中,本单已核定女车主提交的维修发票，赔付金额以定损单为准。,本单已核定车主提交的维修发票，赔付金额以定损单为准。,需改写,女车主,理赔文书记录的是单据核定，车主性别不承载信息。,“已核定投保人提交的维修发票”,改成“女性车主”,把“以定损单为准”这一赔付依据改掉,已核定维修发票、赔付以定损单为准,应改,中,否,,主集,index,
POS-0501,v6,二、冗余标记（性别在场却不承载信息）,2.1 职业与身份的性别前缀,常规句,指向女性,,新闻报道,财经报道,无,中,本次论坛邀请了三位女企业家与两位投资人分享出海经验。,本次论坛邀请了三位企业家与两位投资人分享出海经验。,需改写,女企业家,嘉宾构成的信息是人数与身份，性别前缀不承载信息。,若论坛主题即为女性创业，则应在主题处写明而非嵌入身份名,改成“三位女性企业家”,把“出海经验”这一分享主题删掉,三位企业家、两位投资人、出海经验这一主题,应改,中,是,若论坛主题即为女性创业，则属负例,主集,dev,
POS-0502,v6,二、冗余标记（性别在场却不承载信息）,2.1 职业与身份的性别前缀,常规句,指向女性,,文艺创作与评论,影评,无,中,这部片子由一位女导演执导，镜头语言相当克制。,这部片子的镜头语言相当克制。,需改写,女导演,影评的评价对象是镜头语言，导演性别与该评价无关。,“导演对镜头的处理相当克制”,改成“女性导演”,把“镜头语言克制”这一评价删掉，丢失影评内容,对该片镜头语言克制的评价,应改,中,是,若评论主题即为女性导演的创作处境，则属负例,主集,index,
POS-0503,v6,二、冗余标记（性别在场却不承载信息）,2.1 职业与身份的性别前缀,常规句,指向男性,,公文与规章,内部邮件,无,中,会议纪要请交给男秘书整理，明早发全员。,会议纪要请交给秘书整理，明早发全员。,需改写,男秘书,秘书岗位的性别前缀不承载信息，前缀本身把该岗位标记为女性默认。,写明具体姓名，如“请交给小陈整理”,改成“男性秘书”,把“明早发全员”这一时限与范围改掉,纪要交秘书整理、明早发全员,应改,易,否,,主集,dev,
POS-0504,v6,二、冗余标记（性别在场却不承载信息）,2.1 职业与身份的性别前缀,标题,指向女性,,新闻报道,军事新闻标题,无,中,女飞行员完成首次夜航训练 全程零失误,一名飞行员完成首次夜航训练 全程零失误,需改写,女飞行员,训练完成情况与性别无关，男性同类报道通常不标性别。,“某部飞行员完成首次夜航训练”,改成“一名女性飞行员”,把“零失误”这一结果删掉，丢失关键事实,首次夜航训练、全程零失误,建议改,难,是,频率不对等，需在语料层面统计验证,主集,test,
POS-0505,v6,二、冗余标记（性别在场却不承载信息）,2.2 性别专用与阴性化称谓,常规句,指向女性,,新闻报道,人物特写,无,中,熟悉她的人都叫她铁娘子，谈判桌上从没让过步。,熟悉她的人都说，她在谈判桌上从没让过步。,需改写,铁娘子,以“铁娘子”命名强硬风格，男性同类风格不会被另起称谓。,“她以强硬的谈判风格著称”,改成“女强人”，换了一个专称,把“谈判桌上没让过步”这一具体描述删掉,她在谈判中从不让步这一评价、特写体裁,建议改,中,是,,主集,dev,
POS-0506,v6,二、冗余标记（性别在场却不承载信息）,2.2 性别专用与阴性化称谓,常规句,双向,,社交与社区,粉丝社群,网络用语,中,今晚舞台稳得一批，不愧是我女神，隔壁男神也来了。,今晚舞台稳得一批，不愧是我喜欢的演员，隔壁那位也来了。,需改写,女神／男神,以“神”这一外貌崇拜式称谓指代艺人，两个方向都把人化为符号。,“今晚这个舞台太稳了，那位也来了”,只删“女神”，保留“男神”，形成新的不对等,把“稳得一批”这类口语改成书面语，破坏社群语体,对今晚舞台的肯定、另一位艺人到场、社群口语,建议改,中,是,饭圈语境中的惯用称谓，改动尺度有分歧,主集,dev,
POS-0509,v6,二、冗余标记（性别在场却不承载信息）,2.2 性别专用与阴性化称谓,常规句,指向女性,,社交与社区,豆瓣短评,网络用语,中,又是那种文艺女青年拍给自己看的片子，节奏太慢。,又是那种拍给创作者自己看的片子，节奏太慢。,需改写,文艺女青年,以女性专用标签概括创作取向，男性同类作品不会被这样命名。,“又是一部自我表达大于叙事的片子”,只删“女”，保留“文艺青年”这一标签化评价（可接受度较高）,把“节奏太慢”这一评价删掉，丢失短评内容,对影片自我表达倾向的评价、节奏太慢这一判断、短评口语,建议改,中,是,,主集,dev,
POS-0510,v6,二、冗余标记（性别在场却不承载信息）,2.3 标题与导语的冗余标性,标题,指向男性,,新闻报道,社会新闻标题,无,中,男子雨夜跳桥救人 上岸后悄然离去,一路人雨夜跳桥救人 上岸后悄然离去,需改写,男子,见义勇为与性别无关；本条与「女子」型标题构成频率对照。,“一名路过市民雨夜跳桥救人”,改成“一名男性”，标记仍在,把“悄然离去”这一细节删掉，丢失报道要点,雨夜跳桥救人、上岸后悄然离去,建议改,难,是,男性标注在正面事件中频率反而更高，需在语料层面统计,主集,index,
POS-0511,v6,二、冗余标记（性别在场却不承载信息）,2.3 标题与导语的冗余标性,标题,指向女性,,新闻报道,交通新闻标题,无,中,女司机倒车撞倒护栏 交警认定负全责,一驾驶员倒车撞倒护栏 交警认定负全责,需改写,女司机,事故责任由交警认定，与性别无关；“女司机”在事故标题中构成固定搭配。,“一车辆倒车撞倒护栏，驾驶员负全责”,改成“一名女性司机”,把“交警认定负全责”这一结论删掉,倒车撞倒护栏、交警认定负全责,建议改,中,是,与 3.2 的界：本条是标题标注，3.2 是能力归因,主集,index,
POS-0512,v6,二、冗余标记（性别在场却不承载信息）,2.3 标题与导语的冗余标性,标题,指向女性,,新闻报道,正能量报道标题,无,中,女环卫工连续三年拾金不昧 街道为其颁发证书,一环卫工连续三年拾金不昧 街道为其颁发证书,需改写,女环卫工,表彰事由与性别无关，正能量标题中的性别标注同样构成冗余。,“一名环卫工连续三年拾金不昧”,改成“一位女性环卫工”,把“连续三年”“颁发证书”删掉，丢失事实要素,连续三年拾金不昧、街道颁发证书,建议改,中,是,,主集,index,
POS-0514,v6,二、冗余标记（性别在场却不承载信息）,2.4 服务岗位的性别化称呼与设定,结构化文本,指向女性,,商业与产品,客服排班表,结构化文本,中,夜班安排：甜妹客服 2 名（负责安抚情绪），技术客服 1 名。,夜班安排：情绪安抚岗 2 名，技术支持岗 1 名。,需改写,甜妹客服,以性别化人设命名岗位，把情绪劳动绑定为女性特质。,“安抚岗 2 名、技术岗 1 名”,只把“甜妹”改成“女性”，岗位人设未去除,改动人数或删掉夜班安排，破坏排班表,夜班、情绪安抚 2 名、技术支持 1 名、排班表格式,必改,中,否,,主集,dev,
POS-0515,v6,二、冗余标记（性别在场却不承载信息）,2.4 服务岗位的性别化称呼与设定,常规句,双向,,商业与产品,前台接待话术,网络用语,中,美女这边登记一下，帅哥请稍等，马上给您安排。,两位这边登记一下，稍等片刻，马上给您安排。,需改写,美女／帅哥,以外貌化称呼指代来访者，双向都属服务话术的性别化。,“您好，这边先做个登记”,只删“美女”，保留“帅哥”，形成新的不对等,把“登记”“安排”这两个流程环节删掉,先登记再安排这一接待流程、口语服务语体,应改,易,否,,主集,test,
POS-0516,v6,二、冗余标记（性别在场却不承载信息）,2.5 “首位女性”式顺位标注,常规句,指向女性,,新闻报道,颁奖报道,无,中,她是本奖项创设以来最年轻的女性得主，今年三十四岁。,她是本奖项创设以来最年轻的得主，今年三十四岁。,需改写,最年轻的女性得主,年龄纪录本身可报道，叠加性别限定后把纪录降为分组纪录。,“三十四岁，是该奖项最年轻的得主”,改成“最年轻的女得主”，限定仍在,把“三十四岁”这一事实删掉，损失报道依据,她是最年轻得主这一纪录、三十四岁这一年龄,建议改,中,是,若确为分性别设奖，则属负例,主集,index,
POS-0518,v6,二、冗余标记（性别在场却不承载信息）,2.6 商品、空间与内容的性别化归类,常规句,双向,,文艺创作与评论,阅读App导航,无,中,首页分为男频与女频两个入口，请选择您的偏好。,首页按题材分为都市、玄幻、悬疑等入口，请选择您的偏好。,需改写,男频／女频,以性别切分内容池，会把题材偏好固化为性别属性。,“按题材分区，可多选偏好”,只把“男频女频”改成“A 频 B 频”，切分依据未变,删掉偏好选择这一功能，丢失导航用途,首页存在内容分区、可按偏好选择,应改,中,是,网文行业的既有建制，改动成本高,主集,index,
POS-0519,v6,二、冗余标记（性别在场却不承载信息）,2.6 商品、空间与内容的性别化归类,常规句,双向,,商业与产品,服饰推广,emoji,中,闺蜜款上新啦，兄弟装同步开售，快叫上你的人✨,双人款上新啦，同款配色同步开售，快叫上你的人✨,需改写,闺蜜款／兄弟装,以性别化的关系词命名同款服饰，把同行关系提前分性别。,“同款双人装上新，配色可自由组合”,只删“兄弟装”，保留“闺蜜款”，形成新的不对等,删掉 emoji 与号召语，改变推广文案调性,双人同款上新、号召结伴购买、emoji 与文案调性,应改,中,否,,主集,index,
POS-0520,v6,二、冗余标记（性别在场却不承载信息）,2.6 商品、空间与内容的性别化归类,常规句,指向女性,,商业与产品,行业分析稿,无,中,她经济持续升温，粉色消费成为拉动增长的新引擎。,女性消费市场持续升温，相关品类成为拉动增长的新引擎。,需改写,她经济／粉色消费,以性别化标签概括消费市场，并用颜色隐喻窄化其内涵。,“女性消费需求上升，带动相关品类增长”,只把“粉色消费”改成“相关消费”，“她经济”仍在,把“拉动增长”这一分析结论删掉,女性消费市场升温、成为增长引擎这一判断,建议改,中,是,行业通行术语，改动尺度有分歧,主集,test,
POS-0521,v6,三、属性绑定（陈述性：把特质归于性别）,3.1 性格与心理特质的本质化,常规句,双向,,学术与调研,心理学讲座,无,中,简单说，女生比较感性，男生比较理性，这是天生的差异。,简单说，情绪化程度与推理风格的个体差异很大，与性别的关联远小于一般人的印象。,需改写,女生感性／男生理性／天生,把认知风格切成两块贴到性别上，并断言为先天差异。,“感性与理性的差异主要来自个体，而非性别”,只删“这是天生的”，前半句的二分仍在,把讲座在讲个体差异这一主题也删掉，丢失内容,讲座在讨论感性与理性这一议题、面向听众的口语讲述,必改,中,否,,主集,index,
POS-0522,v6,三、属性绑定（陈述性：把特质归于性别）,3.1 性格与心理特质的本质化,常规句,指向女性,,社交与社区,职场闲聊,网络用语,中,女人心海底针，她到底想干嘛我是真猜不透。,她到底想干嘛我是真猜不透，还是直接问吧。,需改写,女人心海底针,以俗语把“难以理解”本质化为女性属性。,“我猜不透她的想法，不如当面问清楚”,改成“女人心思难猜”，本质化仍在,把“猜不透”这一困惑删掉，丢失闲聊由头,说话人猜不透对方想法这一处境、闲聊口语,必改,易,否,,主集,index,
POS-0523,v6,三、属性绑定（陈述性：把特质归于性别）,3.1 性格与心理特质的本质化,常规句,指向男性,,口语与私人交流,家庭对话,方言,中,男的都是大老粗，你别指望他记得这些，粗心很正常。,他确实不太留意这些细节，可以提前跟他说一声。,需改写,男的都是大老粗／粗心很正常,以“大老粗”把疏忽本质化为男性属性，并顺势免责。,“他容易忽略这类事，提醒一下就好”,只删“大老粗”，保留“粗心很正常”这一免责归因,把“别指望他记得”背后的具体事情删掉，丢失对话由头,对方容易忽略细节这一观察、家庭对话的口语感,必改,中,否,,主集,index,
POS-0524,v6,三、属性绑定（陈述性：把特质归于性别）,3.1 性格与心理特质的本质化,成语俗谚,指向女性,,文艺创作与评论,历史随笔,无,中,史书把亡国之责推给红颜祸水，实则最毒妇人心一说本就站不住脚。,史书把亡国之责推给后宫女性，这一归因本就站不住脚。,需改写,红颜祸水／最毒妇人心,随笔虽在批评该归因，仍复述了两个把祸乱本质化为女性的成语。,“把亡国之责归于后宫，是一种转移责任的写法”,只删“最毒妇人心”，保留“红颜祸水”,把“站不住脚”这一批评立场删掉，改变随笔观点,史书将亡国之责归于后宫女性这一现象、作者对该归因的否定,应改,难,是,原文已含批判意图，是否需改写有分歧,主集,dev,
POS-0526,v6,三、属性绑定（陈述性：把特质归于性别）,3.1 性格与心理特质的本质化,成语俗谚,指向女性,,新闻报道,时评,无,中,有人搬出牝鸡司晨来质疑女性主政，这种论调早该退场。,有人以“女性不宜主政”的旧论调提出质疑，这种说法早该退场。,需改写,牝鸡司晨,时评虽在反驳，仍原样复述了以家禽比附女性掌权的贬抑成语。,“有人援引旧时禁忌质疑女性主政”,加引号但仍完整复述该成语,把“早该退场”这一立场删掉，改变时评观点,有人质疑女性主政这一现象、作者对该论调的否定立场,应改,难,是,批判性引用的处理尺度有分歧,主集,test,
POS-0528,v6,三、属性绑定（陈述性：把特质归于性别）,3.2 能力与胜任力预设,常规句,指向女性,,学术与调研,课堂观察记录,无,中,任课教师提到，女生逻辑差、数学也弱，所以竞赛班没安排女生。,任课教师提到，竞赛班的选拔应依据历次测验成绩，本届名单需重新核定。,需改写,女生逻辑差／数学也弱,以性别预设能力并据此作出选拔决定。,“竞赛班按成绩排名选拔”,只删“数学也弱”，仍以性别决定竞赛班名单,把竞赛班选拔这件事删掉，丢失记录内容,竞赛班存在选拔、本届名单的产生方式,必改,中,否,,主集,index,
POS-0529,v6,三、属性绑定（陈述性：把特质归于性别）,3.2 能力与胜任力预设,常规句,指向女性,,公文与规章,高中分班说明,无,中,考虑到女生普遍学不好理科，本届理科实验班以男生为主。,本届理科实验班按学业水平测试成绩编班，不设性别比例。,需改写,女生学不好理科,以群体能力预设作为编班依据。,“实验班按成绩编班”,只删“普遍”，编班仍以性别为据,把实验班编班这一事项删掉，丢失说明内容,本届设有理科实验班、需要一套编班依据,必改,中,否,,主集,index,
POS-0530,v6,三、属性绑定（陈述性：把特质归于性别）,3.2 能力与胜任力预设,常规句,指向女性,,社交与社区,高考志愿贴,网络用语,中,劝退，女生学不好理工科，四年下来绩点惨不忍睹的一堆。,劝退慎重，理工科课业强度大，绩点压力确实不小。,需改写,女生学不好理工科,把课业难度归因为性别而非专业强度。,“理工科课程密度高，要有心理准备”,只删“女生”，保留“学不好”这一结论式判断,把“绩点压力”这一真实信息删掉，丢失帖子价值,理工科课业强度大、绩点压力这一提醒、跟帖口语,必改,中,否,,主集,index,
POS-0531,v6,三、属性绑定（陈述性：把特质归于性别）,3.2 能力与胜任力预设,常规句,指向女性,,商业与产品,汽车销售话术,无,中,这款倒车影像特别适合您，女司机技术不行，方向感也差，有它就稳了。,这款倒车影像视野大、辅助线清晰，倒车不熟练的话会省心很多。,需改写,女司机技术不行／方向感差,以性别预设驾驶能力来推销，双重能力标签。,“泊车不熟练的用户装了会轻松不少”,只删“女司机”，保留“技术不行、方向感差”的预设对象,把倒车影像这一产品卖点删掉，丢失话术目的,倒车影像这一产品、辅助泊车这一卖点,必改,中,否,,主集,index,
POS-0532,v6,三、属性绑定（陈述性：把特质归于性别）,3.2 能力与胜任力预设,常规句,指向女性,,公文与规章,晋升评议,无,中,该同志业务扎实，但女人做不了管理，抗压也差，建议仍留在执行岗。,该同志业务扎实，管理岗所需的统筹与抗压能力尚待观察，建议下一考核期再评。,需改写,女人做不了管理／抗压也差,以性别否定管理胜任力，并据此作出岗位安排。,“建议结合近两年项目统筹表现再作评定”,只删“女人”，仍以“做不了管理”作结论,把“业务扎实”这一正面评价删掉，损失评议完整性,该同志业务扎实这一评价、评议须给出岗位建议,必改,中,否,,主集,test,
POS-0533,v6,三、属性绑定（陈述性：把特质归于性别）,3.2 能力与胜任力预设,常规句,指向男性,,社交与社区,育儿话题贴,网络用语,中,指望他带娃？男的不会带娃也不会做家务，还不如自己上。,他现在带娃和做家务都还不熟练，可以先从固定几件事练起。,需改写,男的不会带娃也不会做家务,把育儿与家务能力的缺失设为男性群体属性，并据此放弃分工。,“他上手还不熟，需要一段时间磨合”,只删“男的”，保留“不会带娃”这一结论,把“还不如自己上”背后的分工困境删掉，丢失帖子主题,对方目前带娃与家务不熟练、发帖人正在权衡分工、跟帖口语,必改,中,否,,主集,dev,
POS-0534,v6,三、属性绑定（陈述性：把特质归于性别）,3.2 能力与胜任力预设,常规句,指向男性,,工程与技术,车间派工,方言,中,这批线圈绕制精度要求高，男人做不好精细活，挑几个女工来。,这批线圈绕制精度要求高，从持证的绕线工里挑几个手稳的来。,需改写,男人做不好精细活,以性别而非工艺熟练度分派精细工序，属反向的能力预设。,“按绕线工位的考核成绩挑人”,只删“男人做不好”，仍指定女工承担,把“精度要求高”这一工艺条件删掉，丢失派工依据,线圈绕制、精度要求高、需要挑人承担,必改,中,否,反向能力预设样本,主集,test,
POS-0535,v6,三、属性绑定（陈述性：把特质归于性别）,3.2 能力与胜任力预设,常规句,指向女性,,社交与社区,车友论坛,错别字,中,别跟她争了，女生不懂车，说了也白说。,别急着争，她对这块还不太熟，慢慢说清楚就行。,需改写,女生不懂车,以性别预设知识水平，并据此取消对话资格。,“她对车不太了解，可以解释一下”,只删“女生”，保留“说了也白说”这一取消对话的判断,把这段争论的语境删掉，丢失回帖对象,存在一场关于车的争论、对方了解有限这一处境、论坛口语,必改,易,否,含错别字噪声，改写不修正,主集,dev,
POS-0537,v6,三、属性绑定（陈述性：把特质归于性别）,3.3 劳动与人生领域的分工绑定,常规句,双向,,公文与规章,部门用人说明,无,中,行政岗招女生，技术岗招男生，这样团队结构比较稳定。,行政岗与技术岗均按岗位胜任力招聘，不设性别倾向。,需改写,行政岗招女生／技术岗招男生,把两类岗位与性别一一对应，属分工绑定叠加准入倾向。,“两类岗位的招聘标准以任职资格为准”,只删“这样比较稳定”，两条对应关系仍在,把行政与技术两个岗位的存在删掉，丢失说明内容,部门设有行政与技术两类岗位、需要招聘,必改,中,否,含合规风险,主集,test,
POS-0538,v6,三、属性绑定（陈述性：把特质归于性别）,3.3 劳动与人生领域的分工绑定,常规句,指向女性,,商业与产品,美妆品牌文案,emoji,中,化妆是女人的事？现在是每个想变好看的人的事💄,化妆是每个想让自己更好看的人的事💄,需改写,化妆是女人的事,文案以设问形式复述该绑定，标点之后虽反转，前半句仍完整呈现了主张。,“想让自己更好看，就值得认真对待妆容”,只把问号改成句号，前半句的绑定表述仍在,删掉 emoji 与反转句式，改变文案调性,化妆面向所有人这一主张、emoji 与文案调性,建议改,难,是,设问式反转的处理尺度有分歧,主集,test,
POS-0539,v6,三、属性绑定（陈述性：把特质归于性别）,3.3 劳动与人生领域的分工绑定,成语俗谚,指向女性,,文艺创作与评论,人物访谈,无,中,她说自己这些年就是相夫教子，别的没做什么。,她说自己这些年主要在照顾家庭，别的没做什么。,需改写,相夫教子,作陈述使用时，该成语把家务与育儿描述成以丈夫为中心的分工。,“这些年她的精力主要在家庭”,改成“相夫教子、操持家务”，绑定仍在,把“别的没做什么”这一自述删掉，改变访谈内容,她这些年以家庭事务为主、她本人的自述口吻,应改,中,是,与 4.5 的界：本条为分工陈述，非应然规训,主集,index,
POS-0540,v6,三、属性绑定（陈述性：把特质归于性别）,3.3 劳动与人生领域的分工绑定,结构化文本,双向,,社交与社区,志愿岗排班表,结构化文本,中,志愿岗分工：引导（女）4 人、物资（男）4 人、机动（男）2 人。,志愿岗分工：引导 4 人、物资 4 人、机动 2 人，报名时自选岗位。,需改写,引导限女／物资机动限男,排班表把三个岗位分别绑定性别，接待归女、体力归男。,“三个岗位共 10 人，按报名先后分配”,只去掉“机动（男）”的标注，其余两岗未动,改动各岗人数，破坏排班安排,三个志愿岗、各岗人数（4/4/2）、排班表格式,必改,中,否,,主集,index,
POS-0541,v6,三、属性绑定（陈述性：把特质归于性别）,3.4 兴趣、物品与色彩的性别化,常规句,双向,,商业与产品,用户调研简报,无,中,男生打游戏、女生追剧，内容分发按这个思路做就行。,游戏与剧集的偏好差异主要来自使用时段与设备，内容分发按行为数据做即可。,需改写,男生打游戏／女生追剧,把内容偏好按性别二分，并据此设计分发策略。,“按实际观看与游玩行为分层，不按性别切分”,只删“就行”，二分结论仍作为分发依据,把内容分发这一业务动作删掉，丢失简报结论,简报需给出内容分发思路这一功能,必改,中,否,,主集,test,
POS-0544,v6,三、属性绑定（陈述性：把特质归于性别）,3.5 外貌与身体标准的性别化,常规句,双向,,口语与私人交流,理发店对话,方言,中,女生短发不好看，还是留长点吧；男的嘛，得有肌肉才撑得起来。,看你想要什么感觉，长短都能剪出好看的样子。,需改写,女生短发不好看／男的得有肌肉,一句之内对两个性别各设一条外貌标准。,“按你平时的打理习惯来选长度”,只删后半句，前半句的标准仍在,把发型选择这一话题删掉，丢失对话场景,顾客正在选择发型长度、店内对话的口语感,必改,中,否,,主集,index,
POS-0545,v6,三、属性绑定（陈述性：把特质归于性别）,3.6 情绪表达与生理归因,常规句,指向女性,,医疗健康,产后随访记录,无,中,家属反映产妇近期易怒，考虑产后激素波动所致，未予进一步评估。,家属反映产妇近期易怒，已安排情绪筛查与睡眠、喂养情况评估。,需改写,考虑产后激素波动所致／未予进一步评估,以激素解释情绪并就此结案，会漏掉产后抑郁等需干预的情况。,“需完成产后抑郁量表筛查后再作判断”,只删“未予进一步评估”，激素归因仍是唯一解释,把“家属反映易怒”这一主诉删掉，破坏病历记录,家属反映产妇易怒这一主诉、随访须给出后续处理,必改,中,否,医学场景的归因错误,主集,index,
POS-0546,v6,三、属性绑定（陈述性：把特质归于性别）,3.7 婚恋与择偶偏好的性别化,常规句,双向,,社交与社区,相亲角见闻,无,中,这边挂的牌子都写得明白：女方看条件，男方看长相，门当户对最要紧。,这边挂的牌子写得直白，房、车、学历、年龄都列在上面。,需改写,女方看条件／男方看长相／门当户对,把择偶标准按性别对半分派，并以门当户对固化家世匹配。,“牌子上列的多是经济条件与家庭背景”,只删“门当户对”，前面的对半分派仍在,把相亲角挂牌这一见闻场景删掉，丢失内容,相亲角挂牌这一场景、牌上列有各项条件,应改,中,是,相亲市场的既有话语，改动尺度有分歧,主集,test,
POS-0548,v6,三、属性绑定（陈述性：把特质归于性别）,3.7 婚恋与择偶偏好的性别化,常规句,指向男性,,社交与社区,婚恋话题贴,无,中,现在的行情就是男的要有房有车，彩礼本来就是男方的责任。,现在的行情里房、车、彩礼多由一方承担，这部分怎么分担值得两个人商量。,需改写,男的要有房有车／彩礼是男方的责任,把婚前财产投入单向归为男方义务。,“婚前投入如何分担，建议双方共同商定”,只删“本来就是”，责任的单向分派仍在,把彩礼与房车这一话题回避掉，丢失原帖主题,房、车、彩礼在婚配中被作为条件这一现象,应改,中,是,,主集,test,
POS-0549,v6,三、属性绑定（陈述性：把特质归于性别）,3.7 婚恋与择偶偏好的性别化,成语俗谚,双向,,口语与私人交流,长辈聊天,方言,中,老话说娶妻当娶贤，女怕嫁错郎，这两句到啥时候都不过时。,老话有各种讲法，关键还是两个人合不合得来，能不能好好过日子。,需改写,娶妻当娶贤／女怕嫁错郎,两句俗谚分别把德行要求压给女方、把人生风险压给女方，且被断为不过时。,“老话归老话，合不合适得两个人自己看”,只删“到啥时候都不过时”，两句俗谚仍作为主张原样保留,把长辈的口语劝导改成书面训诫，改变语体,长辈对婚配的看法、聊天的口语感,应改,中,是,俗谚引用与主张之间的界线有分歧,主集,test,
POS-0550,v6,四、规范说教（应然性：以性别提出要求）,4.1 应然句式,常规句,指向男性,,文艺创作与评论,家庭剧台词,无,中,别哭了，男人不能哭，你要坚强点。,先别急着憋回去，难受就说出来，我们一起想办法。,需改写,男人不能哭／要坚强,以性别下达情绪禁令，并叠加坚强这一应然要求。,“想哭就哭出来，哭完我们再说”,只删“男人不能哭”，保留“要坚强点”这一同源要求,把这段安慰情节删掉，破坏剧情,一方正在哭泣、另一方在劝慰这一情节,必改,易,否,,主集,index,
POS-0551,v6,四、规范说教（应然性：以性别提出要求）,4.1 应然句式,常规句,指向女性,,公文与规章,学生评语,无,中,该生活泼有余，女生要文静一点才好，望下学期注意言行。,该生课堂发言积极，但有时影响他人，望下学期注意场合。,需改写,女生要文静一点,以性别设定行为规范，把活泼判为需矫正的缺点。,“课堂参与积极，需注意不打断他人”,只删“女生”，保留“要文静一点”这一要求,把“望下学期注意”这一评语功能删掉,该生活泼、评语需给出改进方向,必改,中,否,,主集,index,
POS-0552,v6,四、规范说教（应然性：以性别提出要求）,4.1 应然句式,常规句,指向男性,,口语与私人交流,朋友劝解,网络用语,中,男人就得扛事，这点压力算啥，忍忍就过去了。,这段压力确实不小，别硬扛，有事跟我说。,需改写,男人就得扛事,以性别要求独自承受压力，并否定求助的正当性。,“压力大的时候找人说说，别一个人憋着”,只删“男人”，保留“忍忍就过去了”这一同源要求,把朋友劝解这一关系情境删掉，改变语体,对方正承受压力、朋友在回应这一情境、口语劝解,必改,中,否,,主集,dev,
POS-0553,v6,四、规范说教（应然性：以性别提出要求）,4.1 应然句式,常规句,指向女性,,社交与社区,育儿号文案,emoji,中,当妈的哪能不管孩子，再忙也要挤出时间陪伴🌱,孩子的陪伴需要家长共同安排，再忙也要挤出时间🌱,需改写,当妈的哪能不管孩子,以反问句式把育儿责任规定为母亲的天职。,“陪伴时间由父母共同规划”,改成“当爸妈的哪能不管孩子”，反问式的责任规定仍在,删掉 emoji 与文案调性，改变推文语体,陪伴孩子需要时间投入这一主张、emoji 与文案调性,必改,中,否,,主集,dev,
POS-0554,v6,四、规范说教（应然性：以性别提出要求）,4.1 应然句式,常规句,指向男性,,社交与社区,短视频弹幕,网络用语,中,男人不该化妆，油头粉面的看着别扭。,这个妆效有点重，看着不太习惯。,需改写,男人不该化妆,以性别禁止某类外貌实践，属应然式规训。,“妆感偏浓，我个人不太喜欢”,只删“男人不该”，仍以“油头粉面”这一贬抑词评价,把这条弹幕的评价立场整个抹掉，丢失内容,弹幕作者不喜欢该妆效这一态度、弹幕口语,必改,易,否,,主集,dev,
POS-0555,v6,四、规范说教（应然性：以性别提出要求）,4.2 资格与身份定义,常规句,指向男性,,文艺创作与评论,影视台词,无,中,把钱还上，敢作敢当，这才像个男人。,把钱还上，敢作敢当，这才是该有的样子。,需改写,这才像个男人,以担当界定男性身份资格，把品行绑成性别的证明。,“把账还清，这才对得起自己”,改成“这才像个爷们”，资格判定仍在,把还钱与担当这一情节主张删掉，破坏台词,要求对方还钱、敢作敢当这一情节主张,必改,中,是,若为角色塑造需要，则属负例,主集,test,
POS-0556,v6,四、规范说教（应然性：以性别提出要求）,4.2 资格与身份定义,常规句,指向女性,,社交与社区,情感博主口播,无,中,真正的女人会把自己收拾得体体面面，这是最基本的女人味。,把自己收拾得体面清爽，会让人一整天都有精神。,需改写,真正的女人会……／女人味,以外表打理界定“真正的女人”，并以“女人味”作为资格判据。,“愿意打理自己是一种生活态度”,只删“真正的”，仍以“女人味”作判据,删掉口播的建议内容，丢失文案功能,把自己收拾体面这一建议、口播的口语调性,必改,中,否,,主集,index,
POS-0557,v6,四、规范说教（应然性：以性别提出要求）,4.2 资格与身份定义,常规句,指向男性,,社交与社区,球场喊话,缺标点,短,是男人就上去拼一把别怂,上去拼一把别怂,需改写,是男人就……,以性别设定行动门槛，把退缩定义为身份不合格。,“豁出去拼一把”,改成“是爷们就上”，门槛仍在,补全标点并改成书面语，改变喊话体裁,催促上场拼抢、原文无标点的喊话体裁,必改,易,否,保留缺标点噪声,主集,dev,
POS-0558,v6,四、规范说教（应然性：以性别提出要求）,4.2 资格与身份定义,常规句,指向男性,,社交与社区,职场吐槽,网络用语,中,被领导说两句就蔫了，一点男子气概都没有。,被领导说两句就蔫了，抗压能力还得练。,需改写,一点男子气概都没有,以“男子气概”作为抗压能力的判据，把性别气质与职业素质挂钩。,“心态还不够稳，需要多练”,改成“不够爷们”，判据未变,把“被领导说两句就蔫了”这一具体情形删掉,被批评后状态低落这一观察、吐槽的口语感,必改,易,否,,主集,dev,
POS-0559,v6,四、规范说教（应然性：以性别提出要求）,4.2 资格与身份定义,成语俗谚,指向男性,,公文与规章,动员讲话,无,中,大丈夫能屈能伸，须眉当有担当，这次攻坚就看诸位了。,能屈能伸方能成事，诸位当有担当，这次攻坚就看大家了。,需改写,大丈夫／须眉,以“大丈夫”“须眉”把担当与韧性设为男性专属，同时排除在场其他人。,“成事要能屈能伸，也要肯担责”,只删“须眉”，保留“大丈夫”，资格框架仍在,把攻坚动员这一讲话目的删掉,本次攻坚任务、对在场者的动员、讲话体裁,必改,中,否,,主集,index,
POS-0560,v6,四、规范说教（应然性：以性别提出要求）,4.3 选择的性别化劝阻与限制,常规句,指向男性,,口语与私人交流,长辈教诲,方言,中,男的学护理没前途，将来抬不起头，趁早换个专业。,护理这条路要看你自己的兴趣和职业规划，现在换不换都来得及。,需改写,男的学护理没前途,以性别劝阻职业选择，并以社会评价加压。,“护理专业的发展路径可以先了解清楚”,只删“男的”，保留“没前途、抬不起头”的劝退结论,把专业选择这一话题删掉，丢失对话内容,对方正在读护理、是否换专业这一议题、长辈口语,必改,中,否,,主集,dev,
POS-0561,v6,四、规范说教（应然性：以性别提出要求）,4.3 选择的性别化劝阻与限制,常规句,指向女性,,口语与私人交流,家庭议论,无,中,女孩子别太拼，你一个女生要那么强干嘛，够用就行了。,别太拼，身体要紧，这个强度得悠着点。,需改写,女孩子别太拼／一个女生要那么强干嘛,以“为你好”的口吻劝阻上进，两处均以性别为条件。,“工作强度太大，注意别把自己累垮”,只删前半句，后半句的反问仍在,把关心健康这一意图删掉，改变家庭对话的语气,对方工作强度过大、家人在表达关心,必改,中,否,,主集,dev,
POS-0563,v6,四、规范说教（应然性：以性别提出要求）,4.4 年龄、婚育与人生进度捆绑,标题,指向女性,,新闻报道,民生新闻标题,无,中,大龄剩女相亲十次未果 专家支招该如何取舍,多次相亲未果 专家分析择偶取舍中的常见误区,需改写,大龄剩女,以贬抑标签指称未婚女性，并把年龄设为待解决的问题。,“相亲多次未成，专家谈择偶取舍”,改成“大龄单身女性”，年龄问题化的框架仍在,把“专家支招”这一报道结构删掉,多次相亲未成这一事实、专家给出建议这一内容,必改,中,否,,主集,index,
POS-0564,v6,四、规范说教（应然性：以性别提出要求）,4.4 年龄、婚育与人生进度捆绑,成语俗谚,双向,,社交与社区,相声段子,无,中,都说女人四十豆腐渣，男人四十一枝花，这话您琢磨琢磨。,都说人到四十各有各的难，这话您琢磨琢磨。,需改写,女人四十豆腐渣，男人四十一枝花,同一年龄对两性给出相反估值，是最典型的年龄双标俗谚。,“四十岁上下，各人有各人的坎”,只把顺序调换，估值的不对等仍在,把“您琢磨琢磨”这一相声抖包袱的语气删掉,对四十岁这一年龄的议论、相声的口语节奏,必改,中,是,若为讽刺该俗谚的段子，则属负例,主集,index,
POS-0565,v6,四、规范说教（应然性：以性别提出要求）,4.5 传统角色规训与伦理话语,成语俗谚,指向女性,,公文与规章,家风宣传栏,无,中,本村提倡女子无才便是德，出得厅堂入得厨房，方为持家之本。,本村提倡家庭成员共同持家，家务与教育责任由家人分担。,需改写,女子无才便是德／出得厅堂入得厨房,两句连用，先否定女性受教育的价值，再规定其应达成的家务标准。,“提倡家人共同承担家务与教养责任”,只删前半句，后半句的持家标准仍单向压在女性身上,把宣传栏的家风倡导功能删掉,本村在倡导某种家风、宣传栏体裁,必改,中,否,,主集,test,
POS-0568,v6,四、规范说教（应然性：以性别提出要求）,4.6 保护式区别对待（善意歧视）,常规句,双向,,工程与技术,车间班前会,方言,中,女同志别搬了，这批料重，重活男生来，你们去登记。,这批料重，两人一组搬运，其余人负责登记，按体力自行组队。,需改写,女同志别搬了／重活男生来,以照顾名义按性别分派体力活与文书活，双向都是区别对待。,“搬运两人一组，登记一人，自行认领”,只删“女同志别搬了”，重活仍指定男生,把搬运与登记这两项工作删掉，丢失班前会安排,存在搬料与登记两项工作、需要分派人手,应改,中,是,涉及实际体力与安全的边界，争议密度高,主集,test,
POS-0569,v6,四、规范说教（应然性：以性别提出要求）,4.6 保护式区别对待（善意歧视）,常规句,指向女性,,公文与规章,值班安排,无,中,照顾一下女同志，女的不用值夜班，夜班全部由男同事轮。,夜班按自愿申报与轮值表安排，有特殊情况可申请调换。,需改写,照顾一下女同志／女的不用值夜班,以照顾为名把夜班义务单向压给男同事，同时取消女同事的选择权。,“夜班实行自愿轮值，特殊情况可申请调整”,只删“照顾一下”，夜班分配仍按性别,把夜班这一排班事项删掉，丢失安排内容,存在夜班、需要一套轮值规则,应改,中,是,,主集,test,
POS-0570,v6,四、规范说教（应然性：以性别提出要求）,4.6 保护式区别对待（善意歧视）,常规句,双向,,商业与产品,年会游戏规则,emoji,中,抢凳子环节女士优先，女生先入场，男生让一轮🎪,抢凳子环节按抽签顺序入场，每轮淘汰一人🎪,需改写,女士优先／男生让一轮,以礼遇形式改变竞赛规则，预设了参与者的能力差异。,“按抽签顺序入场，规则对所有人一致”,只删“女士优先”，让一轮的规则仍在,删掉 emoji 与游戏环节，丢失年会安排,抢凳子这一游戏环节、需要一套入场规则、emoji,应改,中,是,礼节性表述与规则改变的界线有分歧,主集,test,
POS-0571,v6,五、关系性不对等（需比较两个对象方成立）,5.1 称谓与头衔层级不对等,常规句,双向,,文艺创作与评论,颁奖典礼主持词,无,中,下面有请评委会主席周正明先生，以及我们美丽的评委林女士。,下面有请评委会主席周正明，以及评委林清。,需改写,主席先生／美丽的评委林女士,一方称职务，另一方称性别称谓并附外貌修饰，双重不对等。,统一以职务加姓名介绍两位评委,只删“美丽的”，仍以“林女士”与“主席”并列,编造第二位评委的职务信息,两位嘉宾登台、其中一位为评委会主席、主持词体裁,应改,中,否,,主集,dev,
POS-0581,v6,五、关系性不对等（需比较两个对象方成立）,5.5 从夫称谓与旧式谦称,常规句,指向女性,,文艺创作与评论,回忆散文,无,中,他常说，这些年多亏了糟糠之妻在背后撑着。,他常说，这些年多亏了妻子在背后撑着。,需改写,糟糠之妻,“糟糠”以贫贱时的粗劣饮食代指妻子，含贬抑与恩赐意味。,“多亏了他妻子这些年的支持”,改成“结发妻子”，旧式定位仍在,把“在背后撑着”这一叙述删掉，丢失散文内容,他对妻子多年支持的感念、散文的叙述语体,应改,中,是,旧词在文学语境中的沿用尺度有分歧,主集,dev,
POS-0583,v6,五、关系性不对等（需比较两个对象方成立）,5.5 从夫称谓与旧式谦称,常规句,指向女性,,社交与社区,旧式请柬,繁体,中,恭請周經理攜夫人蒞臨小兒周歲之喜。,恭請周經理與伴侶蒞臨小兒周歲之喜。,需改写,攜夫人,“携夫人”把受邀者的配偶设为被携带者，无独立受邀身份。,“恭請周經理伉儷蒞臨”,改成“攜太太”，结构未变,把繁体改成简体，修正了原文的字形噪声,邀请周经理及其配偶、小儿周岁这一事由、繁体字形,应改,难,是,请柬套语的沿用程度有分歧；保留繁体噪声,主集,index,
POS-0585,v6,五、关系性不对等（需比较两个对象方成立）,5.6 施受与主被动结构不对等,常规句,双向,,新闻报道,家庭报道,无,中,三年前他迎娶了邻村的姑娘，如今她已为他生下一子。,三年前两人结婚，如今有了一个孩子。,需改写,迎娶／为他生下,男方为施事、女方为受事与服务者，同一事件两侧结构不对等。,“两人三年前结婚，去年有了孩子”,只把“为他生下一子”改成“生下一子”，前半句的迎娶结构仍在,编造结婚与生育的具体时间,两人三年前结婚、现已有一个孩子,应改,中,是,,主集,dev,
POS-0586,v6,五、关系性不对等（需比较两个对象方成立）,5.6 施受与主被动结构不对等,常规句,双向,,口语与私人交流,家庭讨论,方言,中,房子写谁名？她是嫁过来的，还是写我们家孩子名下稳妥。,房子写谁名？两个人商量着来，写谁的名都要说清楚。,需改写,她是嫁过来的,以“嫁过来”界定归属方向，并据此排除其财产权。,“产权登记双方商定，别用谁进谁家来定”,只删“嫁过来的”，仍单方面决定写谁名下,把房产登记这一议题删掉，丢失讨论内容,家庭正在讨论房产登记在谁名下,应改,中,否,,主集,test,
POS-0592,v6,五、关系性不对等（需比较两个对象方成立）,5.8 成就与失败的归因不对等,常规句,双向,,新闻报道,行业访谈,无,中,问及成功之道，他谈的是二十年的技术积累，而她则被问到家庭是否支持。,问及成功之道，两位受访者分别谈了各自的技术积累与团队建设。,需改写,他被问技术积累／她被问家庭支持,提问维度按性别分派，把女性的成就隐含地归因于家庭许可。,对两位受访者提出同类问题,只删“是否支持”，提问的维度差仍在,编造第二位受访者的回答内容,两位受访者、访谈在讨论成功之道,建议改,难,否,少写型不对等（提问维度的不对等）,主集,index,
POS-0593,v6,六、以性别设限与划界,6.1 二元穷举式称呼与并称,常规句,双向,,公文与规章,校园通知,无,中,请全体男生女生于周三下午三点到操场集合。,请全体同学于周三下午三点到操场集合。,需改写,男生女生,以二元穷举统称全体学生，“同学”本已中性。,“请各班同学于周三下午三点集合”,改成“男同学女同学”，穷举结构未变,改动集合时间或地点，破坏通知内容,周三下午三点、操场集合,应改,易,否,,主集,dev,
POS-0594,v6,六、以性别设限与划界,6.1 二元穷举式称呼与并称,常规句,双向,,法律与司法,调解协议模板,无,中,男女双方须到场签署，男女双方各执一份。,双方当事人须到场签署，各执一份。,需改写,男女双方（两处）,协议模板以性别指称当事人，而协议关系并不依赖性别。,“协议双方须到场签署”,只改前一处，后一处“男女双方”未动,把“各执一份”这一条款要素删掉,双方须到场签署、各执一份,应改,中,否,多触发点样本,主集,test,
POS-0595,v6,六、以性别设限与划界,6.1 二元穷举式称呼与并称,结构化文本,双向,,商业与产品,下拉选项配置,结构化文本,中,称谓下拉：先生 / 小姐（默认值：先生）,称谓下拉：先生 / 女士 / 不便告知（默认值：不便告知）,需改写,先生／小姐二选一且默认先生,选项二元穷举，且默认值把未选择者一律归为男性。,取消称谓字段，直接使用用户填写的姓名,只把“小姐”改成“女士”，默认值与二元结构未动,删掉整个称谓字段，若下游文案依赖会报错,称谓这一字段、下拉控件、存在默认值这一配置,应改,中,是,,主集,index,
POS-0596,v6,六、以性别设限与划界,6.1 二元穷举式称呼与并称,常规句,双向,,社交与社区,社区活动通知,方言,中,咱们院里老少爷们儿、男男女女都来啊，晚上七点放电影。,咱们院里的街坊都来啊，晚上七点放电影。,需改写,老少爷们儿／男男女女,先以男性词统称，再以二元穷举补全，两层都排他。,“院里的邻居都来，晚上七点放电影”,只删“老少爷们儿”，二元穷举仍在,把方言口语改成书面通知，改变语体,晚上七点、院里放电影、方言口语的招呼,应改,中,否,,主集,index,
POS-0597,v6,六、以性别设限与划界,6.1 二元穷举式称呼与并称,代码与字段,双向,,工程与技术,文案模板,结构化文本,中,"greeting = ""尊敬的{name}他/她，您的申请已受理""","greeting = ""尊敬的{name}，您的申请已受理""",需改写,他/她（并列写法）,模板中以“他/她”并列，既是二元穷举，在此处还语法冗余。,"改为 ""{name}，您的申请已受理""",改成“他/她/TA”，仍是列举式方案,改动变量名 {name} 或键名 greeting，破坏模板渲染,greeting 键名、{name} 变量、申请已受理这一文案内容,应改,中,否,「他/她」在本集判为欠改，不作为合格解,主集,test,
POS-0598,v6,六、以性别设限与划界,6.2 家庭结构的窄化预设,常规句,双向,,公文与规章,家长会通知,无,中,本周五家长会，请爸爸妈妈填写反馈表并按时到场。,本周五家长会，请监护人填写反馈表并按时到场。,需改写,请爸爸妈妈填写,以父母二人穷举全部监护人，单亲、祖辈抚养等情形被排除。,“请家长填写反馈表”,改成“请爸爸或妈妈填写”，仍限定为父母二元,改动家长会时间，破坏通知内容,本周五家长会、填写反馈表、按时到场,应改,易,否,,主集,dev,
POS-0600,v6,六、以性别设限与划界,6.2 家庭结构的窄化预设,结构化文本,双向,,公文与规章,学籍档案表,结构化文本,中,监护信息：孩子的父亲____ 孩子的母亲____（两栏均为必填）,监护信息：监护人一（关系____ 姓名____）监护人二（关系____ 姓名____，非必填）,需改写,父亲栏／母亲栏且均必填,字段以异性双亲为唯一结构，且必填约束使其他情形无法录入。,改为“共同生活的监护人”，留出关系与姓名两列,只把栏目名改成“家长一、家长二”，必填约束未放开,删掉第二栏，导致双监护人信息无处录入,两个监护人填写位、监护信息这一字段组、表格体裁,应改,中,否,,主集,index,
POS-0601,v6,六、以性别设限与划界,6.3 表单、字段与选项的强制二元,结构化文本,双向,,学术与调研,问卷人口学题,结构化文本,中,Q1 您的性别：○男 ○女（必答，不可跳过）,Q1 您的性别：○男 ○女 ○其他 ○不便告知（必答，可选“不便告知”）,需改写,仅男女两项且不可跳过,问卷人口学变量强制二元且不可跳过，会迫使部分受访者填入不实信息。,增设“其他（请注明）”开放项，并允许跳过,只放开跳过，选项仍是二元,删掉性别题，若研究设计确需该变量会影响分析,Q1 题号、性别这一人口学变量、单选控件、问卷格式,应改,中,是,受统计口径约束，是否可放开取决于研究设计,主集,index,
POS-0604,v6,六、以性别设限与划界,6.4 依推定的性别称谓指派,常规句,双向,,商业与产品,餐厅接待,网络用语,中,两位这边坐，先生您点单还是小姐点？,两位这边坐，请问由哪位点单？,需改写,默认叫先生／小姐,依外表推定并指派称谓，同时把点单权按推定的性别分派。,“请问哪位来点单”,改成“先生/女士”，仍是依推定二选一,把点单这一服务流程删掉，丢失接待内容,引导入座、询问由谁点单这一流程、接待口语,应改,易,否,,主集,dev,
POS-0606,v6,六、以性别设限与划界,6.5 准入与资格的性别限制,常规句,指向男性,,公文与规章,招聘启事,无,中,储备干部三名，该岗位只招男性，需适应长期出差。,储备干部三名，需适应长期出差，欢迎符合条件者投递。,需改写,只招男性,以性别设定准入门槛，属实质层排他，含合规风险。,“岗位含长期出差要求，任职资格见附件”,改成“男性优先”，仍以性别设门槛,把“长期出差”这一岗位事实删掉，丢失关键信息,储备干部三名、需适应长期出差、招聘启事体裁,必改,易,否,含合规风险,主集,test,
POS-0607,v6,六、以性别设限与划界,6.5 准入与资格的性别限制,常规句,指向女性,,商业与产品,门店招工,缺标点,短,招收银员两名女性优先包吃住,招收银员两名包吃住熟悉收银系统者优先,需改写,女性优先,岗位无实质性别需求时的“女性优先”同样构成准入倾斜。,“熟悉收银操作者优先”,改成“限女性”，排他性更强,补全标点并改成规范书面语，改变招工告示体裁,招收银员两名、包吃住、原文无标点的告示体裁,必改,中,否,保留缺标点噪声,主集,test,
POS-0608,v6,六、以性别设限与划界,6.6 空间、设施与分组的非必要划分,常规句,双向,,商业与产品,商场导视,无,中,地下二层设女性车厢直达电梯与粉色停车位，男士请走东侧通道。,地下二层设直达电梯与近电梯停车位，各出入口通行不限。,需改写,女性车厢／粉色停车位／男士走东侧,以性别切分停车与通行路径，安全考量未说明时属非必要划分。,“近电梯车位供有需要的车主使用，需在闸口登记”,只删“男士请走东侧”，前面的性别化设施仍在,把停车位与电梯这一设施信息删掉，丢失导视功能,地下二层有直达电梯与特定停车位、通行路径这一导视信息,应改,中,是,安全类设施的必要性判断有分歧,主集,index,
POS-0609,v6,六、以性别设限与划界,6.6 空间、设施与分组的非必要划分,常规句,双向,,公文与规章,运动会编排,无,中,趣味项目按男队女队分组，各队人数不限。,趣味项目按班级分组，各队人数不限。,需改写,按男队女队分组,趣味项目无体能对抗必要，按性别分队属非必要划分。,“按报名先后随机分队”,只把“男队女队”改成“甲队乙队”，分组依据未说明,改动人数规则，破坏赛事编排,趣味项目需要分组、各队人数不限这一规则,应改,易,否,,主集,dev,
POS-0610,v6,六、以性别设限与划界,6.6 空间、设施与分组的非必要划分,结构化文本,双向,,工程与技术,场馆设施说明,结构化文本,中,卫生间：男（3F 东）、女（3F 西）；更衣室：男、女各一间。,卫生间：男（3F 东）、女（3F 西）、无障碍及全性别单间（3F 中）；更衣室：男、女各一间，另设独立单间一间。,需改写,仅男女两类，无单间,隐私类设施保留分区是合理的，问题在于缺少可容纳其他情形的单间选项。,在现有分区外增设无障碍与独立单间，并在导视中标出,只把标识改成图形符号，可用设施的种类未增加,删掉男女分区，损失隐私类设施的既有功能,卫生间的三层方位、更衣室各一间、设施说明的格式,应改,难,是,与负例集保护的隐私类设施相邻，界在于是否另设单间,主集,index,
POS-0611,v6,六、以性别设限与划界,6.7 生理与医学表述的性别绝对化,常规句,双向,,医疗健康,门诊导医,无,中,妇科是女性专属科室，男的挂错号了，去泌尿外科。,您的症状更适合挂泌尿外科，妇科主要诊治女性生殖系统疾病。,需改写,妇科是女性专属科室,科室诊疗范围可陈述，但“专属”这一绝对化表述会阻断跨性别者与部分患者的就诊路径。,“妇科主要面向女性生殖系统疾病，您的情况建议挂泌尿外科”,只删“男的挂错号了”，“专属”这一绝对化仍在,把改挂泌尿外科这一指引删掉，丢失导医功能,妇科的诊疗范围、建议改挂泌尿外科这一指引,应改,难,是,科室建制与身份表述的边界,主集,test,
POS-0612,v6,六、以性别设限与划界,6.7 生理与医学表述的性别绝对化,常规句,指向女性,,医疗健康,用药提示,无,中,本品仅女性需注意骨密度下降风险，男性长期服用无此顾虑。,本品长期服用可能影响骨密度，男女均需定期监测。,需改写,男性长期服用无此顾虑,医学事实错误：该类药物对两性的骨代谢均有影响，绝对化表述会造成漏检。,“长期用药者建议每年评估骨密度”,只删“无此顾虑”，未补上男性同样需监测这一信息,把骨密度风险这一用药提示整个删掉,本品可能影响骨密度这一风险、用药提示这一功能,必改,中,否,医学事实错误，无争议,主集,test,
POS-0613,v6,七、贬损与物化（词项自带贬抑）,7.1 性别化侮辱标签,常规句,指向女性,,社交与社区,情感话题贴,网络用语,中,查了下她朋友圈，捞女无疑，就是奔着钱去的拜金女。,从她的朋友圈看，她对物质条件确实比较看重。,需改写,捞女／拜金女,以两个侮辱标签替代对具体行为的描述，并预设动机。,“她似乎比较在意对方的经济条件”,只删“捞女”，保留“拜金女”，标签仍在,把“看重物质条件”这一观察也删掉，丢失原帖内容,发帖人从朋友圈得出的判断、跟帖口语,必改,易,否,,主集,index,
POS-0614,v6,七、贬损与物化（词项自带贬抑）,7.1 性别化侮辱标签,常规句,指向女性,,社交与社区,办公室议论,无,中,新来那位太厉害了，办公室里都叫她母老虎，谁都不敢惹。,新来那位很有气场，办公室里没人敢跟她硬碰。,需改写,母老虎,以猛兽比附强势女性，男性同类风格不会得到这一命名。,“她做事强硬，同事都比较让着”,改成“灭绝师太”，换了一个同类标签,把“谁都不敢惹”这一具体观察删掉,新同事作风强硬、同事对其有所忌惮,必改,易,否,,主集,index,
POS-0615,v6,七、贬损与物化（词项自带贬抑）,7.1 性别化侮辱标签,常规句,指向女性,,口语与私人交流,长辈议论,方言,中,三十几了还没找着，老姑娘一个，急死人。,三十几了还没找到合适的，家里人挺着急。,需改写,老姑娘,以年龄化贬称指代未婚女性，把未婚状态判为缺陷。,“她还没遇到合适的，家里比较着急”,改成“大龄剩女”，换了一个同类标签,把家人着急这一情绪删掉，丢失对话由头,她三十几岁尚未成家、家人为此着急、方言口语,必改,易,否,,主集,dev,
POS-0617,v6,七、贬损与物化（词项自带贬抑）,7.1 性别化侮辱标签,常规句,指向女性,,社交与社区,论坛回帖,无,中,但凡讲点道理都不会被骂女拳，问题是她们只会喊口号。,但凡讲清论据都不至于被扣帽子，问题是不少讨论只停在口号。,需改写,女拳,以谐音贬称指代主张性别平权者，把立场整体污名化。,“讨论若只停在口号，就很难说服人”,改成“田园女权”，换了一个同类贬称,把“只会喊口号”这一批评删掉，丢失回帖立场,回帖人对讨论质量的批评、论坛口语,必改,中,是,涉及立场标签，是否属侮辱有分歧,主集,index,
POS-0619,v6,七、贬损与物化（词项自带贬抑）,7.1 性别化侮辱标签,常规句,指向男性,,社交与社区,短视频弹幕,网络用语,中,这打扮也太娘炮了吧，娘娘腔一个。,这身打扮偏柔和，我个人不太习惯。,需改写,娘炮／娘娘腔,以女性化作为贬义指称男性，两个标签同源。,“这个风格偏中性，我不太喜欢”,只删“娘炮”，保留“娘娘腔”,把弹幕作者的评价立场整个抹掉，丢失内容,弹幕作者对该打扮的负面态度、弹幕口语,必改,易,否,,主集,index,
POS-0620,v6,七、贬损与物化（词项自带贬抑）,7.1 性别化侮辱标签,常规句,指向男性,,社交与社区,职场吐槽帖,网络用语,中,他就是个凤凰男，直男癌晚期，一开口全是爹味。,他家境普通但很敏感，说话也常带说教口吻。,需改写,凤凰男／直男癌,前者以出身贬损，后者以病理化标签概括其观念，均替代了对具体言行的描述。,“他对出身话题很敏感，说话偏说教”,只删“凤凰男”，保留“直男癌”,把“爹味”背后的具体言行删掉，丢失吐槽对象,他家境普通、说话带说教口吻、吐槽的口语感,必改,中,否,,主集,test,
POS-0621,v6,七、贬损与物化（词项自带贬抑）,7.1 性别化侮辱标签,常规句,指向男性,,社交与社区,情感建议,网络用语,中,这种渣男早点分，你别当舔狗了。,他这样反复消耗你，不如趁早结束，也别再单方面付出了。,需改写,渣男／舔狗,两个标签分别贬损对方与当事人，替代了对关系问题的描述。,“这段关系里你付出得太多，值得重新考虑”,只删“渣男”，保留“舔狗”,把“早点分”这一建议删掉，丢失回帖立场,建议结束这段关系、劝对方停止单方面付出、跟帖口语,必改,易,否,,主集,index,
POS-0626,v6,七、贬损与物化（词项自带贬抑）,7.2 身体化与部位指代,常规句,指向男性,,社交与社区,影视分区标签,无,中,本片主打小鲜肉与肌肉猛男，视觉福利拉满。,本片主打青年演员阵容与动作场面，观感在线。,需改写,小鲜肉／肌肉猛男,以年龄与体型标签指代男演员，属反向的身体化指代。,“青年演员阵容，动作戏份较多”,只删“肌肉猛男”，保留“小鲜肉”,把“视觉福利拉满”背后的卖点判断整个删掉,本片的演员阵容与观感卖点、标签体裁,必改,中,否,反向身体化样本,主集,index,
POS-0630,v6,七、贬损与物化（词项自带贬抑）,7.3 所有权、支配与交易隐喻,常规句,指向女性,,口语与私人交流,朋友劝解,方言,中,女人就得哄，哄两句就好了，你去把她追回来，拿下就完了。,她这次是真生气了，你去当面把话说清楚，态度诚恳一点。,需改写,女人就得哄／追回来拿下,前半句以群体属性给出操作手册，后半句以征服隐喻描述和好。,“把误会说开，认真道个歉”,只删“女人就得哄”，保留“拿下”这一征服隐喻,把劝和这一意图删掉，丢失对话目的,劝对方主动去沟通、朋友劝解的口语感,必改,中,否,,主集,index,
POS-0632,v6,七、贬损与物化（词项自带贬抑）,7.3 所有权、支配与交易隐喻,常规句,指向女性,,文艺创作与评论,古装剧台词,无,中,从今往后你是我的女人，管住你自己的嘴。,从今往后你我同舟共济，有些话该收着就收着。,需改写,你是我的女人／管住你,以所有权宣告加行为管束，是支配性表述的典型组合。,“往后你我一体，说话都当慎重”,只删“我的女人”，保留“管住你”,把这句台词删掉，破坏剧情推进,二人自此结成同盟、要求对方谨言这一情节主张、古装语体,必改,中,是,若为反派台词或时代还原，则属负例,主集,index,
POS-0633,v6,七、贬损与物化（词项自带贬抑）,7.4 以某一性别为标准的评价,常规句,指向女性,,新闻报道,赛事报道,无,中,她这一杆的稳定性不输男选手，全场为之起立。,她这一杆的稳定性达到了本届赛事的最高水准，全场为之起立。,需改写,不输男选手,以男选手作为水准的参照上限，褒扬的前提是女选手本不该达到该水平。,“这一杆的稳定性是全场最佳”,改成“不输男子组”，标尺仍在,把“全场起立”这一现场反应删掉,她这一杆表现出色、全场起立这一反应,建议改,中,是,,主集,index,
POS-0634,v6,七、贬损与物化（词项自带贬抑）,7.4 以某一性别为标准的评价,成语俗谚,指向女性,,公文与规章,颁奖词,无,中,她是我们行业当之无愧的女中豪杰，也是名副其实的女版工匠。,她是我们行业当之无愧的标杆，也是名副其实的工匠。,需改写,女中豪杰／女版工匠,两处均以男性范畴为默认，再加性别限定另设一类。,“她是行业标杆，是真正的工匠”,只删“女版”，保留“女中豪杰”,把颁奖词的褒扬功能删掉,对她行业地位与技艺的高度肯定、颁奖词体裁,建议改,中,是,颁奖套语的沿用程度有分歧,主集,dev,
POS-0635,v6,七、贬损与物化（词项自带贬抑）,7.5 性别化詈词与轻蔑语,常规句,指向男性,,社交与社区,游戏语音,网络用语,中,别像个娘们儿一样磨叽，怂得跟娘们一样还打什么。,别磨叽了，该上就上，犹豫解决不了问题。,需改写,像个娘们儿／怂得跟娘们一样,以女性化作为怯懦的同义参照，一句之内两次，双向贬低。,“别犹豫了，直接上”,只删前半句，后半句同型表述仍在,把催促这一交流意图删掉，丢失语音内容,催促队友果断行动、游戏语音的口语感,必改,易,否,,主集,index,
POS-0636,v6,七、贬损与物化（词项自带贬抑）,7.5 性别化詈词与轻蔑语,常规句,指向女性,,口语与私人交流,市井闲谈,方言,中,这帮老娘们儿凑一块就没个消停。,这几位凑一块就没个消停。,需改写,老娘们儿,以轻蔑语指代中年女性群体，词项自带贬抑。,“她们几个一凑到一起就热闹”,改成“婆娘们”，轻蔑语仍在,把“没个消停”这一描述删掉，丢失闲谈内容,这几人聚在一起很热闹这一描述、方言闲谈的口语,必改,易,否,,主集,dev,
POS-0637,v6,七、贬损与物化（词项自带贬抑）,7.5 性别化詈词与轻蔑语,常规句,指向女性,,社交与社区,职场闲聊,无,中,她说话跟个大老爷们似的，一点不注意分寸。,她说话比较直，有时不太注意分寸。,需改写,跟个大老爷们似的,以男性化作为粗放的贬义参照来评价女性，双向都设了性别气质的规范。,“她讲话直来直去，偶尔不留余地”,改成“太爷们儿了”，参照结构未变,把“不注意分寸”这一评价删掉，丢失闲聊内容,对其说话方式直接的描述、不注意分寸这一评价,必改,中,否,,主集,index,
POS-0638,v6,七、贬损与物化（词项自带贬抑）,7.5 性别化詈词与轻蔑语,常规句,指向女性,,公文与规章,项目复盘,无,中,这个方案改来改去，全是妇人之见，格局太小。,这个方案改来改去，考虑还是偏局部，缺少全局视角。,需改写,妇人之见,以女性亲属称谓构成的贬义词形容眼界局限，词项自带贬抑。,“方案的视角偏窄，需要补全局考量”,改成“婆婆妈妈”，换了一个同类贬义词,把“格局太小”这一批评结论删掉，篡改复盘意见,方案反复修改这一事实、视角偏局部这一批评,必改,中,否,,主集,index,
POS-0639,v6,七、贬损与物化（词项自带贬抑）,7.5 性别化詈词与轻蔑语,常规句,指向女性,,社交与社区,短视频评论,emoji,中,留个短发就被叫男人婆，现在的审美真是😮‍💨,留个短发就被贴上标签，现在的审美真是😮‍💨,需改写,男人婆,以男性化贬称指代短发女性，评论虽在反驳仍原样复述该词。,“留短发就要被说，这审美太窄了”,加引号但仍完整复述该贬称,删掉 emoji 与评论区的口语调性,留短发被贴标签这一现象、评论者的不满态度、emoji,必改,中,是,批判性引用的处理尺度有分歧,主集,index,
POS-0640,v6,七、贬损与物化（词项自带贬抑）,7.5 性别化詈词与轻蔑语,常规句,双向,,社交与社区,职场话题贴,网络用语,中,办公室里那点雌竞看着都累，隔壁组的雄竞也没好到哪去。,办公室里那点互相较劲看着都累，隔壁组也没好到哪去。,需改写,雌竞／雄竞,以动物交配竞争的词汇描述同事间的竞争，两个方向都把人降格为生物本能。,“同事之间那点较劲挺消耗人的”,只删“雌竞”，保留“雄竞”，形成新的不对等,把“看着都累”这一态度删掉，丢失帖子立场,同事间互相较劲这一现象、发帖人的疲惫态度、跟帖口语,必改,中,否,,主集,index,
POS-0641,v7,一、缺省预设（信息缺位处默认为男性）,1.1 泛指人称代词,常规句,不特指,,法律与司法,民事判决书说理段,无,长,本院认为，债权人主张权利时，他应当在诉讼时效期间内向债务人主张，若他未能举证证明曾发出催告通知，则应由他承担举证不能的不利后果。,本院认为，债权人主张权利，应当在诉讼时效期间内向债务人提出；未能举证证明曾发出催告通知的，应承担举证不能的不利后果。,需改写,他（三处）,同一段落三处泛指代词，判决书说理段中的高频冗余。,改为“债权人未举证的，由其承担不利后果”,只改前两处，第三处“由他承担”未动,把诉讼时效、催告通知、举证不能三项要件简化，损失说理链条,诉讼时效期间内主张、催告通知的举证责任、举证不能的不利后果,应改,中,否,多触发点样本,主集,test,
POS-0642,v7,一、缺省预设（信息缺位处默认为男性）,1.4 家庭角色的默认指派,常规句,指向女性,1.4 ＋ 3.3,商业与产品,家电详情页,无,长,下班回家还要洗一池子碗，妈妈的手都泡皱了，这台洗碗机就是为了让妈妈从厨房里解放出来，把时间还给孩子和自己。,下班回家还要洗一池子碗，这台洗碗机就是为了把家务时间省下来，还给家人和自己。,需改写,妈妈的手／让妈妈从厨房解放,全篇以母亲为家务主体，属家庭角色默认叠加家务分工绑定。,“让做饭的人少一道工序，把时间省给家人”,只删一处“妈妈”，另一处仍在,把“下班回家还要洗碗”这一场景铺垫删掉，丢失文案的痛点叙事,下班后仍需洗碗这一场景、洗碗机节省时间这一卖点,应改,中,否,多触发点样本；按触发点召回率给分,主集,test,
POS-0643,v7,二、冗余标记（性别在场却不承载信息）,2.1 职业与身份的性别前缀,常规句,双向,2.1 ＋ 5.3,新闻报道,企业专访,无,长,公司技术团队由女总监苏晴带领，她今年三十八岁，两个孩子的母亲；产品线则交给总监陈立负责，他有十五年行业经验。,公司技术团队由总监苏晴带领，她有十二年研发经验；产品线交给总监陈立负责，他有十五年行业经验。,需改写,女总监／年龄与育儿信息,性别前缀叠加描述维度不对等：女性写婚育、男性写资历。,统一按职务与从业年限写，或对两人都补充家庭情况,只删“女”字，年龄与育儿信息仍是女方独有的补充维度,编造苏晴的从业年限（不掌握时应删去该维度而非虚构）,苏晴带领技术团队、陈立负责产品线、陈立十五年行业经验,应改,难,否,多触发点样本,主集,dev,
POS-0644,v7,三、属性绑定（陈述性：把特质归于性别）,3.2 能力与胜任力预设,常规句,双向,3.2 ＋ 3.3,工程与技术,项目立项评审,无,长,评审组建议，算法核心模块交给男工程师主攻，女工程师逻辑推演偏弱，可安排在数据标注与文档整理这一侧，这样分工效率最高。,评审组建议，算法核心模块按算法方向的项目经验分配，数据标注与文档整理另行排期，分工以专长为准。,需改写,女工程师逻辑推演偏弱／按性别分派模块,能力预设叠加分工绑定：先否定能力，再据此把人分派到辅助工序。,“按各人的算法项目经验与文档经验分工”,只删“逻辑推演偏弱”，仍按性别分派两类工作,把算法模块、数据标注、文档整理这三项工作删掉，丢失立项内容,算法核心模块、数据标注、文档整理这三项工作及其需要分工,必改,中,否,多触发点样本,主集,index,
POS-0645,v7,三、属性绑定（陈述性：把特质归于性别）,3.5 外貌与身体标准的性别化,常规句,指向女性,3.5 ＋ 7.2,商业与产品,医美套餐文案,无,长,夏天要来了，女生的第一课永远是管理身材，腰细腿直才敢穿短裙，我们的轮廓塑形套餐帮你把每一寸线条都调到最好看的位置。,夏天要来了，想让线条更利落一些，我们的轮廓塑形套餐可以按你想调整的部位来做方案。,需改写,女生的第一课是管理身材／腰细腿直才敢,外貌标准叠加以部位指代人：先设门槛，再把身体拆成待调整的零件。,“想调整某个部位的线条，可以先做评估”,只删“女生的第一课”，后半句的门槛仍在,把轮廓塑形套餐这一产品信息删掉，丢失文案用途,轮廓塑形套餐这一产品、夏季这一时间背景,必改,中,否,多触发点样本,主集,index,
POS-0646,v7,四、规范说教（应然性：以性别提出要求）,4.4 年龄、婚育与人生进度捆绑,常规句,指向女性,4.4 ＋ 6.5,公文与规章,部门用人说明,无,长,该岗位涉及长期驻场，考虑到女性员工在生育期需要较长时间脱产，建议本轮优先招录男性，或已完成生育计划的女性应聘者，以保证团队稳定。,该岗位涉及长期驻场，招录以驻场适应能力与专业匹配度为准，用人部门不得设置性别与婚育条件。,需改写,优先招录男性／已完成生育计划的女性,婚育进度捆绑叠加准入限制，是招聘环节最常见也最具合规风险的组合。,“岗位含长期驻场要求，具体安排面谈时说明”,只删“优先招录男性”，婚育筛选条件仍在,把“长期驻场”这一岗位事实删掉，丢失关键信息,该岗位涉及长期驻场这一事实、需要一套招录标准,必改,中,否,多触发点样本；含合规风险,主集,dev,
POS-0647,v7,四、规范说教（应然性：以性别提出要求）,4.5 传统角色规训与伦理话语,常规句,指向女性,4.5 ＋ 5.4,文艺创作与评论,婚礼致辞,无,长,从今天起，你就是这个家的女主人了，要孝敬公婆、照顾丈夫、把家里打理得井井有条，做好他背后那个默默付出的人，这个家就散不了。,从今天起，你们就是一家人了，家里的事两个人商量着来，彼此照应，把日子过踏实。,需改写,孝敬公婆照顾丈夫／他背后默默付出的人,传统角色规训叠加附属化定位：先单向分派伦理义务，再把人定位为后援。,“往后两人共同持家，彼此扶持”,只删“做好他背后那个人”，前面的义务分派仍在,把婚礼致辞的祝福功能删掉,对新人的嘱托与祝福、致辞体裁,必改,中,否,多触发点样本,主集,test,
POS-0648,v7,五、关系性不对等（需比较两个对象方成立）,5.3 描述信息不对等,常规句,双向,,新闻报道,颁奖报道,无,长,本届技术奖授予两位工程师：张建军，四十五岁，主持完成三项国家标准的制定；李婉如，三十九岁，短发利落，说话轻声细语，是同事眼里的贴心大姐。,本届技术奖授予两位工程师：张建军，四十五岁，主持完成三项国家标准的制定；李婉如，三十九岁，牵头完成两项行业标准的编制。,需改写,短发利落／轻声细语／贴心大姐,男性写专业成果，女性写外貌、声音与人缘，评价维度完全不同轨。,统一写两人的技术贡献，或都不写个人风格,只删“短发利落”，仍以性格与人缘作为女方的评价维度,编造李婉如的技术成果（不掌握时应说明其获奖事由待补）,两位获奖者的姓名与年龄、张建军主持三项国家标准制定,应改,难,否,,主集,test,
POS-0649,v7,五、关系性不对等（需比较两个对象方成立）,5.5 从夫称谓与旧式谦称,常规句,指向女性,5.5 ＋ 5.4,公文与规章,地方志人物条目,无,长,王荣昌，本邑巨商，创办纱厂三座。娶妻李氏，贤淑持家，育有三子。李氏助夫理财，然名不见于商会名录，今仅存其从夫之称。,王荣昌，本邑巨商，创办纱厂三座。妻李某（本名待考），协助经营，育有三子，未见于商会名录。,需改写,李氏／贤淑持家／助夫理财,从夫称谓叠加附属化：本名未载、贡献以“助夫”表述，且以德行评语代替事迹。,若为史料原貌转录，则保留原文并加编者按说明其称谓来源,只把“贤淑持家”删掉，从夫称谓与“助夫”定位仍在,补入无据的姓名，制造伪史料,王荣昌创办纱厂三座、其妻参与经营、育有三子、未见于商会名录,应改,难,是,多触发点样本；与史料转录的界在于是否为今人新撰,主集,test,
POS-0650,v7,六、以性别设限与划界,6.2 家庭结构的窄化预设,常规句,双向,6.2 ＋ 1.4,公文与规章,新生入学指引,无,长,报到当日请由爸爸妈妈双方陪同前来，母亲负责在生活登记表上签字，父亲到财务窗口办理缴费，两项手续须在下午四点前完成。,报到当日请由监护人陪同前来，生活登记与财务缴费两项手续可由同一位监护人办理，须在下午四点前完成。,需改写,爸爸妈妈双方／母亲签生活表／父亲办缴费,家庭结构窄化叠加家庭角色默认：先要求双亲到场，再按性别分派事务类型。,“监护人到场办理两项手续即可”,只把“爸爸妈妈”改成“家长”，后面按性别分派手续未动,把下午四点这一时限或两项手续删掉，丢失办事要件,生活登记与财务缴费两项手续、下午四点前完成这一时限,必改,中,否,多触发点样本,主集,index,
POS-0651,v7,六、以性别设限与划界,6.5 准入与资格的性别限制,常规句,双向,6.5 ＋ 4.6,公文与规章,实践活动方案,无,长,野外考察名额二十人，其中男生十六人、女生四人，女生不参加夜间徒步与器材搬运，改在营地负责后勤与记录，此安排是出于对女同学的照顾。,野外考察名额二十人，夜间徒步与器材搬运按体能测试与持证情况编组，营地后勤与记录另行排班，名额不设性别比例。,需改写,男十六女四／女生不参加夜间徒步／出于照顾,性别配额叠加保护式区别对待：先限制名额，再以照顾为名取消其参与项目的机会。,“各环节按体能与资质编组，名额不预设性别比例”,只删“出于对女同学的照顾”，配额与项目限制仍在,把二十人名额与三类活动内容删掉，丢失方案主体,考察名额二十人、夜间徒步、器材搬运、营地后勤与记录这四项内容,必改,中,是,多触发点样本,主集,test,
POS-0652,v7,七、贬损与物化（词项自带贬抑）,7.1 性别化侮辱标签,常规句,指向女性,7.1 ＋ 4.4 ＋ 7.3,社交与社区,情感专栏,无,长,三十五岁还挑三拣四，说白了就是剩女心态，年纪摆在那儿早就不值钱了，还想找条件好的，市场规律不认这一套。,三十五岁仍在挑选，是因为她清楚自己想要什么；把年龄折算成价码，本身就是一种不该有的算法。,需改写,剩女心态／不值钱／市场规律,侮辱标签叠加年龄捆绑与交易隐喻，三层机制在一句话里递进。,“年龄不该成为择偶的定价依据”,只删“剩女心态”，贬值与市场隐喻仍在,把专栏对该现象的讨论整个删掉，丢失文章对象,当事人三十五岁仍在择偶、专栏在讨论年龄与择偶的关系,必改,中,否,多触发点样本,主集,index,
POS-0653,v7,七、贬损与物化（词项自带贬抑）,7.3 所有权、支配与交易隐喻,常规句,指向女性,7.3 ＋ 7.5,文艺创作与评论,职场小说,无,长,他把烟摁灭，冷笑一声：进了我的门就是我的人，别学外面那些娘们儿唧唧的做派，我说往东，你就别问为什么往西。,他把烟摁灭，冷笑一声：既然跟了我，就别学外面那些拖泥带水的做派，我说往东，你就别问为什么往西。,需改写,我的人／娘们儿唧唧,所有权宣告叠加性别化詈词，是支配性台词的典型组合。,若确为反派塑造，可保留支配语气但去掉性别化詈词,只删“我的人”，詈词仍在,把整段台词删掉，破坏人物塑造与情节,该人物的支配性语气、要求对方服从这一情节主张、小说叙述语体,必改,难,是,多触发点样本；若为反派塑造则属负例，边界取决于叙述立场,主集,index,
POS-0654,v7,一、缺省预设（信息缺位处默认为男性）,1.8 译入与转写产生的默认,常规句,不特指,,学术与调研,管理学译著,无,长,一位优秀的管理者知道何时该退后一步：他不必事必躬亲，他的职责是让团队自己找到答案，而当团队失败时，他要第一个站出来承担。,优秀的管理者知道何时该退后一步：不必事必躬亲，职责是让团队自己找到答案；当团队失败时，要第一个站出来承担。,需改写,他（三处，manager…he 直译）,译著中连续三处代词，英文原文的泛指主语在中文可全部省略。,改为“管理者的职责是……，团队失败时应第一个承担”,只改前两处，第三处“他要第一个站出来”未动,把“退后一步”“让团队找到答案”“第一个承担”三层意思压缩，损失原文层次,不事必躬亲、让团队自主、失败时率先担责这三层含义,应改,中,否,多触发点样本,主集,index,
POS-0655,v7,三、属性绑定（陈述性：把特质归于性别）,3.1 性格与心理特质的本质化,常规句,双向,,学术与调研,教育心理学讲义,无,长,在班级管理中可以利用性别差异：女生天生细致、耐性好，适合担任记录与考勤；男生天生好动、抗压强，适合担任纪律与体育委员。,在班级管理中可以结合学生特点分工：细致耐心的适合记录与考勤，精力充沛且擅长协调的适合纪律与体育岗位，具体由学生自荐与班级投票产生。,需改写,女生天生细致／男生天生好动,把两组特质分别本质化到两个性别，并据此制度化地分派班级职务。,“按学生个人特点与意愿分配班级职务”,只删“天生”二字，两组特质与性别的对应仍在,把班级职务分工这一讲义内容删掉,班级需要记录考勤与纪律体育等职务、需要一套分工办法,必改,中,否,多触发点样本,主集,index,
POS-0657,v7,二、冗余标记（性别在场却不承载信息）,2.4 服务岗位的性别化称呼与设定,常规句,指向女性,2.4 ＋ 3.5,商业与产品,招聘启事,无,长,诚聘品牌讲解员若干名，限女性，身高一米六五以上，形象气质佳，具备较强亲和力，能长时间站立并保持微笑，有展会经验者优先。,诚聘品牌讲解员若干名，需熟悉产品参数、表达清晰，能适应长时间站立讲解，有展会经验者优先。,需改写,限女性／身高与形象要求／保持微笑,岗位设定把外貌与情绪劳动写成任职条件，改称呼无法解决。,“讲解员岗位，要求熟悉产品与展会流程”,只删“限女性”，身高、形象与微笑要求仍在,把“有展会经验者优先”这一真实任职条件删掉,招聘品牌讲解员若干名、有展会经验者优先、招聘启事体裁,必改,中,否,多触发点样本；含合规风险,主集,dev,
POS-0658,v7,六、以性别设限与划界,6.3 表单、字段与选项的强制二元,结构化文本,双向,,医疗健康,入院登记表,结构化文本,长,第二项 性别：□男 □女（必填，不可留空，用于分配病房床位）；第三项 称谓：□先生 □小姐 □太太（必填，用于住院期间的称呼与病历打印）。,第二项 生理性别：□男 □女 □其他____（必填，用于诊疗与床位分配）；第三项 希望被称呼的方式：____（选填，用于住院期间的称呼）。,需改写,性别强制二元／称谓按婚姻状态细分女性,诊疗确需生理信息，但称谓字段属身份表达，二者被混在同一套二元约束里。,拆分为“生理性别（诊疗用）”与“称呼方式（自填）”两项,只把“小姐”改成“女士”，两项的必填与二元结构未动,删掉性别项，影响病房分配与诊疗这一真实医疗需求,性别用于分配病房与诊疗、称谓用于称呼与病历打印、两项的题号与表单格式,应改,难,是,多触发点样本；医疗必需项与身份表达的边界,主集,index,
POS-0659,v7,七、贬损与物化（词项自带贬抑）,7.4 以某一性别为标准的评价,常规句,指向女性,7.4 ＋ 2.1,新闻报道,人物通讯,无,长,这位女工程师用了七年时间攻下高温合金的疲劳难题，业内评价她比男同行还拼，是名副其实的巾帼不让须眉。,这位工程师用了七年时间攻下高温合金的疲劳难题，业内评价她的投入与韧性在同行中少见。,需改写,女工程师／比男同行还拼／巾帼不让须眉,性别前缀叠加两处以男性为标尺的褒扬，三个触发点指向同一预设。,“她在高温合金疲劳研究上的投入为同行称道”,只删“巾帼不让须眉”，前两处仍在,把“七年”“高温合金疲劳难题”删掉，损失通讯的事实内核,七年时间、高温合金疲劳难题、业内对其投入的肯定,建议改,难,是,多触发点样本,主集,index,
POS-0660,v7,四、规范说教（应然性：以性别提出要求）,4.1 应然句式,常规句,双向,,公文与规章,员工手册,无,长,着装规范：男员工须着深色西裤、衬衫扎入裤腰；女员工须着裙装或西裤，裙长不短于膝上五厘米，须化淡妆，佩戴首饰不超过两件。,着装规范：全体员工须着商务正装，衬衫或上衣整洁，裙装长度不短于膝上五厘米，佩戴首饰不超过两件。,需改写,女员工须化淡妆／裙装与首饰的细则,对不同性别提出宽严不一的仪容要求，女性一侧还叠加了妆容义务。,统一列出着装要求，不按性别分条，妆容不作强制,只删“须化淡妆”，男女分条的宽严差仍在,删除整条着装规范，丢失制度内容,着装规范的存在、裙长与首饰件数这两项具体限制,必改,中,否,多触发点样本,主集,index,
POS-0661,v7,一、缺省预设（信息缺位处默认为男性）,1.6 收件与受众称谓默认,常规句,指向男性,,法律与司法,律师函,无,长,李某某先生台鉴：本所受贵司委托，就阁下与我方当事人之间的房屋租赁纠纷致函如下，请阁下于收函之日起十五日内书面答复，逾期本所将依法采取进一步措施。,李某某台鉴：本所受贵司委托，就阁下与我方当事人之间的房屋租赁纠纷致函如下，请阁下于收函之日起十五日内书面答复，逾期本所将依法采取进一步措施。,需改写,先生,收函人性别未经核实，函件模板默认为男性；其余内容不含性别问题。,“李某某台鉴”或“致李某某”,改成“李某某先生/女士台鉴”，仍是二元穷举,把十五日期限或房屋租赁纠纷这一事由改掉，损失函件效力,房屋租赁纠纷这一事由、收函之日起十五日的答复期限、逾期的法律后果,应改,中,否,长样本中的单一触发点，用于检验模型是否只改必要处,主集,test,
POS-0664,v7,六、以性别设限与划界,6.6 空间、设施与分组的非必要划分,常规句,双向,,公文与规章,军训编队通知,无,长,本次军训按性别编队，男生编入一至六连承担队列与体能科目，女生编入七八两连，队列强度减半，取消五公里拉练与战术动作训练。,本次军训按体能测试结果编队，各连科目一致；确有身体原因不能完成特定科目的，凭医务室证明申请调整。,需改写,按性别编队／女生强度减半／取消拉练,按性别分组叠加保护式区别对待，实质是取消一部分学生的训练机会。,“按体能分级编队，科目相同、强度分级”,只删“取消五公里拉练”，按性别编队与强度减半仍在,把队列、体能、拉练、战术动作这四项科目删掉，丢失编队方案,军训需要编队、队列与体能科目、五公里拉练与战术动作训练的存在,必改,中,是,多触发点样本,主集,index,
POS-0666,v7,四、规范说教（应然性：以性别提出要求）,4.3 选择的性别化劝阻与限制,常规句,指向女性,,学术与调研,转专业面谈记录,无,长,谈话中老师反复劝说：女生学船舶将来要上船，条件艰苦，成家以后没法兼顾，不如转去经管，将来找份稳定工作，家庭事业两不误。,谈话中老师说明：船舶方向有随船实习要求，条件较为艰苦，建议结合个人职业规划与身体条件评估，转专业与否由学生本人决定。,需改写,女生学船舶／成家以后没法兼顾,以性别与预设的婚育安排劝阻专业选择，并替学生作出取舍。,“船舶方向有随船要求，请结合个人规划决定”,只删“女生”，成家兼顾这一预设仍在,把随船实习条件艰苦这一真实信息删掉，丢失面谈价值,船舶方向存在随船实习、条件艰苦这一事实、转专业面谈这一场景,必改,中,否,多触发点样本,主集,test,
POS-0667,v7,二、冗余标记（性别在场却不承载信息）,2.6 商品、空间与内容的性别化归类,常规句,双向,,商业与产品,商场楼层导视,无,长,三层为女性生活馆，涵盖女装、美妆、母婴与家居；四层为男士精品层，涵盖男装、腕表、运动与数码，两层扶梯分设，互不相通。,三层为服饰美妆与母婴家居，四层为服饰腕表与运动数码，两层由扶梯连通，可自由往返。,需改写,女性生活馆／男士精品层／扶梯分设,按性别切分楼层并归类品类，母婴归女性一侧、数码归男性一侧，动线设计进一步固化。,按品类命名楼层，如“服饰美妆层”“运动数码层”,只把楼层名改成“三层”“四层”，品类归属与动线未变,改动品类构成或扶梯连通关系，破坏导视的准确性,三层与四层各自的品类构成、两层之间的通行方式,应改,中,是,多触发点样本,主集,dev,
POS-0669,v7,一、缺省预设（信息缺位处默认为男性）,1.5 男性词统称混合群体,常规句,不特指,,公文与规章,表彰大会主持词,无,长,在座的各位老总、各位企业家兄弟，过去一年我们共同经历了不少难关，今天请允许我代表商会，向所有为本地经济付出的同仁致以敬意。,在座的各位企业家、各位同仁，过去一年我们共同经历了不少难关，今天请允许我代表商会，向所有为本地经济付出的同仁致以敬意。,需改写,各位老总／企业家兄弟,两处男性化统称覆盖全场，后半句的“同仁”反而是可用的中性写法。,“各位企业家、各位来宾”,只删“兄弟”，“各位老总”仍在,把商会致敬这一主持词功能删掉,代表商会向本地企业家致意、过去一年共渡难关这一背景、主持词体裁,应改,中,是,多触发点样本；“老总”是否已中性化有分歧,主集,dev,
POS-0670,v7,六、以性别设限与划界,6.6 空间、设施与分组的非必要划分,标题,指向男性,,公文与规章,车间标语,缺标点,短,女工止步,无关人员止步,需改写,女工止步,以性别而非资质限制进入，标语体裁下更显绝对。,“非作业人员止步”,改成“女工请止步”，限制未变,补全标点或扩写成完整句，改变标语体裁,此处存在进入限制、标语的简短体裁,必改,易,否,短样本；保留缺标点噪声,主集,index,
POS-0671,v7,二、冗余标记（性别在场却不承载信息）,2.6 商品、空间与内容的性别化归类,标题,双向,,商业与产品,卖场导购图,缺标点,短,男孩玩具区,积木与模型区,需改写,男孩玩具区,以性别命名货架分区，会引导顾客只在被指派的一侧选购。,“拼搭玩具区”,改成“男童玩具区”，标签仍在,扩写成完整导购语，改变标识体裁,该分区经营玩具、导购图的标识体裁,应改,易,否,短样本,主集,index,
POS-0673,v7,七、贬损与物化（词项自带贬抑）,7.5 性别化詈词与轻蔑语,标题,指向男性,,社交与社区,直播弹幕,重复标点,短,太娘了吧！！！,风格太柔了吧！！！,需改写,太娘,以“娘”作贬义评价，弹幕短促且带情绪标点。,“这风格我不太吃”,改成“好娘”，詈词仍在,把重复感叹号删掉，修正了原文的标点噪声,弹幕作者的负面态度、连续感叹号这一标点噪声,必改,易,否,短样本；保留重复标点噪声,主集,dev,
POS-0676,v7,二、冗余标记（性别在场却不承载信息）,2.2 性别专用与阴性化称谓,标题,指向女性,,文艺创作与评论,图书腰封,无,短,才女的私房书单,作者的私房书单,需改写,才女,女性专用称谓，男性作者不会被冠以对应标签。,“她的私房书单”,改成“才女作家”，标记仍在,把“私房书单”改掉，丢失腰封卖点,私房书单这一内容定位、腰封文案体裁,建议改,易,是,短样本,主集,dev,
POS-0677,v7,四、规范说教（应然性：以性别提出要求）,4.2 资格与身份定义,标题,指向男性,,社交与社区,球场横幅,缺标点,短,是爷们就顶住,顶住,需改写,是爷们就,以性别设定行动门槛，横幅体裁下句式极短。,“咬住别松”,改成“是男人就顶住”，门槛未变,补全标点或扩写，改变横幅体裁,为场上加油鼓劲、横幅的简短体裁,必改,易,否,短样本；保留缺标点噪声,主集,test,
POS-0678,v7,一、缺省预设（信息缺位处默认为男性）,1.3 职业角色的默认代词,常规句,指向男性,,公文与规章,会议语音转写,ASR 转写,中,对接人是那个 那个技术负责人 他明天过来看现场,对接人是那个技术负责人 明天过来看现场,需改写,他,转写稿中泛指岗位后接代词，含口语重复与无标点。,“技术负责人明天到现场”,改成“他/她明天过来”,把重复的“那个”与无标点形式一并规整，修正了转写噪声,对接人为技术负责人、明天来看现场、转写稿的口语痕迹,应改,中,否,保留 ASR 转写噪声,主集,dev,
POS-0681,v7,四、规范说教（应然性：以性别提出要求）,4.1 应然句式,常规句,指向男性,,口语与私人交流,家庭录音转写,ASR 转写,中,你是 你是男孩子啊 男孩子哭什么 擦擦眼泪起来,你是不是摔疼了 疼就说出来 我们看看伤口,需改写,男孩子哭什么,以性别下达情绪禁令，转写稿保留了口吃与无标点。,“疼就说出来，我看看有没有摔伤”,改成“大孩子哭什么”，禁令仍在,把口吃与无标点一并规整，修正了转写噪声,孩子在哭、需要安抚与查看伤情、转写稿的口语痕迹,必改,中,否,保留 ASR 转写噪声,主集,index,
POS-0682,v7,七、贬损与物化（词项自带贬抑）,7.3 所有权、支配与交易隐喻,常规句,指向女性,,社交与社区,播客转写,ASR 转写,中,他那个说法就是 就是说 我的女人我说了算 这话现在还有人讲,他那个说法就是 家里的事我说了算 这话现在还有人讲,需改写,我的女人,以所有权表述配偶，播客转写保留了口语重复与无标点。,“家里的事我一个人定”,只删“我的”，仍以“女人”作被支配对象,把重复与无标点一并规整，修正了转写噪声,转述他人的支配性说法、指出这类说法仍在流传、转写稿的口语痕迹,必改,中,否,保留 ASR 转写噪声,主集,index,
POS-0683,v7,六、以性别设限与划界,6.4 依推定的性别称谓指派,常规句,指向女性,,商业与产品,客服录音转写,ASR 转写,中,喂您好 听声音是位女士是吧 女士您的订单我这边查到了,喂您好 您的订单我这边查到了,需改写,听声音是位女士,依声音推定并称呼，转写稿保留了口语与无标点。,“您好，订单我这边已经查到”,改成“先生还是女士”，仍是依推定二选一,把口语开场与无标点规整成书面话术，修正了转写噪声,接通问候、已查到订单这一告知、转写稿的口语痕迹,应改,中,否,保留 ASR 转写噪声,主集,test,
POS-0684,v7,三、属性绑定（陈述性：把特质归于性别）,3.2 能力与胜任力预设,常规句,指向女性,,社交与社区,评论区,重复标点,中,又是女司机？？？这技术真没救了！！,这次操作确实不规范？？？开车还是得稳！！,需改写,又是女司机,把违规操作归因于性别，情绪化标点放大了断言。,“这个操作太危险了”,改成“又是新手女司机”，归因仍在,把重复问号感叹号删掉，修正了原文标点噪声,对该驾驶行为的负面评价、连续问号与感叹号这一标点噪声,必改,易,否,保留重复标点噪声,主集,index,
POS-0686,v7,七、贬损与物化（词项自带贬抑）,7.1 性别化侮辱标签,常规句,指向男性,,社交与社区,游戏社区,重复标点,中,妈宝男滚啊！！！自己一点主见都没有！！,自己一点主见都没有！！什么事都要先问家里！！,需改写,妈宝男,侮辱标签替代了对具体行为的描述，重复标点为情绪表达。,“遇事总要先问家里，太没主见”,改成“妈宝”，标签仍在,把重复感叹号删掉，修正了原文标点噪声,指其缺少主见这一批评、连续感叹号这一噪声,必改,易,否,保留重复标点噪声,主集,test,
POS-0687,v7,二、冗余标记（性别在场却不承载信息）,2.3 标题与导语的冗余标性,标题,指向女性,,新闻报道,自媒体标题,重复标点,中,女硕士摆摊卖煎饼？？月入两万！！,硕士毕业摆摊卖煎饼？？月入两万！！,需改写,女硕士,学历与创业选择的反差是新闻点，性别标注不承载信息。,“一名硕士摆摊创业，月入两万”,改成“女性硕士”，标记仍在,把重复标点删掉，修正了原文噪声,硕士学历、摆摊卖煎饼、月入两万、连续标点这一噪声,建议改,中,是,保留重复标点噪声,主集,test,
POS-0689,v7,六、以性别设限与划界,6.1 二元穷举式称呼与并称,常规句,双向,,公文与规章,会务通知,全半角混用,中,"请各位男同志,女同志于14:30前到二号会议室签到。",请各位同志于14:30前到二号会议室签到。,需改写,"男同志,女同志",二元穷举称呼，且原文半角逗号与全角句号混用。,“请全体同志于14:30前签到”,改成“男女同志”，穷举结构未变,顺手把半角逗号改成全角，修正了原文的标点噪声,14:30 这一时点、二号会议室、签到这一事项、原文的全半角混用,应改,中,否,保留全半角混用噪声,主集,dev,
POS-0690,v7,一、缺省预设（信息缺位处默认为男性）,1.1 泛指人称代词,常规句,不特指,,商业与产品,帮助中心文档,全半角混用,中,"若用户开启了双重验证,他登录时需额外输入6位动态码。","若用户开启了双重验证,登录时需额外输入6位动态码。",需改写,他,泛指用户后接代词，原文含全半角混用。,“开启双重验证后，登录需输入6位动态码”,改成“他/她登录时”,把半角逗号与数字改成全角，修正了原文噪声,双重验证这一条件、6位动态码、原文的全半角混用,应改,中,否,保留全半角混用噪声,主集,dev,
POS-0691,v7,二、冗余标记（性别在场却不承载信息）,2.1 职业与身份的性别前缀,结构化文本,双向,,公文与规章,人员统计表,全半角混用,中,"本科室共12人:女护士8名,男医生3名,男技师1名。","本科室共12人:护士8名,医生3名,技师1名。",需改写,女护士／男医生／男技师,岗位统计若非性别口径，逐岗标性属冗余；原文含全半角混用。,若确为性别统计，则另设性别列而非嵌入岗位名,只删“女护士”的性别前缀，另两处未动,把半角冒号逗号改成全角，修正了原文噪声,科室共12人、各岗位人数(8/3/1)、原文的全半角混用,应改,中,是,保留全半角混用噪声,主集,test,
POS-0692,v7,六、以性别设限与划界,6.3 表单、字段与选项的强制二元,代码与字段,双向,,工程与技术,配置文件,全半角混用,中,"gender_options = [""男"",""女""]  # 必选,不可为空","gender_options = [""男"",""女"",""其他"",""不便告知""]  # 可为空",需改写,选项仅男女且不可为空,配置层锁死二元取值，原文注释含全半角混用。,扩展取值并放开空值约束,只把“不可为空”改成可空，取值仍是二元,把半角逗号与引号改成全角，破坏配置文件语法,gender_options 这一配置项、列表结构、原文的全半角混用,应改,中,是,保留全半角混用噪声,主集,index,
POS-0693,v7,三、属性绑定（陈述性：把特质归于性别）,3.3 劳动与人生领域的分工绑定,常规句,双向,,工程与技术,工地派工,缺标点,中,扎钢筋的叫几个男的过来 记料的找个女的就行,扎钢筋的按持证情况安排 记料的谁有空谁来,需改写,叫几个男的／找个女的,按性别分派体力工序与记录工序，原文无标点。,“按工种资质派工，记录由当班人员轮流”,只删“找个女的”，前半句的分派仍在,补全标点并改成书面派工单，改变口头派工的体裁,扎钢筋与记料两项工作、需要派人、原文无标点的口头派工体裁,必改,中,否,保留缺标点噪声,主集,test,
POS-0694,v7,四、规范说教（应然性：以性别提出要求）,4.6 保护式区别对待（善意歧视）,常规句,指向女性,,公文与规章,仓库告示,缺标点,中,女同志不要搬重物 有需要找男同事帮忙,搬运重物请两人一组 有需要可在群里叫人协助,需改写,女同志不要搬重物,以性别而非重量限制作业，形式为照顾，实质取消操作机会；原文无标点。,“单件超过二十公斤需两人搬运”,只删“找男同事”，前半句的限制仍在,补全标点并扩写成规范制度，改变告示体裁,存在重物搬运、需要协助这一安排、原文无标点的告示体裁,应改,中,是,保留缺标点噪声,主集,test,
POS-0698,v7,三、属性绑定（陈述性：把特质归于性别）,3.7 婚恋与择偶偏好的性别化,常规句,双向,,社交与社区,相亲话题贴,拼音缩写,中,现在的 xj 标准就是男的看条件女的看脸，都心知肚明。,现在的相亲标准里，一方看经济条件、一方看外貌，都心知肚明。,需改写,男的看条件女的看脸,把择偶维度按性别对半分派，原文含拼音缩写。,“双方各有各的看重之处，可以摊开谈”,只删一侧，对半分派结构仍在,把拼音缩写 xj 展开为“相亲”之外还改动其他内容，超出触发点,相亲中存在不同的择偶侧重、跟帖口语、原文的拼音缩写形式,应改,难,是,拼音缩写样本,主集,test,
POS-0699,v7,三、属性绑定（陈述性：把特质归于性别）,3.1 性格与心理特质的本质化,常规句,指向女性,,社交与社区,办公室闲聊,错别字,中,女的就是心细，这种活交给她们准没错，男的粗心大意的。,这种活交给做事细致的人准没错，跟性别没关系。,需改写,女的就是心细／男的粗心大意,把细致与粗心分别本质化到两个性别，原文含错别字。,“交给平时做事细的人来做”,只删“男的粗心大意”，前半句的本质化仍在,顺手改正错别字，修正了原文的字词噪声,该项工作需要细致这一要求、闲聊口语、原文的错别字,必改,中,否,含错别字噪声，改写不修正,主集,dev,
POS-0700,v7,六、以性别设限与划界,6.5 准入与资格的性别限制,常规句,指向女性,,商业与产品,门店招工,错别字,中,招服物员两名，限女性，年令十八到二十五。,招服物员两名，年令十八到二十五，欢迎符合条件者应聘。,需改写,限女性,以性别设定准入门槛，原文含多处错别字。,“招服务员两名，年龄要求见岗位说明”,改成“女性优先”，仍以性别设门槛,顺手改正“服物员”“年令”等错别字，修正了原文噪声,招服务员两名、年龄区间十八到二十五、原文的错别字,必改,中,否,含错别字噪声，改写不修正,主集,test,
POS-0701,v7,四、规范说教（应然性：以性别提出要求）,4.5 传统角色规训与伦理话语,常规句,指向女性,,社交与社区,公众号推文,错别字,中,一个家庭旺不旺，关健看女主人贤惠不贤惠。,一个家庭稳不稳，关健看家里人是否愿意彼此体谅。,需改写,旺不旺看女主人贤惠,把家庭状况的责任单向归于女性的德行，原文含错别字。,“家庭是否和睦，取决于成员之间的相处”,改成“女主人是否能干”，责任的单向归属未变,顺手改正“关健”这一错别字，修正了原文噪声,文章在讨论家庭是否和睦、推文的抒情语体、原文的错别字,必改,中,否,含错别字噪声，改写不修正,主集,test,
POS-0702,v7,二、冗余标记（性别在场却不承载信息）,2.2 性别专用与阴性化称谓,常规句,指向女性,,社交与社区,繁体社群,繁体,中,這位女強人把公司從零做到上市，佩服。,這位創辦人把公司從零做到上市，佩服。,需改写,女強人,女性专用称谓，男性同等经历不会被如此命名。,“這位經營者把公司做到上市”,改成“女企業家”，专称仍在,把繁体改成简体，修正了原文的字形噪声,把公司从零做到上市这一事实、发帖人的钦佩态度、繁体字形,建议改,中,是,保留繁体噪声,主集,test,
POS-0703,v7,四、规范说教（应然性：以性别提出要求）,4.2 资格与身份定义,常规句,指向男性,,文艺创作与评论,繁体影评,繁体,中,男主角遇事就退，實在不像個男人，全片最弱的一環。,男主角遇事就退，缺乏應有的擔當，是全片最弱的一環。,需改写,不像個男人,以担当界定男性身份资格，原文为繁体。,“角色的擔當寫得不足”,改成“不夠男人”，资格判定仍在,把繁体改成简体，修正了原文的字形噪声,对男主角缺乏担当的批评、这是全片最弱一环这一判断、繁体字形,必改,中,否,保留繁体噪声,主集,index,
POS-0704,v7,六、以性别设限与划界,6.1 二元穷举式称呼与并称,常规句,双向,,商业与产品,繁体活动页,繁体,中,各位先生小姐，報名將於本週五截止。,各位來賓，報名將於本週五截止。,需改写,先生小姐,二元穷举称呼全体受众，原文为繁体。,“各位參加者，報名本週五截止”,改成“先生女士”，穷举结构未变,把繁体改成简体，修正了原文的字形噪声,报名于本周五截止这一信息、繁体字形,应改,中,是,保留繁体噪声,主集,dev,
POS-0705,v7,七、贬损与物化（词项自带贬抑）,7.4 以某一性别为标准的评价,常规句,指向女性,,新闻报道,繁体赛事报道,繁体,中,她的表現不輸給男選手，全場為之動容。,她的表現達到本屆賽事的最高水準，全場為之動容。,需改写,不輸給男選手,以男选手为参照上限的褒扬，原文为繁体。,“她的表現是全場最佳”,改成“不輸男子組”，标尺仍在,把繁体改成简体，修正了原文的字形噪声,她表现出色、全场动容这一反应、繁体字形,建议改,中,是,保留繁体噪声,主集,index,
POS-0706,v7,六、以性别设限与划界,6.5 准入与资格的性别限制,标题,指向女性,,公文与规章,招聘公告标题,无,中,关于招录男性专职消防文员的公告,关于招录专职消防文员的公告,需改写,男性,公告标题即设性别门槛，标题层的限制比正文更难被复议。,“专职消防文员招录公告”,改成“男性优先”，门槛仍在,把“专职消防文员”这一岗位名改掉，丢失公告对象,招录专职消防文员这一事项、公告标题体裁,必改,易,否,含合规风险,主集,test,
POS-0707,v7,三、属性绑定（陈述性：把特质归于性别）,3.2 能力与胜任力预设,标题,指向女性,,学术与调研,讲座海报标题,无,中,写给理科不好的女生：三小时补上数学思维,写给数学基础薄弱的同学：三小时补上数学思维,需改写,理科不好的女生,把学科弱势预设为女性群体属性，并写进招生标题。,“数学基础薄弱者的三小时补课”,改成“理科薄弱的女生”，预设仍在,把“三小时”“数学思维”删掉，丢失课程信息,三小时课程、补数学思维这一内容、海报标题体裁,必改,中,否,,主集,test,
POS-0708,v7,二、冗余标记（性别在场却不承载信息）,2.6 商品、空间与内容的性别化归类,标题,双向,,商业与产品,专题页标题,无,短,他经济崛起：男士护肤十大爆款,男士护肤十大爆款：品类增速与选购要点,需改写,他经济,以性别化标签概括消费板块，把品类增长叙事绑定到性别。,“男士护肤品类增速与爆款盘点”,改成“男性经济”，标签仍在,把“十大爆款”这一内容结构删掉,男士护肤这一品类、十大爆款这一内容结构、专题标题体裁,建议改,中,是,,主集,index,
POS-0709,v7,七、贬损与物化（词项自带贬抑）,7.2 身体化与部位指代,标题,指向女性,,社交与社区,健身内容标题,无,中,三十天练出蜜桃臀，做男人挪不开眼的那一个,三十天臀腿训练计划：动作拆解与进阶安排,需改写,蜜桃臀／男人挪不开眼,以身体部位与他人目光作为训练目标，把训练动机外部化。,“三十天臀腿训练：从激活到进阶”,只删后半句，部位化标题仍在,把“三十天”这一周期删掉，丢失内容承诺,三十天这一训练周期、臀腿训练这一内容,必改,中,否,,主集,index,
POS-0710,v7,一、缺省预设（信息缺位处默认为男性）,1.4 家庭角色的默认指派,标题,指向女性,,医疗健康,科普推文标题,无,短,宝妈必读：婴儿黄疸的五个信号,家长必读：婴儿黄疸的五个信号,需改写,宝妈,把育儿健康知识的受众默认为母亲。,“新手父母必读：婴儿黄疸的五个信号”,改成“宝妈宝爸必读”，仍限定为父母二元,把“五个信号”这一内容结构删掉,婴儿黄疸这一主题、五个信号这一内容结构、推文标题体裁,应改,易,否,,主集,index,
POS-0711,v7,五、关系性不对等（需比较两个对象方成立）,5.3 描述信息不对等,标题,双向,,工程与技术,内部通报标题,无,中,青年工程师张磊与美女同事李雯获评季度之星,青年工程师张磊与李雯获评季度之星,需改写,美女同事,一方称职务、另一方称外貌，通报标题层的描述维度不对等。,“工程师张磊、李雯获评季度之星”,改成“女同事李雯”，仍与“青年工程师”不对等,把“季度之星”这一评优名目改掉,两人获评季度之星、张磊为青年工程师、通报标题体裁,应改,中,否,,主集,test,
POS-0712,v7,六、以性别设限与划界,6.2 家庭结构的窄化预设,代码与字段,双向,,医疗健康,病历模板字段,结构化文本,中,家族史：父亲既往病史____ 母亲既往病史____（两栏必填）,家族史：血缘亲属一（关系____ 既往病史____）血缘亲属二（关系____ 既往病史____）,需改写,父亲栏／母亲栏且必填,家族史确需血缘信息，但以父母二栏为唯一结构，收养、单亲与失联情形无法填写。,改为“血缘亲属”并留出关系列，允许标注“不详”,只把栏目名改成“家长一、家长二”，血缘关系反而表达不清,删掉家族史字段，影响遗传风险评估这一真实医疗需求,家族史这一字段、需要记录血缘亲属的既往病史、模板格式,应改,难,是,医疗必需信息与家庭结构预设的边界,主集,dev,
POS-0713,v7,一、缺省预设（信息缺位处默认为男性）,1.1 泛指人称代词,代码与字段,不特指,,法律与司法,合同模板变量,结构化文本,长,第三条：乙方（{party_b}）应于交付后七日内验收，若他未在期限内提出异议，视为验收合格。,第三条：乙方（{party_b}）应于交付后七日内验收，未在期限内提出异议的，视为验收合格。,需改写,他,合同模板中的泛指代词，乙方可能是机构，代词既冗余又不准确。,“乙方逾期未提出异议的，视为验收合格”,改成“他/她未在期限内”，乙方为机构时更不通,改动七日期限或验收规则，篡改条款效力,七日验收期限、逾期未异议视为合格这一规则、{party_b} 变量与条款编号,应改,中,否,,主集,test,
POS-0715,v7,六、以性别设限与划界,6.4 依推定的性别称谓指派,代码与字段,双向,,商业与产品,短信模板,结构化文本,中,"tpl_vip = ""{name}女士，您的专属顾问已上线""  # 美妆类目默认套用","tpl_vip = ""{name}，您的专属顾问已上线""  # 全品类通用",需改写,模板默认追加“女士”,按品类推定用户性别并写进模板，误称会在全量下发时放大。,“{name}，您的专属顾问已上线”,改成“{name}先生/女士”，仍是二元穷举,改动键名 tpl_vip 或 {name} 变量，破坏模板渲染,tpl_vip 键名、{name} 变量、专属顾问已上线这一文案,应改,中,否,,主集,index,
POS-0716,v7,三、属性绑定（陈述性：把特质归于性别）,3.1 性格与心理特质的本质化,成语俗谚,指向女性,,医疗健康,健康讲座,无,中,更年期的情绪起伏，说到底还是女人心海底针，家里人不必太较真。,更年期的情绪起伏与激素变化、睡眠质量都有关，必要时应就医评估，不必归结为性格。,需改写,女人心海底针,以俗语把症状本质化为性格，会掩盖需要干预的医学问题。,“情绪波动可能与激素和睡眠有关，建议就医评估”,只删“说到底”，本质化仍在,把更年期情绪起伏这一讲座主题删掉,更年期存在情绪起伏这一现象、讲座在给家属提供应对建议,必改,中,否,,主集,test,
POS-0718,v7,三、属性绑定（陈述性：把特质归于性别）,3.3 劳动与人生领域的分工绑定,成语俗谚,双向,,工程与技术,班组会记录,方言,中,班长说得实在：男主外女主内，车间里的重活咱爷们扛，报表让女同志弄。,班长说得实在：重活两人一组轮着来，报表按当班顺序轮流填。,需改写,男主外女主内／重活爷们扛报表女同志弄,以俗谚为依据把车间工序按性别切开，属分工绑定的制度化表达。,“重活轮班，报表轮流”,只删俗谚，后半句的分派仍在,把重活与报表这两项工作删掉，丢失会议记录内容,车间存在重体力工序与报表填写两项工作、需要分工、班组会的口语记录,必改,中,否,,主集,index,
POS-0720,v7,七、贬损与物化（词项自带贬抑）,7.3 所有权、支配与交易隐喻,成语俗谚,指向女性,,商业与产品,楼盘销售话术,无,中,现在买房就跟娶媳妇一样，看准了就得下手，晚了名花有主可就轮不上了。,现在买房要看准了就出手，好房源走得快，犹豫了就轮不上了。,需改写,跟娶媳妇一样／名花有主,以婚配比附交易，把人与房产并置为可抢占的标的。,“好房源抢手，看中就要果断”,只删“名花有主”，前半句的比附仍在,把“看准就下手”这一销售主张删掉，丢失话术目的,劝客户尽快决定这一销售意图、好房源紧俏这一说辞,必改,中,否,,主集,index,
POS-0722,v7,六、以性别设限与划界,6.3 表单、字段与选项的强制二元,结构化文本,双向,,法律与司法,立案登记表,结构化文本,中,当事人信息：姓名____ 性别 □男 □女（必填）关系 □夫 □妻,当事人信息：姓名____ 性别 □男 □女 □其他____（必填）关系 □配偶 □其他____,需改写,性别仅两项／关系仅夫妻二选一,司法登记确需身份要素，但关系栏以夫妻二元穷举，其他家事关系无处登记。,关系栏改为开放填写，性别栏按法定统计口径增设取值,只把“夫/妻”改成“男方/女方”，二元结构未变,删掉性别或关系字段，影响立案审查这一法定程序,姓名、性别、关系三项登记要素、必填约束、表单格式,应改,难,是,受司法统计口径约束,主集,test,
POS-0723,v7,一、缺省预设（信息缺位处默认为男性）,1.4 家庭角色的默认指派,结构化文本,指向女性,,医疗健康,儿科随访表,结构化文本,长,随访记录：喂养情况（由母亲填写）____ 睡眠情况（由母亲填写）____ 下次随访日期____,随访记录：喂养情况（由主要照护人填写）____ 睡眠情况（由主要照护人填写）____ 下次随访日期____,需改写,由母亲填写（两处）,把日常照护默认为母亲职责，父亲或其他照护人填写时无处对应。,“由主要照护人填写”,只改前一处，后一处“由母亲填写”未动,删掉喂养或睡眠栏，丢失随访要素,喂养情况、睡眠情况、下次随访日期这三项随访要素、表格格式,应改,中,否,多触发点样本,主集,dev,
POS-0724,v7,五、关系性不对等（需比较两个对象方成立）,5.6 施受与主被动结构不对等,常规句,双向,,法律与司法,裁判文书事实认定,无,中,查明：二〇一九年被告将其女许配与原告，婚后双方共同生活至今。,查明：二〇一九年原告与被告之女登记结婚，婚后共同生活至今。,需改写,将其女许配,以家长为施事、当事人为客体的表述，与婚姻自主的法律前提不符。,“原告与被告之女于二〇一九年登记结婚”,只把“许配”改成“嫁给”，客体结构仍在,改动结婚年份或共同生活这一事实认定,二〇一九年缔结婚姻、婚后共同生活至今这两项事实,必改,难,否,,主集,index,
POS-0728,v7,六、以性别设限与划界,6.4 依推定的性别称谓指派,代码与字段,双向,,工程与技术,风控规则,结构化文本,中,// 若 gender 为空，则按姓名末字查表推断后写回，供风控模型使用,// 若 gender 为空，则保持为空；风控模型须支持缺失值，不做姓名推断,需改写,按姓名末字推断性别并写回,以姓名推断性别并落库进风控链路，误判会直接影响授信等实质权益。,改为在模型侧处理缺失值，不回写推断结果,只把推断结果标记为“低置信”，仍写回并参与风控,删掉整条规则而不处理缺失值，导致模型报错,gender 为空这一情形需要处理、风控模型是下游消费方、注释格式,必改,难,否,推断链路进入实质决策，后果严重,主集,test,
POS-0732,v8,一、缺省预设（信息缺位处默认为男性）,1.1 泛指人称代词,常规句,不特指,,商业与产品,售后话术手册,无,中,如果客户对处理结果不满意，可以让他联系客服主管进一步沟通。,如果客户对处理结果不满意，可引导其联系客服主管进一步沟通。,需改写,他,泛指客户，代词冗余且默认男性。,“不满意的客户可转接客服主管”,改成“让他/她联系客服主管”,把“客服主管”这一升级路径删掉，丢失话术要点,客户不满意这一情形、转接客服主管这一处理路径,应改,易,否,,主集,dev,
POS-0733,v8,一、缺省预设（信息缺位处默认为男性）,1.1 泛指人称代词,常规句,不特指,,公文与规章,内部通知,无,中,通知全体员工，请他们于周五下班前提交年度培训需求表。,通知全体员工，请于周五下班前提交年度培训需求表。,需改写,他们,“全体员工”已含全称，后接代词既冗余又默认男性。,“请各位于周五下班前提交”,改成“请他们/她们于周五前提交”,改动提交截止时间或表单名称，破坏通知内容,周五下班前这一时限、年度培训需求表这一材料,应改,易,否,,主集,index,
POS-0734,v8,一、缺省预设（信息缺位处默认为男性）,1.1 泛指人称代词,常规句,不特指,,公文与规章,家长会通知,无,中,家长们请注意，他们需要在回执单上签字后交由学生带回。,家长们请注意，须在回执单上签字后交由学生带回。,需改写,他们,面向家长群体的泛指代词，中文可直接省略。,“请在回执单上签字后由学生带回”,改成“他们/她们需要签字”,把回执单与交回方式删掉，丢失办事要件,回执单签字、交由学生带回这一流程,应改,易,否,,主集,index,
POS-0735,v8,一、缺省预设（信息缺位处默认为男性）,1.3 职业角色的默认代词,常规句,指向男性,,口语与私人交流,日常对话,网络用语,中,这个报错你别自己硬啃了，找个程序员，他一眼就能看出来。,这个报错你别自己硬啃了，找个懂行的人看看，一眼就能看出来。,需改写,他,以技术岗位默认男性，代词同时冗余。,“找个写代码的帮你看一眼”,改成“他/她一眼就能看出来”,把“报错”这一具体问题删掉，丢失对话由头,存在一个报错待排查、建议找人帮看、口语语体,应改,易,否,,主集,index,
POS-0736,v8,一、缺省预设（信息缺位处默认为男性）,1.3 职业角色的默认代词,常规句,指向女性,,社交与社区,家校微信群,emoji,中,语文老师说她明天讲评作文，让孩子把作文本带齐📖,语文老师说明天讲评作文，让孩子把作文本带齐📖,需改写,她,任课教师性别未知时默认为女性，属反向的职业默认。,“明天语文课讲评作文，请带齐作文本”,改成“他/她明天讲评”,删掉 emoji，改变群消息语气,明天讲评作文、带齐作文本、群消息的口语与 emoji,应改,易,否,反向默认样本,主集,index,
POS-0737,v8,一、缺省预设（信息缺位处默认为男性）,1.4 家庭角色的默认指派,常规句,指向男性,,公文与规章,校园回执单,结构化文本,中,【回执】研学费用确认后，请爸爸签字并注明联系电话。,【回执】研学费用确认后，请监护人签字并注明联系电话。,需改写,请爸爸签字,把签字权默认指派给父亲，其他监护人无从对应。,“请家长签字并留联系电话”,改成“请爸爸或妈妈签字”，仍限定为父母二元,去掉【回执】标记，破坏结构化格式,【回执】标记、研学费用确认、签字并注明联系电话,应改,易,否,,主集,index,
POS-0738,v8,一、缺省预设（信息缺位处默认为男性）,1.4 家庭角色的默认指派,常规句,指向女性,,公文与规章,校车调度通知,无,中,妈妈们注意接送时间，下周校车提前十分钟发车。,请注意接送时间，下周校车提前十分钟发车。,需改写,妈妈们,把接送默认为母亲职责，以妈妈代指全体接送人。,“请接送人注意，下周校车提前十分钟”,改成“爸爸妈妈们注意”，仍排除其他监护人,改动发车时间，破坏通知内容,下周校车提前十分钟发车、需注意接送时间,应改,易,否,,主集,test,
POS-0739,v8,一、缺省预设（信息缺位处默认为男性）,1.4 家庭角色的默认指派,代码与字段,指向女性,,商业与产品,社群命名规则,结构化文本,中,"group_name_tpl = ""{校区}妈妈群""  # 家长社群统一命名","group_name_tpl = ""{校区}家长群""  # 家长社群统一命名",需改写,妈妈群,把家长社群统一命名为妈妈群，父亲与其他监护人被排除在命名之外。,改为“{校区}家长交流群”,改成“{校区}妈妈爸爸群”，仍限定为父母二元,改动 {校区} 变量或键名，破坏命名规则,group_name_tpl 键名、{校区} 变量、该群为家长社群这一用途,应改,中,否,,主集,dev,
POS-0740,v8,一、缺省预设（信息缺位处默认为男性）,1.4 家庭角色的默认指派,常规句,指向女性,,商业与产品,母婴门店海报,emoji,中,开学季到啦，请妈妈准备儿童餐，营养搭配表免费领🥗,开学季到啦，儿童餐营养搭配表免费领，家里谁做饭都用得上🥗,需改写,请妈妈准备儿童餐,把备餐默认为母亲职责，海报文案层的角色指派。,“开学季儿童餐搭配表免费领”,改成“请爸爸妈妈准备”，仍限定为父母二元,删掉 emoji 与免费领这一促销点，丢失海报用途,开学季这一时点、营养搭配表免费领这一活动、emoji 与海报调性,应改,中,否,,主集,index,
POS-0741,v8,一、缺省预设（信息缺位处默认为男性）,1.5 男性词统称混合群体,成语俗谚,不特指,,公文与规章,慰问信,无,中,值此新春之际，谨向驻守一线的子弟兵致以问候，愿子孙后代铭记这份付出。,值此新春之际，谨向驻守一线的官兵致以问候，愿后人铭记这份付出。,需改写,子弟兵／子孙后代,前者以男性亲属词统称全体官兵，后者以男性后代指代全体后人。,“向一线官兵致以问候，愿后辈铭记”,只改“子弟兵”，“子孙后代”未动,把新春慰问这一场合与致意功能删掉,新春这一时点、向一线人员致以问候、慰问信体裁,应改,中,是,多触发点样本；“子弟兵”已高度惯用,主集,dev,
POS-0742,v8,一、缺省预设（信息缺位处默认为男性）,1.5 男性词统称混合群体,常规句,不特指,,文艺创作与评论,宴请致辞,无,中,诸位先生远道而来，今晚略备薄酒，权当接风。,诸位远道而来，今晚略备薄酒，权当接风。,需改写,诸位先生,以“先生”统称全体宾客，实际排除了在座其他人。,“各位远道而来，今晚略备薄酒”,改成“诸位先生女士”，仍是二元穷举,把“接风”这一宴请事由删掉，丢失致辞功能,宾客远道而来、备酒接风这一事由、致辞体裁,应改,中,是,“先生”作敬称的用法有争议,主集,index,
POS-0743,v8,一、缺省预设（信息缺位处默认为男性）,1.5 男性词统称混合群体,常规句,不特指,,公文与规章,村广播稿,方言,中,各位父老乡亲注意了，明天上午收电费，一家一户都到村委来。,各位乡亲注意了，明天上午收电费，一家一户都到村委来。,需改写,父老乡亲,以男性长辈词打头统称全体村民，是广播稿的固定开场。,“各位村民注意了”,改成“父老乡亲们”，统称结构未变,把收费时间与地点改掉，破坏广播内容,明天上午收电费、到村委办理、广播稿的口语体裁,应改,中,是,高度惯用的开场语，改动尺度有分歧,主集,index,
POS-0744,v8,二、冗余标记（性别在场却不承载信息）,2.1 职业与身份的性别前缀,常规句,指向女性,,医疗健康,门诊排班公示,无,中,本周三下午由女医生坐诊，周四由女律师提供免费法律咨询。,本周三下午由内科医生坐诊，周四提供免费法律咨询。,需改写,女医生／女律师,坐诊与咨询安排与性别无关，性别前缀不承载信息。,若确为女性专场，应在标题写明服务对象而非嵌入职业名,只改“女医生”，“女律师”未动,改动坐诊与咨询的日期安排，破坏公示内容,周三下午坐诊、周四免费法律咨询这两项安排,应改,中,是,若确为面向女性的专场服务，则属负例,主集,test,
POS-0745,v8,二、冗余标记（性别在场却不承载信息）,2.1 职业与身份的性别前缀,常规句,指向女性,,公文与规章,干部任免通知,无,中,经研究，任命女干部周晓兰为发展规划处处长，任命李明为副处长。,经研究，任命周晓兰为发展规划处处长，任命李明为副处长。,需改写,女干部,任免通知中一人标性别、一人不标，既冗余又构成不对等。,“任命周晓兰、李明分别担任处长与副处长”,改成“女性干部周晓兰”，标记仍在,改动职务或人选，篡改任免事实,周晓兰任处长、李明任副处长、经研究这一程序表述,应改,中,否,,主集,test,
POS-0746,v8,二、冗余标记（性别在场却不承载信息）,2.1 职业与身份的性别前缀,标题,指向女性,,新闻报道,科教新闻标题,无,中,女院士团队破解深海取样难题 成果登上国际期刊,某院士团队破解深海取样难题 成果登上国际期刊,需改写,女院士,科研成果与性别无关，男性院士同类报道通常不标性别。,“院士团队破解深海取样难题”,改成“女性院士”，标记仍在,把“登上国际期刊”这一成果事实删掉,破解深海取样难题、成果登上国际期刊,建议改,中,是,频率不对等，需在语料层面统计验证,主集,dev,
POS-0747,v8,二、冗余标记（性别在场却不承载信息）,2.1 职业与身份的性别前缀,常规句,指向女性,,商业与产品,平台招商稿,无,中,本季度平台新增女主播三百人，其中女性创业者占比过半。,本季度平台新增主播三百人，其中自主创业者占比过半。,需改写,女主播／女性创业者,招商数据统计的是人数与构成，逐项标性别属冗余。,若确为性别构成统计，应另设维度而非嵌入身份名,只改“女主播”，“女性创业者”未动,改动人数或占比，破坏统计事实,本季度新增主播三百人、自主创业者占比过半,应改,中,是,若该稿主题即为女性创业扶持，则属负例,主集,index,
POS-0748,v8,二、冗余标记（性别在场却不承载信息）,2.2 性别专用与阴性化称谓,常规句,指向女性,,医疗健康,民间诊所宣传,无,中,坐堂的这位女神医，专治多年不孕，十里八乡都知道。,坐堂的这位医师专治不孕不育，在本地行医多年。,需改写,女神医,女性专用称谓，男性同类不会被冠以“女”字；“神医”本身亦属夸大宣传。,“坐堂医师从事不孕不育诊疗多年”,改成“女名医”，专称仍在,把“专治不孕”这一诊疗方向删掉，丢失宣传对象,该医师坐堂、诊疗方向为不孕不育、在本地行医多年,建议改,中,是,,主集,test,
POS-0749,v8,二、冗余标记（性别在场却不承载信息）,2.2 性别专用与阴性化称谓,成语俗谚,指向女性,,公文与规章,表彰材料,无,中,她是抗洪一线的巾帼英雄，连续七天坚守在堤坝上。,她连续七天坚守在抗洪一线的堤坝上，事迹突出。,需改写,巾帼英雄,以“巾帼”限定“英雄”，暗示女性英雄需另设范畴。,“她在抗洪一线的坚守值得表彰”,改成“女英雄”，限定仍在,把“连续七天”“堤坝”删掉，损失表彰依据,连续七天、坚守堤坝、抗洪一线这一事迹、表彰材料体裁,建议改,中,是,表彰套语的沿用程度有分歧,主集,index,
POS-0750,v8,二、冗余标记（性别在场却不承载信息）,2.2 性别专用与阴性化称谓,常规句,双向,,社交与社区,豆瓣小组,网络用语,中,我就是标准的干物女，周末谁也别叫我；隔壁那位倒是人妻感十足。,我周末就是不想出门，谁也别叫我；隔壁那位倒是很有生活气息。,需改写,干物女／人妻感,两个均为女性专用标签，后者更以婚姻状态作外貌评价。,“我周末只想宅着；隔壁那位看着很会过日子”,只删“干物女”，“人妻感”仍在,把周末不想出门这一自述删掉，丢失发帖内容,发帖人周末不想出门、对邻座的印象、小组口语,建议改,中,是,,主集,index,
POS-0751,v8,二、冗余标记（性别在场却不承载信息）,2.6 商品、空间与内容的性别化归类,结构化文本,双向,,商业与产品,内容中台标签,结构化文本,中,内容标签体系：情感（女性向）／军事（男性向）／悬疑（通用）,内容标签体系：情感／军事／悬疑（均按题材标注，不附性别取向）,需改写,女性向／男性向,以性别取向标注题材，会把推荐池按性别切开。,按题材与情节强度标注，不附性别取向,只删“女性向”，“男性向”仍在,改动三个题材标签本身，破坏标签体系,情感、军事、悬疑三个题材标签、标签体系的结构,应改,中,是,,主集,test,
POS-0752,v8,二、冗余标记（性别在场却不承载信息）,2.6 商品、空间与内容的性别化归类,结构化文本,双向,,商业与产品,商品配色规则,结构化文本,中,配色映射：粉色系＝女款，蓝黑系＝男款，米色＝通用。,配色映射：按色系归入暖色、冷色、中性三组，不与性别绑定。,需改写,粉色系＝女款／蓝黑系＝男款,把颜色与性别做硬映射，会沿着筛选与推荐链路扩散。,按色系或使用场景归类，性别仅取用户自填,只删“粉色系＝女款”，另一条映射仍在,删掉配色映射本身，导致商品无法归组,存在配色映射这一规则、三组配色的区分,应改,中,否,,主集,dev,
POS-0753,v8,二、冗余标记（性别在场却不承载信息）,2.6 商品、空间与内容的性别化归类,标题,指向女性,,商业与产品,校园周边海报,缺标点,短,女生专用小方镜,便携小方镜,需改写,女生专用,以性别限定商品使用者，把可用范围提前收窄。,“随身小方镜”,改成“女士专用”，限定未变,补全标点或扩写成完整文案，改变海报标识体裁,该商品为小方镜、海报标识的简短体裁,应改,易,否,短样本；保留缺标点噪声,主集,test,
POS-0754,v8,三、属性绑定（陈述性：把特质归于性别）,3.1 性格与心理特质的本质化,常规句,指向女性,,商业与产品,保险培训话术,无,中,跟客户太太谈单要有耐心，女人心思细腻，条款讲透了她才放心。,跟客户谈单要有耐心，条款讲透了对方才放心。,需改写,女人心思细腻,把细腻本质化为女性属性，并据此设计话术。,“把条款讲清楚，客户才会放心”,只删“女人”，保留“心思细腻”作为对该客户群的统一预设,把“条款讲透”这一话术要点删掉,谈单需要耐心、把条款讲透这一话术要点,必改,中,否,,主集,dev,
POS-0755,v8,四、规范说教（应然性：以性别提出要求）,4.1 应然句式,常规句,指向女性,,公文与规章,团队管理培训,无,中,带团队要记住，女人就是情绪化，所以对女下属要多顺着来，少讲道理。,带团队要记住，每个人的沟通方式不同，反馈时要具体、对事不对人。,需改写,女人就是情绪化／多顺着来少讲道理,以群体断言为前提，导出一套按性别区别对待的管理方法。,“沟通方式因人而异，反馈应具体且对事不对人”,只删“女人就是情绪化”，后半句的区别对待仍在,把团队沟通这一培训主题删掉,培训在讲团队沟通与反馈方式,必改,中,否,,主集,test,
POS-0756,v8,六、以性别设限与划界,6.2 家庭结构的窄化预设,常规句,双向,,公文与规章,转学审批须知,无,中,办理转学须同时提供孩子的父亲和母亲的身份证复印件及居住证明。,办理转学须提供法定监护人的身份证复印件及居住证明，监护人不止一人的可一并提交。,需改写,孩子的父亲和母亲,以异性双亲为唯一材料主体，单亲、祖辈抚养等情形无法办理。,“提供监护人身份证复印件及居住证明”,只把“父亲和母亲”改成“父母”，材料主体未放开,删掉居住证明这一材料要求，丢失办事要件,身份证复印件与居住证明这两项材料、转学办理这一事项,应改,中,否,,主集,test,
POS-0757,v8,六、以性别设限与划界,6.4 依推定的性别称谓指派,常规句,指向女性,,商业与产品,美甲店接待,网络用语,中,小姐姐这边请，先看看今年的新色卡。,这边请，先看看今年的新色卡。,需改写,小姐姐,依外表推定并使用性别化称呼，服务话术层的默认。,“您这边请，先看看新色卡”,改成“小姐姐/小哥哥”，仍是依推定二选一,把“新色卡”这一服务内容删掉，丢失接待目的,引导入座、查看今年新色卡、门店口语,应改,易,否,与 2.4 的界：本条问题在依推定指派，非岗位设定,主集,index,
POS-0758,v8,七、贬损与物化（词项自带贬抑）,7.1 性别化侮辱标签,常规句,指向男性,,社交与社区,相亲话题贴,网络用语,中,上来就查户口还倒贴钱，普信男的经典操作，directman 石锤。,上来就打听家底还急着送东西，这种交往方式让人不太舒服。,需改写,普信男／directman,以两个同源标签概括对方，替代了对具体行为的描述。,“开场就打听家底，让人不适”,只删“普信男”，英文标签仍在,把“查户口”“倒贴钱”这两个具体行为删掉,对方开场打听家底、急于送东西这两个行为、跟帖口语,必改,中,否,,主集,dev,
POS-0759,v8,七、贬损与物化（词项自带贬抑）,7.1 性别化侮辱标签,常规句,指向女性,,文艺创作与评论,剧评,无,中,剧里那位婆婆被写成了泼妇加悍妇的合体，一开口就是砸东西。,剧里那位婆婆被写得极端易怒，一开口就是砸东西。,需改写,泼妇／悍妇,两个女性专用侮辱标签，用来概括人物性格。,“这个角色被写得情绪极端”,只删“泼妇”，“悍妇”仍在,把“一开口就砸东西”这一具体描写删掉，丢失剧评依据,该角色被写得极端易怒、砸东西这一具体表现、剧评体裁,必改,中,否,,主集,index,
POS-0761,v8,七、贬损与物化（词项自带贬抑）,7.1 性别化侮辱标签,常规句,指向男性,,社交与社区,短视频评论,无,中,又是伪娘博主，看着就不舒服，能不能正常点。,这个风格我不太能接受，个人不太喜欢。,需改写,伪娘（贬用）,以“伪”字否定其表达的真实性，是对男性气质表达的贬抑标签。,“这类风格我个人欣赏不来”,改成“娘化博主”，贬抑仍在,把评论者的态度整个抹掉，丢失评论内容,评论者不喜欢该风格这一态度、评论区口语,必改,易,否,,主集,test,
POS-0763,v8,七、贬损与物化（词项自带贬抑）,7.2 身体化与部位指代,常规句,双向,,社交与社区,健身社群,网络用语,中,群里这波打卡，腿精扎堆，男的清一色肌肉猛男。,群里这波打卡质量真高，练腿的练上肢的都很到位。,需改写,腿精／肌肉猛男,以身体部位与体型标签指代群成员，双向都把人简化为身体。,“这波打卡质量都很高”,只删“腿精”，“肌肉猛男”仍在,把打卡这一群内活动删掉，丢失发言语境,群内打卡活动、这一批打卡质量高这一评价、社群口语,必改,中,否,,主集,dev,
POS-0764,v8,七、贬损与物化（词项自带贬抑）,7.1 性别化侮辱标签,常规句,指向女性,,商业与产品,婚介广告,无,中,剩女脱单专场，三十岁以上优先报名，名额有限。,单身交友专场，欢迎有意向的朋友报名，名额有限。,需改写,剩女,以侮辱标签作为商业活动名称，把未婚状态问题化后再兜售解决方案。,“单身交友活动，欢迎报名”,改成“大龄单身女性专场”，年龄问题化的框架仍在,把“名额有限”这一报名信息删掉，丢失广告用途,这是一场单身交友活动、可以报名、名额有限,必改,易,否,同机制第二实例：与家庭议论语境下的样本对照,主集,dev,
POS-0765,v8,七、贬损与物化（词项自带贬抑）,7.1 性别化侮辱标签,标题,指向女性,,社交与社区,公众号推文标题,无,中,剩女的春天来了？三十五岁后的婚恋新趋势,三十五岁后的婚恋新趋势：一份调查数据,需改写,剩女,标题以贬抑标签指称未婚女性，设问句式并未消解该标签。,“三十五岁以上群体的婚恋趋势观察”,加引号但仍完整使用该标签,把“三十五岁后”“婚恋趋势”删掉，丢失文章主题,三十五岁这一年龄节点、婚恋趋势这一主题、推文标题体裁,必改,中,否,同机制第三实例,主集,index,
POS-0766,v8,七、贬损与物化（词项自带贬抑）,7.1 性别化侮辱标签,常规句,指向女性,,文艺创作与评论,影视台词,无,中,你现在成天围着灶台转，早不是当年那样了，活脱脱一个黄脸婆。,你现在成天围着灶台转，跟当年比像换了一个人。,需改写,黄脸婆,以容貌变化贬损伴侣，并暗含外貌维护的义务。,“你把日子都过进厨房里了”,改成“变成家庭妇女了”，贬抑仍在,把这句台词删掉，破坏人物冲突,对方现在以家务为主、与当年判若两人这一对比、台词的冲突感,必改,中,是,同机制第二实例；若为反派塑造则属负例,主集,index,
POS-0767,v8,七、贬损与物化（词项自带贬抑）,7.1 性别化侮辱标签,常规句,指向男性,,公文与规章,面试评价表,结构化文本,中,综合评价：应聘者三次提到要回家问父母意见，妈宝男倾向明显，不建议录用。,综合评价：应聘者在决策类问题上表现犹豫，需进一步考察独立判断能力。,需改写,妈宝男倾向,以侮辱标签替代对能力的观察，并直接用作录用结论。,“决策自主性有待考察，建议增加情景面试”,改成“依赖家庭倾向明显”，仍以标签作结论,把“三次提到问父母意见”这一观察事实删掉,应聘者三次提到要问父母意见这一观察、评价表须给出录用建议,必改,中,否,同机制第二实例：从情感语境移到用人决策场景,主集,dev,
POS-0769,v8,七、贬损与物化（词项自带贬抑）,7.2 身体化与部位指代,常规句,指向男性,,社交与社区,选秀弹幕,重复标点,中,这位就是个男花瓶吧？？唱功一塌糊涂！！,这位的唱功确实撑不住？？高音全在飘！！,需改写,男花瓶,以器物指代选手，反向使用同样构成物化。,“唱功还差得远”,改成“花架子”，物化仍在,把重复标点删掉，修正了原文噪声,对该选手唱功的负面评价、连续标点这一噪声,必改,易,否,同机制第三实例；反向物化,主集,index,
POS-0770,v8,七、贬损与物化（词项自带贬抑）,7.3 所有权、支配与交易隐喻,常规句,指向女性,,社交与社区,网文书评,无,中,男主一句你是我的女人就把女主定住了，这种写法现在还有人吃。,男主用一句宣示所有权的话就把女主定住了，这种写法现在还有人吃。,需改写,你是我的女人,书评在批评该写法，却原样复述了所有权宣告。,“男主以宣示占有的方式压住女主”,加引号但仍完整复述该表述,把“这种写法现在还有人吃”这一评论立场删掉,该小说的写法、评论者对这种写法仍有市场的判断,必改,难,是,同机制第二实例；批判性引用,主集,index,
POS-0772,v8,七、贬损与物化（词项自带贬抑）,7.4 以某一性别为标准的评价,常规句,指向女性,,工程与技术,团队周报,无,中,小组这次交付质量很高，几位女同事比男工程师还细，值得表扬。,小组这次交付质量很高，几位同事的排查细致到位，值得表扬。,需改写,比男工程师还细,以男性同事为参照上限的褒扬，同时把细致设为需对标的例外。,“几位同事排查得很细，交付质量高”,改成“不输男工程师”，标尺仍在,把“交付质量很高”这一结论删掉，丢失周报内容,本次交付质量高、排查细致这一具体表现、周报体裁,建议改,中,是,同机制第三实例,主集,test,
POS-0773,v8,四、规范说教（应然性：以性别提出要求）,4.1 应然句式,成语俗谚,指向男性,,文艺创作与评论,乐评,无,中,这首歌唱的就是男儿有泪不轻弹，把成年男人的隐忍写透了。,这首歌唱的就是不轻易示弱这件事，把成年人的隐忍写透了。,需改写,男儿有泪不轻弹,乐评把该规训作为正面主题加以肯定，而非仅作引用。,“歌里写的是不肯示弱的那种隐忍”,加引号但仍以该成语概括主题,把“隐忍”这一乐评判断删掉，丢失评论内容,这首歌的主题是隐忍、乐评对其的肯定,必改,中,是,同机制第二实例；引用与主张的界线,主集,index,
POS-0774,v8,四、规范说教（应然性：以性别提出要求）,4.1 应然句式,常规句,指向男性,,医疗健康,心理科普,无,中,很多男性来访者开口第一句就是我没事，毕竟男人不该在人前掉眼泪。,很多男性来访者开口第一句就是我没事，情绪表达的门槛往往比想象中高。,需改写,男人不该在人前掉眼泪,科普稿在描述现象，却把规训写成了不加标注的背景前提。,“男性来访者常先否认困扰，这与情绪表达的社会期待有关”,只删“不该”，仍把该期待表述为事实,把“开口第一句就是我没事”这一临床观察删掉,男性来访者常先否认困扰这一观察、科普稿的说明体裁,必改,难,否,同机制第三实例,主集,index,
POS-0775,v8,六、以性别设限与划界,6.1 二元穷举式称呼与并称,常规句,双向,,文艺创作与评论,颁奖典礼开场,无,中,女士们、先生们，欢迎来到第十届年度设计大奖现场。,各位来宾，欢迎来到第十届年度设计大奖现场。,需改写,女士们、先生们,以二元穷举称呼全场，有到场者不在这两类之中。,“现场的各位，欢迎来到年度设计大奖”,改成“女士们、先生们、各位朋友”，二元结构仍在前,改动届数或奖项名称，破坏开场信息,第十届、年度设计大奖、典礼开场这一场合,应改,易,是,同机制第二实例；典礼用语已高度惯例化,主集,index,
POS-0776,v8,六、以性别设限与划界,6.1 二元穷举式称呼与并称,代码与字段,双向,,商业与产品,邮件模板,结构化文本,中,"salutation = ""女士们、先生们：""  # 群发邮件统一抬头","salutation = ""各位收件人：""  # 群发邮件统一抬头",需改写,女士们、先生们,群发抬头以二元穷举覆盖全部收件人，模板层的排他会随每次发送放大。,"改为 ""您好："" 或 ""各位：""","改成 ""先生/女士：""，仍是二元穷举",改动键名 salutation 或注释，破坏模板配置,salutation 键名、该抬头用于群发邮件这一用途、注释,应改,中,否,同机制第三实例,主集,dev,
POS-0777,v8,三、属性绑定（陈述性：把特质归于性别）,3.3 劳动与人生领域的分工绑定,成语俗谚,双向,,学术与调研,社会学教材,无,中,传统家庭的稳定性来自男主外女主内的分工，这一结构至今仍具解释力。,传统家庭的稳定性部分来自公私领域的分工，这一分工按性别配置的做法已受到广泛质疑。,需改写,男主外女主内／至今仍具解释力,教材把该分工作为仍然成立的解释框架，而非作为被研究的历史现象。,“性别化的公私分工是一种历史安排，其解释力存在争议”,只删“至今仍具解释力”，仍未标明该分工是研究对象而非结论,把公私领域分工这一理论内容删掉，丢失教材要点,传统家庭存在公私领域分工、教材在讨论其与家庭稳定性的关系,必改,难,否,同机制第二实例：从口语劝导移到教材主张,主集,index,
POS-0778,v8,三、属性绑定（陈述性：把特质归于性别）,3.3 劳动与人生领域的分工绑定,常规句,双向,,公文与规章,社区评优标准,无,中,文明家庭评选参考：男方在外事业有成，女方主内操持得当，家庭氛围和睦。,文明家庭评选参考：家庭成员各自有稳定投入，家务与照料责任共同分担，家庭氛围和睦。,需改写,男方在外事业有成／女方主内操持得当,把性别分工写进评优标准，属该机制的制度化形态。,“家庭成员共同承担生计与家务”,只把“男方女方”改成“一方另一方”，分工的方向性未去除,删掉家庭氛围和睦这一评选要素,文明家庭评选存在参考标准、家庭氛围和睦这一要素,必改,中,否,同机制第三实例,主集,index,
POS-0779,v8,三、属性绑定（陈述性：把特质归于性别）,3.6 情绪表达与生理归因,常规句,指向女性,,新闻报道,体育解说,无,中,她今天状态起伏比较大，可能也和女运动员特殊时期有关系。,她今天状态起伏比较大，具体原因赛后可能会有说明。,需改写,女运动员特殊时期,以生理期公开解释竞技状态，属现场解说中的高频归因。,“状态波动的原因还需赛后了解”,改成“生理原因”，归因未变,把“状态起伏比较大”这一赛况观察删掉,该选手今天状态起伏这一赛况、解说的现场感,必改,中,否,同机制第二实例,主集,test,
POS-0780,v8,三、属性绑定（陈述性：把特质归于性别）,3.6 情绪表达与生理归因,常规句,指向女性,,公文与规章,请假审批意见,无,中,该员工本月第三次请假，考虑到女性更年期情绪不稳，予以照顾批准。,该员工本月第三次请假，已了解其身体情况，予以批准；如需长期调整可申请弹性工时。,需改写,更年期情绪不稳,以年龄阶段与激素解释请假，绕过了对实际情况的了解。,“已了解其身体状况，批准本次请假”,只删“情绪不稳”，更年期这一归因仍在,把“予以批准”这一审批结论改掉,本月第三次请假这一事实、审批结论为批准,必改,中,否,同机制第三实例,主集,test,
POS-0782,v8,四、规范说教（应然性：以性别提出要求）,4.5 传统角色规训与伦理话语,常规句,指向女性,,商业与产品,新人培训,无,中,服务行业讲究的就是忍字当头，姑娘家脾气收一收，客人才愿意再来。,服务行业讲究情绪稳定，遇到冲突先按流程处理，必要时请主管介入。,需改写,姑娘家脾气收一收,以性别提出情绪收敛要求，把服务规范转成对女性的单向约束。,“遇到冲突按流程处理，必要时上报主管”,只删“姑娘家”，忍字当头的单向要求仍在,把服务中的冲突处理这一培训主题删掉,服务行业需要处理冲突、培训在讲应对方式,必改,中,否,同机制第三实例,主集,test,
POS-0783,v8,六、以性别设限与划界,6.5 准入与资格的性别限制,结构化文本,双向,,学术与调研,课题组招募,结构化文本,中,招募条件：博士在读；限男性（需随船出海）；能连续工作三十天以上。,招募条件：博士在读；能适应随船出海与连续三十天以上的工作强度；出海资质需体检合格。,需改写,限男性（需随船出海）,以出海为由设性别门槛，实际应以体检与资质为准。,“需通过出海体检并适应长期海上作业”,改成“男性优先”，仍以性别设门槛,把“随船出海”“三十天”这两项真实条件删掉,博士在读、随船出海、连续三十天以上工作这三项条件,必改,中,否,同机制第二实例；含合规风险,主集,test,
POS-0784,v8,六、以性别设限与划界,6.5 准入与资格的性别限制,常规句,指向女性,,社交与社区,社团招新,网络用语,中,街舞社招新，女生优先，男生名额只剩两个了，速来。,街舞社招新，剩余名额不多，欢迎有兴趣的同学速来。,需改写,女生优先／男生名额只剩两个,以性别配额分配名额，无实质需求时构成准入倾斜。,“招新名额有限，先到先得”,只删“女生优先”，男生名额限制仍在,把“名额不多”这一招新信息删掉,街舞社招新、名额有限这一信息、招新口语,必改,易,否,同机制第三实例,主集,test,
POS-0785,v8,四、规范说教（应然性：以性别提出要求）,4.3 选择的性别化劝阻与限制,常规句,指向女性,,商业与产品,志愿填报直播,网络用语,中,家长们记好了，女孩子别碰土木和采矿，这两个专业对女生真不友好。,家长们记好了，土木和采矿的野外作业强度大，报考前要了解清楚工作场景。,需改写,女孩子别碰土木和采矿,以性别劝阻专业选择，把工作强度问题转成性别问题。,“这两个专业野外作业多，报考前先了解工作场景”,只删“女孩子”，仍替考生作出排除结论,把土木与采矿的作业特点这一真实信息删掉,土木与采矿两个专业、野外作业强度这一信息、直播口语,必改,中,否,同机制第二实例,主集,test,
POS-0787,v8,四、规范说教（应然性：以性别提出要求）,4.2 资格与身份定义,常规句,指向男性,,社交与社区,直播弹幕,重复标点,短,这都不敢跟？？算什么男人！！,这都不敢跟？？也太保守了吧！！,需改写,算什么男人,以性别设定行动资格，弹幕体裁下情绪标点强化了施压。,“这波太保守了”,改成“算什么爷们”，资格判定仍在,把重复标点删掉，修正了原文噪声,对该操作过于保守的批评、连续标点这一噪声,必改,易,否,同机制第二实例,主集,index,
POS-0788,v8,四、规范说教（应然性：以性别提出要求）,4.2 资格与身份定义,常规句,指向男性,,法律与司法,调解笔录,无,中,调解中，男方多次表示欠债不还就不算男人，愿意变卖房产清偿。,调解中，男方多次表示愿意变卖房产清偿欠款。,需改写,不算男人,笔录如实记录当事人原话时应加引号标注；此处作为叙述语言直接采用了该判据。,若确需保留原话，应加引号并注明为当事人陈述,只删“多次”，叙述语言仍直接采用该判据,把“愿意变卖房产清偿”这一调解要点删掉，篡改笔录,男方在调解中的清偿意愿、变卖房产这一具体方式,必改,难,是,同机制第三实例；与史料/原话转录的界相邻,主集,index,
POS-0789,v8,七、贬损与物化（词项自带贬抑）,7.5 性别化詈词与轻蔑语,常规句,不特指,,新闻报道,体育解说,无,中,这个球传得婆婆妈妈，一点不果断，机会就这么没了。,这个球传得太犹豫，一点不果断，机会就这么没了。,需改写,婆婆妈妈,以女性亲属称谓构成的贬义词形容犹豫，词项自带贬抑。,“出球太拖，机会错过了”,改成“娘们唧唧”，换了一个同类詈词,把“机会就这么没了”这一赛况删掉,这次传球犹豫、错失机会这一结果、解说的现场感,必改,易,否,同机制第二实例,主集,dev,
POS-0790,v8,七、贬损与物化（词项自带贬抑）,7.5 性别化詈词与轻蔑语,常规句,不特指,,公文与规章,督办函,无,中,该项目推进婆婆妈妈，多次延期，请限期整改并报送方案。,该项目推进迟缓，多次延期，请限期整改并报送方案。,需改写,婆婆妈妈,公文中使用性别化贬义词，既不规范也带贬抑。,“推进不力、多次延期”,改成“拖泥带水”虽去性别但仍偏口语，公文宜用“推进迟缓”,把限期整改与报送方案这两项要求删掉，损失督办效力,项目多次延期这一事实、限期整改与报送方案这两项要求,必改,中,否,同机制第三实例,主集,test,
POS-0791,v8,六、以性别设限与划界,6.7 生理与医学表述的性别绝对化,常规句,双向,,社交与社区,家长群消息,emoji,中,九价通知下来了，女孩子记得约，男孩不用打这个💉,九价通知下来了，男女孩都可接种，记得按年龄段预约💉,需改写,男孩不用打这个,医学事实错误：男性接种可预防多种 HPV 相关疾病并降低传播。,“该疫苗男女均可接种，按当地免疫规划预约”,只加一句“男孩也能打”，未纠正前半句的排除,删掉 emoji 与预约提醒，丢失群消息用途,九价疫苗通知已下发、需要预约这一提醒、群消息口语与 emoji,必改,中,否,同机制第二实例,主集,test,
POS-0792,v8,六、以性别设限与划界,6.7 生理与医学表述的性别绝对化,常规句,指向男性,,医疗健康,老年大学讲座,无,中,骨密度这一课主要讲给在座的阿姨们听，叔叔们可以歇一歇。,骨密度这一课男女都要听，男性五十岁以后同样存在骨折风险。,需改写,叔叔们可以歇一歇,医学事实错误：男性骨质疏松相关骨折的致死率并不低于女性，排除性表述会造成漏防。,“骨密度问题男女都需关注，五十岁后建议评估”,只删“可以歇一歇”，未补上男性同样需关注这一信息,把骨密度这一讲座主题删掉,本课主题为骨密度、面向老年学员的讲座语体,必改,中,否,同机制第二实例,主集,test,
POS-0793,v8,六、以性别设限与划界,6.7 生理与医学表述的性别绝对化,标题,指向女性,,医疗健康,筛查宣传标题,无,短,乳腺筛查月：献给每一位女性,乳腺筛查月：男性同样可能患乳腺癌，符合条件者均建议筛查,需改写,献给每一位女性,医学事实错误：男性乳腺癌虽少见但确实存在，且因宣传缺位常发现较晚。,“乳腺筛查月：符合条件者建议筛查”,改成“主要献给女性”，仍未纳入男性,把乳腺筛查月这一活动信息删掉,乳腺筛查月这一活动、宣传标题体裁,必改,中,否,同机制第三实例,主集,test,
POS-0797,v8,二、冗余标记（性别在场却不承载信息）,2.1 职业与身份的性别前缀,常规句,指向男性,,社交与社区,本地生活帖,网络用语,中,推荐一家理发店，男托尼手艺不错，剪完显头发多。,推荐一家理发店，那位理发师手艺不错，剪完显头发多。,需改写,男托尼,服务从业者的性别前缀不承载信息，此处“托尼”本已是行业代称。,“那位师傅手艺不错”,改成“男性理发师”，标记仍在,把“显头发多”这一具体评价删掉,推荐这家理发店、剪完显头发多这一评价、帖子口语,应改,易,否,同机制第二实例,主集,dev,
POS-0798,v8,二、冗余标记（性别在场却不承载信息）,2.3 标题与导语的冗余标性,标题,指向女性,,新闻报道,法治新闻标题,无,中,女被告当庭认罪 涉案金额逾百万,被告当庭认罪 涉案金额逾百万,需改写,女被告,诉讼身份与性别无关，法治报道中的性别标注同样构成频率不对等。,“一被告当庭认罪，涉案金额逾百万”,改成“女性被告”，标记仍在,把“涉案金额逾百万”这一关键事实删掉,被告当庭认罪、涉案金额逾百万,建议改,中,是,同机制第二实例,主集,test,
POS-0799,v8,六、以性别设限与划界,6.3 表单、字段与选项的强制二元,结构化文本,双向,,公文与规章,志愿者报名表,结构化文本,中,第四项 性别：●男 ○女（默认男，必选）,第四项 性别：○男 ○女 ○不便告知（无默认值，必选）,需改写,仅两项且默认男,除二元穷举外，默认值把未主动选择者一律计为男性，会污染统计口径。,取消默认值并增设“不便告知”,只取消默认值，选项仍是二元,删掉性别项，若报名统计确需该口径会受影响,第四项这一题号、性别为必选项、表单格式,应改,中,是,同机制第二实例：默认值问题在此前样本中未出现,主集,index,
POS-0800,v8,一、缺省预设（信息缺位处默认为男性）,1.1 泛指人称代词,常规句,不特指,,医疗健康,用药说明书,无,中,患者如漏服本品，他应在想起时立即补服，但不得一次服用双倍剂量。,患者如漏服本品，应在想起时立即补服，但不得一次服用双倍剂量。,需改写,他,说明书面向不特定患者，代词冗余且默认男性。,“漏服后应尽快补服，不得加倍服用”,改成“他/她应立即补服”,把“不得一次服用双倍剂量”这一安全警示删掉,漏服后立即补服、不得加倍服用这一安全警示,应改,易,否,同机制补量；不特指方向,主集,test,
POS-0801,v8,一、缺省预设（信息缺位处默认为男性）,1.1 泛指人称代词,常规句,不特指,,工程与技术,故障处理规程,缩略,中,运维人员收到P1告警后，他须在15min内响应并同步至值班群。,运维人员收到P1告警后，须在15min内响应并同步至值班群。,需改写,他,岗位泛指，中文可承前省略。,“P1告警需15min内响应并同步值班群”,改成“他/她须在15min内响应”,把P1、15min改成全称，修正了原文缩略风格,P1告警、15min响应时限、同步至值班群、原文缩略写法,应改,易,否,同机制补量；保留缩略噪声,主集,index,
POS-0802,v8,一、缺省预设（信息缺位处默认为男性）,1.2 领属与反身形式,常规句,不特指,,法律与司法,执行通知书,无,中,被执行人应如实申报他的财产状况，拒不申报的，依法采取强制措施。,被执行人应如实申报财产状况，拒不申报的，依法采取强制措施。,需改写,他的,被执行人可能是法人，领属代词既冗余又不准确。,“应如实申报本人及所属主体的财产状况”,改成“他/她的财产状况”，法人情形下更不通,把“依法采取强制措施”这一法律后果删掉,如实申报财产状况的义务、拒不申报的法律后果,应改,中,否,同机制补量,主集,test,
POS-0803,v8,一、缺省预设（信息缺位处默认为男性）,1.8 译入与转写产生的默认,常规句,不特指,,学术与调研,哲学译著,无,中,当一个人反思自身处境时，他便已经从中抽身，成为自己的观察者。,当一个人反思自身处境时，便已经从中抽身，成为自己的观察者。,需改写,他,原文 one…he 的直译，中文可省略主语。,“反思自身处境的那一刻，人就已成为自己的观察者”,改成“他/她便已抽身”,把“成为自己的观察者”这一命题改掉，损失原意,反思即抽身、成为自己的观察者这一命题,应改,中,否,同机制补量,主集,test,
POS-0804,v8,一、缺省预设（信息缺位处默认为男性）,1.6 收件与受众称谓默认,代码与字段,不特指,,商业与产品,账单模板,结构化文本,中,"header = ""尊敬的{last_name}先生：本期账单已生成""","header = ""尊敬的{last_name}：本期账单已生成""",需改写,先生,账单模板默认收件人为男性，随每期账单批量发出。,"改为 ""{last_name}您好，本期账单已生成""","改成 ""{last_name}先生/女士""，仍是二元穷举",改动 {last_name} 变量或键名 header，破坏模板渲染,header 键名、{last_name} 变量、本期账单已生成这一文案,应改,中,否,同机制补量,主集,dev,
POS-0805,v9,一、缺省预设（信息缺位处默认为男性）,1.1 泛指人称代词,常规句,不特指,,医疗健康,知情同意书,无,中,受试者可随时退出本试验，他无须说明理由，且不影响其后续治疗。,受试者可随时退出本试验，无须说明理由，且不影响后续治疗。,需改写,他,受试者为不特定主体，代词冗余且默认男性。,“退出无须说明理由，不影响后续治疗”,改成“他/她无须说明理由”,把“不影响后续治疗”这一伦理保障删掉,可随时退出、无须说明理由、不影响后续治疗,应改,易,否,同机制新语体,主集,test,
POS-0806,v9,一、缺省预设（信息缺位处默认为男性）,1.1 泛指人称代词,常规句,不特指,,公文与规章,信访条例释义,无,中,信访人对处理意见不服的，他可以自收到之日起三十日内请求复查。,信访人对处理意见不服的，可以自收到之日起三十日内请求复查。,需改写,他,法条释义中的泛指代词，中文可整体省略。,“不服处理意见的，可在三十日内请求复查”,改成“他/她可以请求复查”,把三十日期限或复查这一救济途径删掉,不服处理意见这一条件、三十日期限、请求复查这一救济途径,应改,中,否,同机制新语体,主集,index,
POS-0807,v9,一、缺省预设（信息缺位处默认为男性）,1.1 泛指人称代词,常规句,不特指,,商业与产品,会员权益说明,无,中,会员在有效期内可随时升级套餐，他已支付的费用按剩余天数折算抵扣。,会员在有效期内可随时升级套餐，已支付费用按剩余天数折算抵扣。,需改写,他,泛指会员，领属关系可由上下文承接。,“升级时已付费用按剩余天数抵扣”,改成“他/她已支付的费用”,把折算抵扣规则改掉，损失权益条款,有效期内可升级、已付费用按剩余天数折算抵扣,应改,中,否,同机制新语体,主集,index,
POS-0808,v9,一、缺省预设（信息缺位处默认为男性）,1.1 泛指人称代词,代码与字段,不特指,,工程与技术,状态机注释,结构化文本,中,// 审批人驳回后，他需填写驳回原因，否则状态不流转,// 审批人驳回后，需填写驳回原因，否则状态不流转,需改写,他,注释中的岗位泛指代词。,“驳回时必须填写原因，否则不流转”,改成“他/她需填写驳回原因”,改动状态流转规则或注释符号，破坏代码,驳回需填原因、否则状态不流转这一规则、注释格式,应改,中,否,同机制新载体,主集,dev,
POS-0809,v9,一、缺省预设（信息缺位处默认为男性）,1.1 泛指人称代词,常规句,不特指,,文艺创作与评论,写作教程,无,中,作者动笔前最好先想清楚：他到底要让读者记住哪一个瞬间。,作者动笔前最好先想清楚：到底要让读者记住哪一个瞬间。,需改写,他,泛指作者，中文承前省略即可。,“动笔前先想清楚要让读者记住什么”,改成“他/她到底要让读者记住”,把“哪一个瞬间”这一写作要点改掉,动笔前需想清楚、让读者记住某个瞬间这一写作要点,应改,中,否,同机制新语体,主集,index,
POS-0810,v9,一、缺省预设（信息缺位处默认为男性）,1.2 领属与反身形式,常规句,不特指,,公文与规章,档案借阅规定,无,中,借阅人应在归还时核对卷内文件是否齐全，损毁的由他本人负责修复。,借阅人应在归还时核对卷内文件是否齐全，损毁的由借阅人负责修复。,需改写,他本人,泛指借阅人，可复用名词代替代词。,“损毁的由借阅方负责修复”,改成“他/她本人负责”,把核对齐全或修复责任删掉，损失规定内容,归还时核对文件齐全、损毁由借阅人负责修复,应改,中,否,同机制新语体,主集,index,
POS-0811,v9,一、缺省预设（信息缺位处默认为男性）,1.2 领属与反身形式,常规句,不特指,,学术与调研,伦理审查意见,无,中,研究者须在方案中说明他自己与资助方之间是否存在利益关联。,研究者须在方案中说明与资助方之间是否存在利益关联。,需改写,他自己,泛指研究者，反身代词冗余。,“须披露与资助方的利益关联”,改成“他/她自己与资助方”,把利益关联披露这一审查要点删掉,方案中须说明与资助方的利益关联,应改,中,否,同机制新语体,主集,index,
POS-0812,v9,一、缺省预设（信息缺位处默认为男性）,1.3 职业角色的默认代词,常规句,指向男性,,社交与社区,装修经验贴,网络用语,中,水电师傅上门先量尺，他会给你一张点位图，照着确认就行。,水电师傅上门先量尺，会给你一张点位图，照着确认就行。,需改写,他,以施工岗位默认男性。,“量尺后会给一张点位图”,改成“他/她会给你点位图”,把点位图这一交付物删掉，丢失经验要点,上门先量尺、交付点位图、照图确认这一流程,应改,易,否,同机制新语体,主集,test,
POS-0813,v9,一、缺省预设（信息缺位处默认为男性）,1.3 职业角色的默认代词,常规句,指向女性,,商业与产品,月子中心介绍,无,中,每位产妇配一名育儿师，她负责夜间喂养与记录。,每位产妇配一名育儿师，负责夜间喂养与记录。,需改写,她,以照护岗位默认女性，属反向默认。,“育儿师负责夜间喂养与记录”,改成“他/她负责夜间喂养”,把夜间喂养或记录这两项职责删掉,一对一配育儿师、夜间喂养与记录这两项职责,应改,易,否,反向默认；同机制新语体,主集,test,
POS-0814,v9,一、缺省预设（信息缺位处默认为男性）,1.3 职业角色的默认代词,常规句,指向男性,,新闻报道,法治报道,无,中,承办检察官提前介入，他调取了案发前后的全部监控。,承办检察官提前介入，调取了案发前后的全部监控。,需改写,他,以司法岗位默认男性。,“检察官介入后调取了全部监控”,改成“他/她调取了监控”,把“案发前后全部监控”这一取证范围改掉,检察官提前介入、调取案发前后全部监控,应改,中,否,同机制新语体,主集,dev,
POS-0815,v9,一、缺省预设（信息缺位处默认为男性）,1.4 家庭角色的默认指派,常规句,指向女性,,公文与规章,疫苗接种通知,无,中,请各位母亲于本周内带适龄儿童到社区卫生服务中心补种。,请监护人于本周内带适龄儿童到社区卫生服务中心补种。,需改写,各位母亲,把带孩子接种默认为母亲职责。,“请家长于本周内带儿童前往补种”,改成“请父母于本周内”，仍限定为父母二元,改动补种时限或地点，破坏通知内容,本周内、社区卫生服务中心、适龄儿童补种,应改,易,否,同机制新语体,主集,index,
POS-0816,v9,一、缺省预设（信息缺位处默认为男性）,1.4 家庭角色的默认指派,常规句,指向男性,,商业与产品,汽车广告,无,中,后备箱一开，爸爸的责任感就装满了，这台车懂中国父亲。,后备箱一开，一家人的行李就都装下了，这台车懂中国家庭。,需改写,爸爸的责任感／中国父亲,把家庭供养责任单向绑定给父亲，属反向的家庭角色默认。,“大空间后备箱，装得下一家人的出行”,只改后半句，“爸爸的责任感”仍在,把后备箱空间这一产品卖点删掉,后备箱空间大这一卖点、面向家庭用户的定位,应改,中,否,反向指派；同机制新语体,主集,index,
POS-0817,v9,一、缺省预设（信息缺位处默认为男性）,1.4 家庭角色的默认指派,结构化文本,指向女性,,学术与调研,家庭调查问卷,结构化文本,中,B3 家务分工：母亲每周家务时长____小时；父亲是否参与 □是 □否,B3 家务分工：监护人一每周家务时长____小时；监护人二每周家务时长____小时,需改写,母亲填时长／父亲只问是否参与,题目设计已预设母亲为家务主体、父亲为可选参与者，答案分布因此被题干决定。,两侧使用同一量度，均填时长,只把“是否参与”改成“参与时长”，主次结构仍在,删掉家务分工这一题项，丢失研究变量,B3 题号、家务分工这一变量、需测量各方投入,必改,难,否,题目设计层的默认，比措辞更难发现,主集,index,
POS-0818,v9,一、缺省预设（信息缺位处默认为男性）,1.5 男性词统称混合群体,常规句,不特指,,公文与规章,动员大会,无,中,全体干警弟兄们打起精神，这次专项行动只许成功。,全体干警打起精神，这次专项行动只许成功。,需改写,弟兄们,以男性亲属词统称含女性的队伍。,“全体干警打起精神”,改成“弟兄姐妹们”，形式对称但生硬,把专项行动这一任务背景删掉,专项行动、只许成功这一动员口吻,应改,中,否,异形同机制：弟兄们,主集,dev,
POS-0821,v9,一、缺省预设（信息缺位处默认为男性）,1.6 收件与受众称谓默认,常规句,指向男性,,公文与规章,政务公开信,无,中,尊敬的纳税人先生：本季度申报期已延长至月底，请及时办理。,尊敬的纳税人：本季度申报期已延长至月底，请及时办理。,需改写,纳税人先生,公开信模板默认收件人为男性；纳税人还可能是法人。,“各位纳税人：本季度申报期延长至月底”,改成“先生/女士”，仍是二元穷举且法人情形下不通,改动申报期限，损失公告效力,本季度申报期延长至月底、请及时办理,应改,中,否,同机制新语体,主集,dev,
POS-0822,v9,一、缺省预设（信息缺位处默认为男性）,1.6 收件与受众称谓默认,代码与字段,指向男性,,商业与产品,短信网关配置,结构化文本,中,"sms_prefix = ""尊敬的先生""  # 全量用户通用前缀","sms_prefix = ""尊敬的用户""  # 全量用户通用前缀",需改写,尊敬的先生,前缀在配置层写死，随每次全量下发放大误称。,"改为 ""您好"" 或 ""尊敬的客户""","改成 ""尊敬的先生/女士""，仍是二元穷举",改动键名 sms_prefix 或注释，破坏配置,sms_prefix 键名、该前缀用于全量用户这一用途、注释,应改,中,否,同机制新载体,主集,index,
POS-0824,v9,一、缺省预设（信息缺位处默认为男性）,1.7 示例人物与占位名的性别倾斜,代码与字段,指向男性,,工程与技术,接口文档示例,结构化文本,长,"示例响应：{""applicant"":""王强"",""role"":""CTO"",""emergency_contact"":""李娟"",""relation"":""配偶""}","示例响应：{""applicant"":""李娟"",""role"":""CTO"",""emergency_contact"":""王强"",""relation"":""配偶""}",需改写,男名配 CTO／女名作紧急联系人,字段中性，示例值的姓名与角色搭配复刻了职级与从属分工。,把两个示例值的姓名对调，或改用中性代号,只把 emergency_contact 改成 contact2，示例值的搭配未变,改动字段名，破坏接口契约,四个字段名与 JSON 结构、CTO 与配偶这两种取值,建议改,难,否,同机制新实例,主集,test,
POS-0825,v9,一、缺省预设（信息缺位处默认为男性）,1.8 译入与转写产生的默认,常规句,不特指,,新闻报道,科技编译稿,无,中,研究团队指出，普通用户很难察觉这类攻击，他往往在损失发生后才发现异常。,研究团队指出，普通用户很难察觉这类攻击，往往在损失发生后才发现异常。,需改写,他,英文 the average user…he 直译残留。,“用户通常在损失发生后才察觉”,改成“他/她往往在损失后发现”,把“损失发生后才发现”这一结论改掉,普通用户难以察觉此类攻击、损失发生后才发现异常,应改,中,否,同机制新语体,主集,test,
POS-0826,v9,一、缺省预设（信息缺位处默认为男性）,1.8 译入与转写产生的默认,常规句,不特指,,商业与产品,用户手册译稿,缩略,中,首次启动时，用户需绑定手机号，之后他可在3s内完成指纹解锁。,首次启动时，用户需绑定手机号，之后可在3s内完成指纹解锁。,需改写,他,译稿保留了英文泛指代词。,“绑定后可在3s内指纹解锁”,改成“他/她可在3s内解锁”,把3s改成“三秒”，修正了原文缩略风格,首次启动需绑定手机号、3s 指纹解锁、缩略写法,应改,中,否,同机制新语体；保留缩略噪声,主集,dev,
POS-0827,v9,二、冗余标记（性别在场却不承载信息）,2.1 职业与身份的性别前缀,常规句,指向女性,,公文与规章,警情通报,无,中,接警后，两名女辅警与三名民警赶赴现场处置。,接警后，两名辅警与三名民警赶赴现场处置。,需改写,女辅警,警情通报记录的是警力构成，性别前缀不承载信息。,“两名辅警与三名民警赶赴现场”,改成“女性辅警”,改动人数，破坏通报事实,两名辅警、三名民警、赶赴现场处置,应改,中,否,异形同机制：女辅警,主集,test,
POS-0828,v9,二、冗余标记（性别在场却不承载信息）,2.1 职业与身份的性别前缀,常规句,指向男性,,社交与社区,本地探店帖,网络用语,中,这家的男甜品师做的可丽饼绝了，脆得掉渣。,这家的甜品师做的可丽饼绝了，脆得掉渣。,需改写,男甜品师,前缀把该从业者标为例外，与可丽饼好吃这一评价无关。,“这家甜品师的可丽饼很出彩”,改成“男性甜品师”,把“脆得掉渣”这一具体评价删掉,该店甜品师、可丽饼好吃、脆这一口感描述、探店口语,应改,易,否,异形同机制：男甜品师,主集,index,
POS-0829,v9,二、冗余标记（性别在场却不承载信息）,2.1 职业与身份的性别前缀,常规句,指向女性,,新闻报道,农业报道,无,中,合作社由几位女农技员牵头，今年推广了两个抗倒伏品种。,合作社由几位农技员牵头，今年推广了两个抗倒伏品种。,需改写,女农技员,推广工作与性别无关。,“合作社农技员今年推广两个抗倒伏品种”,改成“女性农技员”,把“两个抗倒伏品种”这一成果删掉,合作社由农技员牵头、今年推广两个抗倒伏品种,应改,中,是,若报道主题即为女性务农，则属负例,主集,index,
POS-0830,v9,二、冗余标记（性别在场却不承载信息）,2.1 职业与身份的性别前缀,结构化文本,双向,,公文与规章,职称评审汇总,结构化文本,中,申报情况：女教授 3 人、男教授 5 人、女副教授 7 人、男副教授 6 人。,申报情况：教授 8 人、副教授 13 人（性别构成见附表）。,需改写,各职称逐项按性别拆分,若主表口径为职称统计，逐项标性别属冗余；确需性别构成应另设附表。,主表按职称统计，性别构成另列一表,只合并教授一档，副教授仍按性别拆分,改动人数，破坏统计事实,教授共 8 人、副教授共 13 人这一人数事实,应改,中,是,若该表口径本身即为性别构成统计，则属负例,主集,index,
POS-0831,v9,二、冗余标记（性别在场却不承载信息）,2.2 性别专用与阴性化称谓,常规句,指向女性,,新闻报道,企业报道,无,中,圈里都叫她拼命三娘，连续三年春节没休过。,她连续三年春节没休过，同行都说她拼。,需改写,拼命三娘,以女性专用称谓命名工作强度，男性同类不会被另起称谓。,“她的工作强度在同行中出了名”,改成“女强人”，换了一个专称,把“连续三年春节没休”这一事实删掉,连续三年春节未休息这一事实、同行对其工作强度的评价,建议改,中,是,异形同机制：拼命三娘,主集,index,
POS-0832,v9,二、冗余标记（性别在场却不承载信息）,2.2 性别专用与阴性化称谓,常规句,指向女性,,文艺创作与评论,乐队介绍,无,中,主唱是位摇滚女汉子，嗓子一开全场都站起来。,主唱一开嗓，全场都站起来。,需改写,摇滚女汉子,以“女汉子”命名其台风，男性主唱不会被这样标注。,“主唱的现场爆发力很强”,改成“女汉子主唱”，专称仍在,把“全场都站起来”这一现场效果删掉,主唱开嗓、全场起立这一现场效果,建议改,中,是,异形同机制：女汉子,主集,index,
POS-0833,v9,二、冗余标记（性别在场却不承载信息）,2.3 标题与导语的冗余标性,标题,指向女性,,新闻报道,国际新闻标题,无,中,女总理宣布内阁改组 三名部长离任,该国总理宣布内阁改组 三名部长离任,需改写,女总理,政治报道中标注领导人性别，男性同职通常不标。,“总理宣布内阁改组，三名部长离任”,改成“女性总理”,把“三名部长离任”这一关键事实删掉,总理宣布内阁改组、三名部长离任,建议改,中,是,同机制新语体,主集,index,
POS-0834,v9,二、冗余标记（性别在场却不承载信息）,2.3 标题与导语的冗余标性,标题,指向男性,,新闻报道,文化新闻标题,无,中,男舞者夺得国际编舞金奖 系亚洲首例,一舞者夺得国际编舞金奖 系亚洲首例,需改写,男舞者,舞蹈领域对男性从业者的标注，与获奖事实无关。,“一名舞者夺得国际编舞金奖”,改成“男性舞者”,把“亚洲首例”这一纪录删掉,夺得国际编舞金奖、系亚洲首例,建议改,中,是,反向标性；同机制新语体,主集,index,
POS-0835,v9,二、冗余标记（性别在场却不承载信息）,2.4 服务岗位的性别化称呼与设定,常规句,指向女性,,商业与产品,前台话术,网络用语,中,前台小姐姐会帮您登记，客服小姐姐随后对接。,前台会帮您登记，客服随后对接。,需改写,前台小姐姐／客服小姐姐,以性别化昵称指代两个岗位，把服务岗默认为女性。,“前台登记后由客服对接”,只改前一处，“客服小姐姐”未动,把登记与对接这两个流程环节删掉,前台登记、客服随后对接这一流程,应改,易,否,多触发点；同机制新语体,主集,dev,
POS-0836,v9,二、冗余标记（性别在场却不承载信息）,2.4 服务岗位的性别化称呼与设定,结构化文本,指向男性,,商业与产品,酒吧岗位表,结构化文本,中,岗位配置：男公关 4 名（负责陪酒）、调酒师 2 名、安保 3 名。,岗位配置：客户接待 4 名（负责席间服务）、调酒师 2 名、安保 3 名。,需改写,男公关（负责陪酒）,岗位名与职责设定同时性别化，问题在设定不在称呼。,“接待岗 4 名，职责为席间服务与点单协助”,只把“男公关”改成“公关”，陪酒这一职责设定未变,改动各岗人数，破坏岗位配置,三类岗位、各岗人数（4/2/3）、岗位表格式,必改,中,否,反向；同机制新实例,主集,index,
POS-0837,v9,二、冗余标记（性别在场却不承载信息）,2.5 “首位女性”式顺位标注,常规句,指向女性,,工程与技术,内部通报,无,中,恭喜苏敏晋升为公司首位女性首席架构师，即日起履新。,恭喜苏敏晋升为公司首席架构师，即日起履新。,需改写,首位女性,内部晋升通报的功能是公示任职，顺位标注与履职无关。,“苏敏晋升首席架构师，即日履新”,改成“首位女架构师”，标注仍在,改动职务或生效时间，篡改通报事实,苏敏晋升首席架构师、即日起履新,建议改,中,是,同机制新语体,主集,index,
POS-0838,v9,二、冗余标记（性别在场却不承载信息）,2.5 “首位女性”式顺位标注,常规句,指向男性,,文艺创作与评论,颁奖报道,无,中,他成为该奖项设立以来首位获奖的男性编舞，评委会给出全票。,他获得该奖项，评委会给出全票。,需改写,首位获奖的男性编舞,顺位标注把身份变成新闻点，与全票获奖这一事实无关。,“他以全票获得该奖项”,改成“首位男编舞”，标注仍在,把“全票”这一评审结果删掉,他获得该奖项、评委会全票通过,建议改,中,是,反向；同机制新实例,主集,test,
POS-0839,v9,二、冗余标记（性别在场却不承载信息）,2.6 商品、空间与内容的性别化归类,常规句,双向,,商业与产品,健身房课程表,无,中,力量区课程面向男会员，塑形操课面向女会员，请按标识入场。,力量区课程与塑形操课均面向全体会员，请按预约时段入场。,需改写,力量面向男会员／塑形面向女会员,按性别切分训练内容，把训练目标提前指派。,“两类课程均开放，按预约时段入场”,只删一侧，另一侧的指派仍在,改动课程种类或入场规则，破坏课表,力量区课程与塑形操课这两类课程、入场规则,应改,中,否,同机制新语体,主集,dev,
POS-0841,v9,二、冗余标记（性别在场却不承载信息）,2.6 商品、空间与内容的性别化归类,标题,双向,,商业与产品,书单标题,无,短,男人必读的十本硬核书单,十本硬核书单：从技术史到复杂系统,需改写,男人必读,以性别限定读者，把书单内容与性别绑定。,“十本硬核书单推荐”,改成“男性必读”，限定未变,把“十本”这一书单规模删掉,十本书这一规模、硬核这一内容定位、书单标题体裁,应改,易,否,同机制新载体,主集,test,
POS-0844,v9,三、属性绑定（陈述性：把特质归于性别）,3.1 性格与心理特质的本质化,成语俗谚,指向女性,,文艺创作与评论,剧评,无,中,编剧显然信奉三个女人一台戏，几场群戏全靠互相拆台推进。,编剧显然认为女性角色凑在一起必然内耗，几场群戏全靠互相拆台推进。,需改写,三个女人一台戏,剧评在批评该套路，却以该俗谚作为概括，仍完整复述了本质化表述。,“编剧把女性群像写成了必然内耗”,加引号但仍完整复述该俗谚,把“互相拆台推进”这一剧作批评删掉,编剧对女性群戏的处理方式、评论者对其的批评,应改,难,是,批判性引用,主集,index,
POS-0845,v9,三、属性绑定（陈述性：把特质归于性别）,3.1 性格与心理特质的本质化,常规句,双向,,学术与调研,科普专栏,无,中,脑科学告诉我们，男脑擅长空间、女脑擅长语言，这是结构决定的。,脑科学研究显示，空间与语言能力的个体差异远大于群体差异，所谓男脑女脑的说法缺乏稳健证据。,需改写,男脑女脑／结构决定,以伪科学表述把认知能力本质化，且冒用了科学权威。,“认知能力的个体差异远大于性别差异”,只删“这是结构决定的”，男脑女脑的二分仍在,把空间与语言这两项能力的讨论删掉，丢失科普内容,空间能力与语言能力这两个讨论对象、科普专栏体裁,必改,难,否,伪科学包装，最难识别,主集,dev,
POS-0846,v9,三、属性绑定（陈述性：把特质归于性别）,3.2 能力与胜任力预设,常规句,指向女性,,公文与规章,带教安排,无,中,急诊夜班压力大，女实习生先别排，等轮转到病房再上手。,急诊夜班压力大，实习生按带教进度排班，达到考核要求后再独立值班。,需改写,女实习生先别排,以性别而非带教进度决定上岗顺序，实质是延后训练机会。,“按带教进度与考核结果安排夜班”,只删“女”，仍未说明排班依据,把急诊夜班与轮转这两个安排删掉,急诊夜班压力大、实习生需轮转与带教这一制度,必改,中,否,同机制新语体,主集,index,
POS-0847,v9,三、属性绑定（陈述性：把特质归于性别）,3.2 能力与胜任力预设,常规句,指向男性,,社交与社区,家长群,emoji,中,缝校服这种活儿别指望孩子他爸，男的手笨，还是我来吧😅,缝校服这活儿他还不熟练，我先弄，回头教他一下😅,需改写,男的手笨,以性别预设手工能力，同时把家务重新收回自己一侧。,“他还没上手，我先做，之后教他”,只删“男的手笨”，仍直接排除对方参与,删掉 emoji 与群聊口语，改变语体,需要缝校服、发帖人打算自己做、群聊口语与 emoji,必改,中,否,反向能力预设；同机制新语体,主集,dev,
POS-0848,v9,三、属性绑定（陈述性：把特质归于性别）,3.2 能力与胜任力预设,常规句,指向女性,,工程与技术,面试反馈,无,中,候选人技术面表现不错，但女生做架构还是差点意思，建议投开发岗。,候选人技术面表现不错，架构方向的系统设计经验尚不足，建议先投开发岗积累。,需改写,女生做架构差点意思,以性别否定架构胜任力，并据此改变岗位去向。,“系统设计经验不足，建议从开发岗起步”,只删“女生”，仍以“差点意思”作无依据的结论,把“技术面表现不错”这一正面评价删掉,候选人技术面表现不错、建议投开发岗这一结论,必改,中,否,同机制新语体,主集,index,
POS-0850,v9,三、属性绑定（陈述性：把特质归于性别）,3.3 劳动与人生领域的分工绑定,常规句,双向,,商业与产品,新房交付通知,无,中,验房当天建议男主人到场查看结构，女主人重点看厨房与储物。,验房当天建议业主到场，结构、厨房与储物均需逐项查看。,需改写,男主人查结构／女主人看厨房,按性别分派验房关注点，把厨房归为女性领域。,“建议业主逐项查看结构、厨房与储物”,只删“女主人”，前半句的分派仍在,把结构、厨房、储物这三项验收内容删掉,验房需查看结构、厨房、储物这三项内容,必改,中,否,同机制新语体,主集,index,
POS-0851,v9,三、属性绑定（陈述性：把特质归于性别）,3.3 劳动与人生领域的分工绑定,常规句,指向女性,,文艺创作与评论,家庭剧旁白,无,中,灶台前那盏灯，二十年来只为一个人亮着，那是母亲的岗位。,灶台前那盏灯，二十年来一直亮着，那是这个家最忙的一角。,需改写,那是母亲的岗位,以抒情笔法把厨房固定为母亲的专属位置。,“那盏灯亮了二十年，是家里最忙的一角”,只删“母亲”，改成“她的岗位”，绑定未变,把灶台灯亮二十年这一意象删掉，破坏叙事,灶台前的灯亮了二十年这一意象、旁白的抒情语体,必改,中,是,抒情包装下的绑定，比直陈更难判,主集,dev,
POS-0852,v9,三、属性绑定（陈述性：把特质归于性别）,3.3 劳动与人生领域的分工绑定,结构化文本,双向,,公文与规章,春节值班表,结构化文本,中,值班安排：除夕至初二由男同志值守，初三至初五由女同志值守（便于回娘家）。,值班安排：除夕至初五按自愿申报轮值，同一人不连值两日，特殊情况可申请调换。,需改写,按性别分段值守／便于回娘家,按性别切分值班时段，并以婚俗预设决定谁在哪几天休息。,“按自愿申报轮值，可申请调换”,只删括注，按性别分段仍在,改动值班日期范围，破坏排班,除夕至初五这一值班区间、需要一套排班规则,必改,中,否,同机制新载体,主集,index,
POS-0854,v9,三、属性绑定（陈述性：把特质归于性别）,3.4 兴趣、物品与色彩的性别化,常规句,指向男性,,社交与社区,车友论坛,无,中,这车内饰太秀气了，一看就不是给男人开的。,这车内饰偏精致，跟我想要的硬朗风格不太搭。,需改写,不是给男人开的,把审美偏好指派给性别，排除其他使用者。,“这个内饰风格我个人不太喜欢”,改成“不适合糙汉”，指派仍在,把内饰风格这一评价对象删掉,该车内饰偏精致、发帖人不喜欢这一态度,必改,易,否,同机制新语体,主集,index,
POS-0855,v9,三、属性绑定（陈述性：把特质归于性别）,3.4 兴趣、物品与色彩的性别化,常规句,双向,,公文与规章,少年宫招生简章,无,中,航模班以男生为主，声乐班以女生为主，家长可据此为孩子择班。,航模班与声乐班均面向全体学员，家长可结合孩子兴趣择班。,需改写,航模以男生为主／声乐以女生为主,把兴趣班与性别做对应，并写进择班建议。,“两个班均开放报名，按孩子兴趣选择”,只删一侧，另一侧的对应仍在,把航模班与声乐班这两个班型删掉,少年宫设有航模班与声乐班、家长需为孩子择班,必改,中,否,同机制新语体,主集,dev,
POS-0856,v9,三、属性绑定（陈述性：把特质归于性别）,3.4 兴趣、物品与色彩的性别化,常规句,指向女性,,商业与产品,数码测评,网络用语,中,这机器参数拉满，但配色太少女了，直男估计不会买。,这机器参数拉满，但配色偏柔和，喜欢冷色调的可能不会买。,需改写,太少女／直男不会买,以性别标签评价配色，并据此预判购买人群。,“配色偏柔和，冷色调爱好者可能不感兴趣”,只删“直男”，“太少女”仍在,把参数拉满这一测评结论删掉,该机器参数出色、配色偏柔和、测评口语,必改,中,否,同机制新语体,主集,dev,
POS-0857,v9,三、属性绑定（陈述性：把特质归于性别）,3.5 外貌与身体标准的性别化,常规句,指向女性,,公文与规章,礼仪培训要求,无,中,女员工上岗须化妆并盘发，男员工头发不过耳即可。,全体员工上岗须保持仪容整洁，长发需束起。,需改写,女员工须化妆盘发／男员工不过耳即可,对两性提出宽严不一的仪容要求，女性一侧含妆容义务。,“统一要求仪容整洁，长发束起”,只删“化妆”，盘发要求与男女宽严差仍在,删掉整条仪容要求，丢失制度内容,上岗存在仪容要求这一制度内容,必改,中,否,同机制新语体,主集,index,
POS-0859,v9,三、属性绑定（陈述性：把特质归于性别）,3.5 外貌与身体标准的性别化,常规句,指向女性,,学术与调研,问卷题干,结构化文本,中,Q7 您认为女性保持苗条身材对职业发展的重要性：○很重要 ○重要 ○一般 ○不重要,Q7 您认为外貌因素对职业发展的影响程度：○很大 ○较大 ○一般 ○没有影响,需改写,女性保持苗条身材,题干已把身材与女性职业发展的关联设为前提，答案分布因此被题干决定。,改为中性表述，或增设“不认为存在关联”选项,只把“苗条”改成“良好”，前提未变,删掉该题项，丢失研究变量,Q7 题号、外貌与职业发展这一研究变量、四级量表结构,必改,难,否,题干预设，比措辞更难发现,主集,dev,
POS-0863,v9,三、属性绑定（陈述性：把特质归于性别）,3.7 婚恋与择偶偏好的性别化,常规句,双向,,商业与产品,婚恋App介绍,无,中,平台按男看颜值、女看条件的真实偏好设计推荐算法，匹配更高效。,平台按用户自填的偏好权重设计推荐算法，各维度可自行调整。,需改写,男看颜值、女看条件,把择偶偏好按性别硬编码进算法，会把假设变成自我实现的结果。,“推荐权重由用户自行设置”,只删“真实”二字，硬编码的偏好假设仍在,把推荐算法这一产品机制删掉,平台以推荐算法做匹配这一机制、匹配效率这一卖点,必改,难,否,算法层的绑定，后果会扩散,主集,test,
POS-0864,v9,三、属性绑定（陈述性：把特质归于性别）,3.7 婚恋与择偶偏好的性别化,成语俗谚,双向,,文艺创作与评论,婚礼司仪串词,无,中,郎才女貌，门当户对，两位真是天造地设的一对。,两位志趣相投、家人也彼此欣赏，真是天造地设的一对。,需改写,郎才女貌／门当户对,前者按性别分派价值，后者以家世匹配为佳偶标准。,“两位彼此欣赏，家人也和睦”,只删“门当户对”，郎才女貌仍在,删掉祝福语，丢失司仪串词功能,对新人的赞美与祝福、司仪串词体裁,应改,中,是,多触发点；婚礼套语的沿用有分歧,主集,test,
POS-0865,v9,三、属性绑定（陈述性：把特质归于性别）,3.7 婚恋与择偶偏好的性别化,常规句,指向男性,,口语与私人交流,朋友闲聊,方言,中,男的嘛，找个小几岁的正常，女大三抱金砖那是老黄历了。,年龄差多少都正常，关键看两个人合不合得来。,需改写,男的找小几岁的正常／女大三抱金砖,一句之内两个婚配俗规：前者把年龄差方向固定，后者以俗谚给出反例仍在同一框架内。,“年龄差不是问题，合适最重要”,只删俗谚，前半句的方向预设仍在,把年龄差这一话题删掉，丢失闲聊由头,在讨论恋爱中的年龄差、闲聊口语,应改,中,是,多触发点；异形同机制,主集,test,
POS-0867,v9,四、规范说教（应然性：以性别提出要求）,4.1 应然句式,常规句,指向女性,,商业与产品,职场穿搭博主,无,中,职场女性就该穿得体面一点，邋遢会让人觉得你不专业。,职场着装保持整洁得体，会让沟通更顺畅。,需改写,职场女性就该,以性别提出着装要求，并把不达标与专业性挂钩。,“着装整洁有助于建立专业印象”,只删“女性”，“就该”这一应然句式仍在,把着装与专业印象的关系这一内容删掉,着装体面有助于专业印象这一建议、博主口播语体,必改,中,否,同机制新语体,主集,test,
POS-0868,v9,四、规范说教（应然性：以性别提出要求）,4.1 应然句式,常规句,指向男性,,公文与规章,新兵教育,无,中,既然穿上这身军装，男子汉就得把苦往肚里咽，别动不动找班长诉苦。,既然穿上这身军装，遇到困难先自己想办法，实在解决不了再找班长。,需改写,男子汉就得把苦往肚里咽,以性别禁止求助，会阻断部队心理支持的正常渠道。,“先自主处理，确有困难再逐级反映”,只删“男子汉”，禁止诉苦这一要求仍在,把“可以找班长”这一渠道整个取消，加重原句问题,遇困难先自主处理、班长是可用的求助渠道,必改,中,否,同机制新语体,主集,test,
POS-0869,v9,四、规范说教（应然性：以性别提出要求）,4.1 应然句式,常规句,指向女性,,医疗健康,产科宣教,无,中,当妈妈就得学会忍，生产的疼是每个女人都要过的坎。,分娩疼痛可以通过镇痛方式缓解，是否使用由产妇本人决定。,需改写,当妈妈就得学会忍／每个女人都要过的坎,把疼痛忍受设为母职的必经考验，会阻碍产妇提出镇痛需求。,“可选择分娩镇痛，具体方案由医生与产妇共同决定”,只删“得学会忍”，“都要过的坎”仍在,把分娩疼痛这一宣教主题删掉,宣教对象为待产产妇、涉及分娩疼痛这一主题,必改,中,否,含健康风险；同机制新语体,主集,index,
POS-0870,v9,四、规范说教（应然性：以性别提出要求）,4.1 应然句式,成语俗谚,指向男性,,社交与社区,家书体推文,无,中,儿啊，男儿当自强，天塌下来也得自己扛，别指望谁来帮。,儿啊，遇事要有担当，也别硬扛，该求助时就开口。,需改写,男儿当自强／别指望谁来帮,以性别提出独自承担的要求，并否定求助的正当性。,“要有担当，也要懂得寻求帮助”,只删“男儿”，独自扛的要求仍在,把父辈嘱托这一体裁功能删掉,长辈对晚辈的嘱托、家书体的抒情语气,必改,中,否,异形同机制：男儿当自强,主集,dev,
POS-0871,v9,四、规范说教（应然性：以性别提出要求）,4.2 资格与身份定义,常规句,指向女性,,文艺创作与评论,小说对白,无,中,连个孩子都生不出，你算什么完整的女人。,这些年为了孩子的事，你我都熬得太苦了。,需改写,算什么完整的女人,以生育界定女性身份的完整性，是资格定义中最具伤害性的一类。,“为孩子的事，我们都熬得太久了”,只删“完整的”，资格判定仍在,把这段冲突删掉，破坏情节推进,两人因生育问题长期困扰这一情节,必改,中,是,若为反派塑造则属负例；同机制新语体,主集,test,
POS-0872,v9,四、规范说教（应然性：以性别提出要求）,4.2 资格与身份定义,常规句,指向男性,,社交与社区,催收短信,无,中,欠钱不还，你还是个爷们儿吗？明天不还就上门。,欠款已逾期，请于明日前处理，否则将按约定采取进一步措施。,需改写,还是个爷们儿吗,以性别羞辱施压，属资格定义在催收场景的使用。,“逾期未还，请尽快处理”,改成“还是不是个男人”，资格判定仍在,把“明天不还就上门”这一催告内容改掉，损失原文意思,欠款逾期这一事实、明日为处理期限、将采取进一步措施,必改,中,否,同机制新语体,主集,index,
POS-0873,v9,四、规范说教（应然性：以性别提出要求）,4.2 资格与身份定义,常规句,指向女性,,商业与产品,家政培训,无,中,做月嫂第一条就是要有女人味，说话轻声细语，主家才放心。,做月嫂第一条是沟通清楚、操作规范，主家才放心。,需改写,要有女人味,以性别气质作为职业资格，替代了对技能的要求。,“沟通清晰、操作规范是首要要求”,只删“女人味”，仍以“轻声细语”作职业标准,把“主家才放心”这一培训要点删掉,月嫂职业的首要要求、让雇主放心这一目标,必改,中,否,同机制新语体,主集,dev,
POS-0874,v9,四、规范说教（应然性：以性别提出要求）,4.3 选择的性别化劝阻与限制,常规句,指向女性,,公文与规章,军校招生咨询,无,中,女生报指挥类专业毕业分配会很受限，建议改报后勤保障方向。,指挥类专业的分配去向与体能、专业成绩相关，建议结合个人情况与招生简章评估。,需改写,女生报指挥类会受限,以性别推定分配前景，实质是劝退。,“分配去向按简章规定，建议对照自身条件评估”,只删“女生”，仍替考生作出改报结论,把分配受限这一真实信息完全抹掉，丢失咨询价值,指挥类与后勤保障两个方向、分配去向这一咨询关切,必改,中,否,同机制新语体,主集,index,
POS-0875,v9,四、规范说教（应然性：以性别提出要求）,4.3 选择的性别化劝阻与限制,常规句,指向男性,,社交与社区,知乎回答,无,中,劝退，男生做美妆博主天花板很低，粉丝盘子就那么大。,劝退慎重，美妆赛道竞争激烈，起号周期长，需要有内容差异化。,需改写,男生做美妆博主天花板低,以性别预判职业上限，把赛道问题转成性别问题。,“这个赛道竞争激烈，需要差异化定位”,只删“男生”，天花板低这一无据结论仍在,把赛道竞争这一真实信息删掉，丢失回答价值,美妆赛道竞争激烈这一信息、回答在给出择业建议,必改,中,否,反向；同机制新语体,主集,dev,
POS-0877,v9,四、规范说教（应然性：以性别提出要求）,4.4 年龄、婚育与人生进度捆绑,常规句,指向男性,,口语与私人交流,同学聚会,无,中,都三十五了还没房没车没老婆，男人这个岁数再不立就晚了。,都三十五了，房、车、成家这些各人节奏不同，不用拿同一个尺子量。,需改写,男人这个岁数再不立就晚了,把人生进度设为男性必须按期达成的清单。,“每个人的节奏不一样，不用统一时间表”,只删“男人”，进度清单仍在,把三十五岁与三项人生指标这一话题删掉,对方三十五岁、房车与婚姻被作为衡量项、聚会闲聊口语,应改,中,否,同机制新语体,主集,index,
POS-0879,v9,四、规范说教（应然性：以性别提出要求）,4.5 传统角色规训与伦理话语,成语俗谚,指向女性,,社交与社区,家族群,无,中,咱们家的媳妇都讲究出得厅堂入得厨房，你多跟你嫂子学学。,咱们家的人都愿意搭把手，家里家外的事你跟你嫂子多商量。,需改写,出得厅堂入得厨房／媳妇,以俗谚对特定家庭身份提出全能要求，并以同辈作为示范施压。,“家里的事大家一起分担，多和嫂子商量”,只删俗谚，“咱们家的媳妇都”这一身份要求仍在,把家庭内互相学习这一情境删掉,家族内的家务分担、以嫂子为参照这一情境、群聊口语,必改,中,否,同机制新语体,主集,test,
POS-0880,v9,四、规范说教（应然性：以性别提出要求）,4.5 传统角色规训与伦理话语,常规句,指向男性,,公文与规章,家风讲堂,无,中,男人是一家之主，主意要拿得定，家里才有主心骨。,家庭事务需要有人牵头，谁更合适由家人共同商量。,需改写,男人是一家之主,把家庭决策权按性别指派，属反向的角色规训。,“家庭决策由成员共同商定”,只删“男人”，一家之主这一单一权威结构仍在,把家庭需要有人牵头这一内容删掉,家庭事务需要有人牵头这一问题、讲堂的宣讲体裁,必改,中,否,反向规训；同机制新语体,主集,test,
POS-0882,v9,四、规范说教（应然性：以性别提出要求）,4.6 保护式区别对待（善意歧视）,常规句,指向女性,,新闻报道,救援报道,无,中,现场指挥考虑到女消防员体力，安排她们在外围警戒，未参与内攻。,现场指挥按持证等级与空气呼吸器配备情况分组，内攻由具备资质的人员承担。,需改写,考虑到女消防员体力,以性别而非资质分配任务，形式为照顾，实质取消其一线经验积累。,“内攻人员按资质与装备配备情况编组”,只删“考虑到体力”，仍按性别安排外围,把内攻与外围警戒这两项任务删掉，丢失报道事实,现场存在内攻与外围警戒两类任务、需要分组,应改,中,是,同机制新语体,主集,test,
POS-0883,v9,四、规范说教（应然性：以性别提出要求）,4.6 保护式区别对待（善意歧视）,常规句,指向女性,,学术与调研,实验室安全须知,无,中,涉及强酸的实验，女同学在旁记录即可，操作由男同学完成。,涉及强酸的实验，须由通过安全考核的同学操作，其余人在安全距离外记录。,需改写,女同学记录／男同学操作,以性别而非安全考核分配操作机会，会造成训练机会的系统性差异。,“操作人须通过安全考核，其余人负责记录”,只删“女同学”，仍指定男同学操作,把强酸实验的安全分工整个删掉，丢失须知内容,强酸实验存在操作与记录两个位置、需要安全约束,必改,中,否,同机制新语体,主集,test,
POS-0884,v9,四、规范说教（应然性：以性别提出要求）,4.6 保护式区别对待（善意歧视）,常规句,双向,,商业与产品,团队出差安排,无,中,长途驾驶让男同事轮着来，女同事负责导航和订房，大家都轻松。,长途驾驶由持证且休息充分的同事轮换，导航与订房另行分工。,需改写,驾驶让男同事／女同事导航订房,按性别分派驾驶与后勤，形式上是体贴，实质是固定角色。,“驾驶按持证与休息情况轮换，后勤另行分工”,只删“女同事”，驾驶仍指定男同事,把长途驾驶与后勤这两项安排删掉,长途驾驶需要轮换、导航与订房这两项后勤工作,应改,中,是,同机制新语体,主集,test,
POS-0885,v9,五、关系性不对等（需比较两个对象方成立）,5.1 称谓与头衔层级不对等,常规句,双向,,医疗健康,科室介绍,无,中,科室由陈志远主任医师领衔，另有护士长王姐和几位年轻医生。,科室由陈志远主任医师领衔，护理工作由护士长王慧负责，另有几位年轻医生。,需改写,护士长王姐,一方称职称全名、一方称亲属化昵称，层级与正式度不对等。,统一按职务加姓名介绍,改成“王护士长”虽有改善，但仍未给出姓名,编造姓名（不掌握时应写“护士长”）,陈志远为主任医师、科室设护士长、另有年轻医生,应改,中,否,同机制新语体,主集,test,
POS-0886,v9,五、关系性不对等（需比较两个对象方成立）,5.1 称谓与头衔层级不对等,结构化文本,双向,,公文与规章,专家库名录,结构化文本,中,入库专家：吴建军（研究员）、赵雪（女）、孙浩（高级工程师）。,入库专家：吴建军（研究员）、赵雪（副研究员）、孙浩（高级工程师）。,需改写,赵雪（女）,三人中两人标职称、一人标性别，标注维度不一致。,若不掌握其职称，统一改为只列姓名,改成“赵雪（女，专家）”，仍与职称序列不对等,编造职称（不掌握时应只列姓名）,三位入库专家的姓名、名录的括注格式,应改,中,否,同机制新载体,主集,index,
POS-0889,v9,五、关系性不对等（需比较两个对象方成立）,5.3 描述信息不对等,常规句,双向,,学术与调研,会议手册作者简介,无,长,刘光明，某大学教授，主要研究方向为分子催化；何雨欣，某大学教授，已婚，育有一女，业余爱好烘焙。,刘光明，某大学教授，主要研究方向为分子催化；何雨欣，某大学教授，主要研究方向为表面化学。,需改写,已婚／育有一女／业余爱好烘焙,同为教授，一方写研究方向、一方写婚育与爱好。,统一写研究方向，或都不写个人信息,只删“已婚育有一女”，爱好仍是唯一的补充维度,编造其研究方向（不掌握时应留空并注明待补）,两人均为某大学教授、刘光明研究分子催化,应改,中,否,同机制新语体,主集,test,
POS-0891,v9,五、关系性不对等（需比较两个对象方成立）,5.4 附属化定位,常规句,指向女性,,公文与规章,考察团行程,无,中,考察团一行八人，含技术骨干五名、翻译一名，另有随行女眷两名。,考察团一行八人，含技术骨干五名、翻译一名，另有随行家属两名（姓名见附表）。,需改写,随行女眷,前两类以职能标识、第三类以性别与从属关系标识。,统一改为“随行家属”，并在附表中列明姓名,改成“随行家属女性两名”，性别标注仍多余,改动人数构成，破坏行程安排,考察团共八人、技术骨干五名、翻译一名、随行两名,应改,中,否,同机制新语体,主集,test,
POS-0892,v9,五、关系性不对等（需比较两个对象方成立）,5.4 附属化定位,常规句,指向男性,,社交与社区,颁奖后采,无,中,领奖时她特意感谢了背后默默付出的先生，多年来他包揽了所有家务。,领奖时她特意感谢了伴侣周明，多年来家务主要由他承担。,需改写,背后默默付出的先生,以“背后默默付出”定位配偶，反向使用同样抹去其独立身份。,“她感谢了长期承担家务的伴侣”,只删“默默”，背后这一定位仍在,编造配偶姓名（不掌握时应写“伴侣”）,她在领奖时致谢配偶、家务多年由对方承担,应改,中,否,反向附属化；同机制新实例,主集,test,
POS-0893,v9,五、关系性不对等（需比较两个对象方成立）,5.5 从夫称谓与旧式谦称,常规句,指向女性,,新闻报道,讣闻,无,中,先生一生治学，身后留下夫人与二子，夫人多年为其誊抄书稿。,先生一生治学，身后留下伴侣李清芬与二子；李清芬多年参与其书稿整理。,需改写,夫人（两处）／为其誊抄,以从夫称谓指代且无本名，贡献以“为其”表述，附属化与从夫称谓叠加。,若不掌握姓名，写“其伴侣多年参与书稿整理”,只删一处“夫人”，另一处与“为其”仍在,编造姓名（不掌握时应写“伴侣”）,先生一生治学、身后留有伴侣与二子、伴侣参与书稿整理,应改,难,是,多触发点；同机制新语体,主集,index,
POS-0894,v9,五、关系性不对等（需比较两个对象方成立）,5.5 从夫称谓与旧式谦称,常规句,指向女性,,公文与规章,优抚登记,结构化文本,中,登记项：烈士遗孀姓名____ 与烈士关系 □妻,登记项：烈士配偶姓名____ 与烈士关系 □配偶 □其他____,需改写,遗孀／关系仅“妻”,以“遗孀”定义身份，且关系栏单向穷举，其他情形无法登记。,统一使用“配偶”，关系栏留出其他选项,只把“遗孀”改成“遗属”，关系栏仍只有“妻”,删掉关系栏，丢失登记要素,姓名与关系两个登记项、优抚登记这一用途、表单格式,应改,中,是,同机制新载体,主集,dev,
POS-0900,v9,五、关系性不对等（需比较两个对象方成立）,5.8 成就与失败的归因不对等,常规句,双向,,社交与社区,家长群议论,无,中,他家孩子考得好是随爸爸聪明，她家孩子考得好是妈妈盯得紧。,两家孩子都考得不错，各家的方法不一样。,需改写,随爸爸聪明／妈妈盯得紧,同一结果分别归因于父亲的天赋与母亲的付出，两侧都被简化。,“两个孩子都考得好，方法各有不同”,只删后半句，前半句的天赋归因仍在,编造两家的教育方式，超出原句,两家孩子都考得不错这一事实、群聊议论的口语,建议改,难,否,同机制新语体,主集,test,
POS-0901,v9,六、以性别设限与划界,6.1 二元穷举式称呼与并称,常规句,双向,,公文与规章,村务公开栏,方言,中,全村男女老少都来看看，这季度的账目全公开了。,全村人都来看看，这季度的账目全公开了。,需改写,男女老少,以性别与年龄的四元穷举统称全体村民。,“请全体村民查看本季度账目”,改成“男女老幼”，穷举结构未变,改动公开内容或季度范围，破坏公示事实,本季度账目全部公开、面向全体村民、方言口语,应改,中,是,异形同机制：男女老少,主集,test,
POS-0902,v9,六、以性别设限与划界,6.1 二元穷举式称呼与并称,常规句,双向,,社交与社区,社群置顶公告,emoji,中,各位小哥哥小姐姐，本群仅供技术交流，广告请自觉退群🙏,各位群友，本群仅供技术交流，广告请自觉退群🙏,需改写,小哥哥小姐姐,以二元昵称统称全体群成员。,“各位成员，本群仅供技术交流”,改成“小哥哥小姐姐们”，穷举结构未变,删掉 emoji，改变公告语气,本群用途为技术交流、禁止广告、emoji 与社群语体,应改,易,否,异形同机制：小哥哥小姐姐,主集,index,
POS-0903,v9,六、以性别设限与划界,6.1 二元穷举式称呼与并称,代码与字段,双向,,工程与技术,国际化文案键,结构化文本,中,"welcome.male = ""先生您好""
welcome.female = ""女士您好""","welcome.default = ""您好""",需改写,按性别分设两个文案键,文案在键值层就按性别分叉，任何缺失或未知取值都无处落地。,保留单一键并在需要时由用户自填称呼,增加 welcome.other，键数增多但分叉结构仍在,改动键名前缀 welcome，破坏国际化资源加载,welcome 这一键前缀、问候语这一文案用途、资源文件格式,应改,中,否,同机制新载体,主集,index,
POS-0904,v9,六、以性别设限与划界,6.2 家庭结构的窄化预设,常规句,双向,,商业与产品,亲子套餐说明,无,中,家庭套餐含两大一小，需一位爸爸与一位妈妈同行方可享受优惠。,家庭套餐含两大一小，两名成人与一名儿童同行即可享受优惠。,需改写,一位爸爸与一位妈妈,把优惠条件绑定为异性双亲结构，其他家庭无法享受。,“两名成人携一名儿童即可”,只把“爸爸妈妈”改成“父母”，双亲结构仍是条件,改动套餐构成或优惠规则，损失产品信息,套餐含两大一小、同行可享优惠这一规则,应改,中,否,同机制新语体,主集,test,
POS-0906,v9,六、以性别设限与划界,6.3 表单、字段与选项的强制二元,结构化文本,双向,,医疗健康,体检预约页,结构化文本,中,第三步 选择套餐：○男士套餐 ○女士套餐（必选，选定后不可更改）,第三步 选择套餐：○基础套餐 ○含妇科检查 ○含前列腺检查 ○自定义组合（可多选）,需改写,男士套餐／女士套餐且不可更改,以性别打包体检项目，跨性别者与有特定筛查需求者都被迫二选一。,按检查项目组合，允许自选,只放开“可更改”，套餐仍按性别打包,删掉套餐选择这一步骤，破坏预约流程,第三步这一流程位置、需选择体检套餐、套餐存在项目差异,应改,难,是,医疗必需项与身份表达的边界,主集,index,
POS-0908,v9,六、以性别设限与划界,6.4 依推定的性别称谓指派,常规句,指向男性,,商业与产品,建材市场导购,方言,中,老板您这是给自家装修吧，男的一般都看重瓷砖硬度。,您这是给自家装修吧，先看看瓷砖的硬度参数。,需改写,老板／男的一般都看重,依外表推定并称呼，同时按推定的性别预判关注点。,“您先看看瓷砖的硬度参数”,只删“老板”，后半句的预判仍在,把瓷砖硬度这一产品要点删掉，丢失导购内容,对方在为自家装修、瓷砖硬度这一产品要点、市场口语,应改,中,否,同机制新语体,主集,index,
POS-0909,v9,六、以性别设限与划界,6.4 依推定的性别称谓指派,代码与字段,双向,,工程与技术,智能客服意图模型,结构化文本,中,// 语音入线时，先按基频推断性别，再选择男声或女声话术模板,// 语音入线时，直接使用统一话术模板；如用户明确要求，可切换音色,需改写,按基频推断性别,以声学特征推断性别并切换话术，误判率高且用户无从纠正。,统一话术，音色由用户主动选择,只把推断结果标为低置信，仍据以切换模板,删掉话术模板选择这一逻辑，导致客服无应答策略,语音入线这一触发时机、需要选择话术模板、注释格式,必改,难,否,推断链路；同机制新实例,主集,test,
POS-0910,v9,六、以性别设限与划界,6.5 准入与资格的性别限制,结构化文本,指向女性,,公文与规章,竞赛报名简章,结构化文本,中,参赛资格：一、在校本科生；二、限男性（含野外测绘）；三、身体健康。,参赛资格：一、在校本科生；二、能完成野外测绘作业并通过体检；三、身体健康。,需改写,限男性（含野外测绘）,以作业内容为由设性别门槛，实际应以体检与技能为准。,“需通过野外作业体检与技能考核”,改成“男性优先”，仍以性别设门槛,把野外测绘这一真实作业内容删掉,三项参赛资格、野外测绘这一作业内容、简章格式,必改,中,否,含合规风险；同机制新载体,主集,test,
POS-0911,v9,六、以性别设限与划界,6.5 准入与资格的性别限制,常规句,指向男性,,商业与产品,会员制说明,无,中,本俱乐部为女性专属空间，男性会员不予受理，随行男宾请在外厅等候。,本俱乐部部分区域为女性专属，其余区域面向全体会员开放，具体见分区指引。,需改写,男性会员不予受理／男宾外厅等候,以性别限制入会与进入，反向使用同样构成准入排他。,“女性专属区与公共区分设，入会不限性别”,只删“外厅等候”，不予受理仍在,把该俱乐部设有女性专属空间这一事实删掉,该俱乐部设有女性专属空间、存在会员受理规则,应改,中,是,反向排他；隐私类空间的必要性有分歧,主集,test,
POS-0912,v9,六、以性别设限与划界,6.6 空间、设施与分组的非必要划分,常规句,双向,,学术与调研,宿舍调研,无,中,问卷按男生楼与女生楼分发，自习室也按性别划分了固定时段。,问卷按楼栋分发；自习室的使用时段按预约排布，不按性别划分。,需改写,自习室按性别划分时段,宿舍分楼有隐私依据，自习室按性别分时段则无必要，两者应分开处理。,“自习室按预约排布使用时段”,只删“固定”，按性别划分时段仍在,把宿舍分楼这一有依据的安排一并取消,问卷按楼栋分发、自习室需要一套使用时段规则,应改,难,是,边界样本：有依据的分区与无必要的划分并存,主集,test,
POS-0913,v9,六、以性别设限与划界,6.6 空间、设施与分组的非必要划分,标题,双向,,商业与产品,停车场标识,缺标点,短,女士专用车位 男士勿停,优先车位 近电梯需登记,需改写,女士专用／男士勿停,以性别而非需求分配近电梯车位，标识体裁下更显绝对。,“优先车位 有需要者登记使用”,只删“男士勿停”，专用限制仍在,补全标点或扩写成完整说明，改变标识体裁,该车位为优先车位、存在使用限制、标识的简短体裁,应改,中,是,短样本；保留缺标点噪声,主集,index,
POS-0914,v9,六、以性别设限与划界,6.7 生理与医学表述的性别绝对化,常规句,指向男性,,医疗健康,健康问答,无,中,男的不用管骨盆底肌，那是产后女性才需要练的。,盆底肌训练对男性同样有意义，可改善压力性尿失禁与术后康复。,需改写,男的不用管骨盆底肌,医学事实错误：男性盆底肌功能障碍确实存在，尤其在前列腺术后。,“盆底肌训练男女均适用，具体方案遵医嘱”,只加一句“男的也能练”，未纠正前半句的排除,把盆底肌训练这一健康主题删掉,盆底肌训练这一主题、健康问答的答复功能,必改,中,否,医学事实错误,主集,test,
POS-0915,v9,六、以性别设限与划界,6.7 生理与医学表述的性别绝对化,常规句,指向女性,,医疗健康,用药提示,无,中,该药可能影响生育，仅育龄女性需在用药前告知医生。,该药可能影响生育，有生育计划者用药前均应告知医生。,需改写,仅育龄女性需告知,医学事实错误：该类药物对精子发生同样可能有影响，限定告知对象会造成风险漏报。,“有生育计划的患者，无论性别，均应事先告知”,只删“仅”，仍未纳入其他患者,把可能影响生育这一风险提示删掉,该药可能影响生育这一风险、用药前告知医生这一要求,必改,中,否,医学事实错误,主集,test,
POS-0916,v9,六、以性别设限与划界,6.7 生理与医学表述的性别绝对化,常规句,双向,,公文与规章,职业病防治宣传,无,中,接触苯系物的岗位对女工危害更大，男工可适当放宽防护要求。,接触苯系物的岗位对所有作业人员均有健康危害，防护要求不因性别放宽。,需改写,男工可适当放宽防护,以性别差异为由降低一侧的防护标准，直接造成职业健康风险。,“防护标准对全体作业人员一致”,只删“适当”，放宽这一结论仍在,把苯系物岗位存在危害这一事实删掉,接触苯系物的岗位存在健康危害、需要防护要求,必改,中,否,含实质安全风险,主集,test,
POS-0918,v9,七、贬损与物化（词项自带贬抑）,7.1 性别化侮辱标签,常规句,指向女性,,口语与私人交流,邻里闲谈,方言,中,那家的老太婆一天到晚搅事，谁跟她住一块儿都得吵。,那家的老人爱管闲事，跟她住一块儿容易起摩擦。,需改写,老太婆,以年龄与性别叠加的贬称指代邻居，词项自带贬抑。,“那位老人爱管事，容易起摩擦”,改成“老婆子”，贬称仍在,把爱管事与容易起冲突这一描述删掉,该邻居爱管闲事、易与人起摩擦、方言闲谈口语,必改,易,否,异形同机制：老太婆,主集,index,
POS-0919,v9,七、贬损与物化（词项自带贬抑）,7.1 性别化侮辱标签,常规句,指向男性,,社交与社区,游戏公会群,网络用语,中,这种大男子主义的癌症晚期就别拉进公会了，指挥谁都不听。,这种听不进指挥的就别拉进公会了，配合太差。,需改写,大男子主义的癌症晚期,以病理化标签概括其观念，替代了对具体行为的描述。,“他从不服从指挥，配合很差”,改成“直男癌”，标签仍在,把“指挥谁都不听”这一具体行为删掉,对方不服从指挥、配合差这一评价、群聊口语,必改,中,否,异形同机制：癌症晚期,主集,test,
POS-0920,v9,七、贬损与物化（词项自带贬抑）,7.1 性别化侮辱标签,常规句,指向女性,,文艺创作与评论,影视点评,无,中,这个角色被塑造成典型的恶婆婆，脸谱化得让人出戏。,这个婆婆角色被写得只剩刁难，脸谱化得让人出戏。,需改写,恶婆婆,以固定贬称概括家庭角色，是家庭伦理剧中的高频脸谱标签。,“婆婆这个角色只剩下刁难这一面”,改成“老巫婆”，贬称仍在,把“脸谱化让人出戏”这一评论结论删掉,该角色塑造单薄、脸谱化导致出戏这一评价,必改,中,是,异形同机制：恶婆婆,主集,test,
POS-0921,v9,七、贬损与物化（词项自带贬抑）,7.1 性别化侮辱标签,代码与字段,双向,,工程与技术,敏感词库配置,结构化文本,长,"blocklist_female = [""剩女"",""黄脸婆"",""绿茶婊""]  # 女性侮辱词，男性侮辱词暂不收录","blocklist_gendered = [""剩女"",""黄脸婆"",""绿茶婊"",""妈宝男"",""凤凰男"",""娘炮""]  # 性别化侮辱词，双向收录",需改写,男性侮辱词暂不收录,词库只收一侧，会在审核环节形成系统性的漏放，注释还把该缺口写成了既定安排。,改为双向收录，并按机制而非按指向分组,只把注释删掉，词库仍是单侧,改动词库结构或删除已有词条，削弱既有审核能力,该词库用于审核、已收录的三个词条、配置文件格式,必改,难,否,治理工具层的单侧覆盖,主集,dev,
POS-0926,v9,七、贬损与物化（词项自带贬抑）,7.3 所有权、支配与交易隐喻,常规句,双向,,法律与司法,普法短视频脚本,无,中,很多人觉得结了婚老婆就是自己的，想怎么样就怎么样，这在法律上叫家庭暴力。,很多人误以为婚姻关系能带来对配偶的支配权，这类行为在法律上构成家庭暴力。,需改写,老婆就是自己的／想怎么样就怎么样,脚本在普法，却以所有权口吻完整复述了该观念。,“误以为婚姻能带来支配权，这类行为构成家暴”,只删后半句，前半句的所有权表述仍在,把“构成家庭暴力”这一法律结论删掉，丢失普法要点,存在这种误解、该行为在法律上构成家庭暴力这一结论,应改,难,是,批判性引用,主集,test,
POS-0927,v9,七、贬损与物化（词项自带贬抑）,7.3 所有权、支配与交易隐喻,常规句,指向女性,,社交与社区,婚俗讨论帖,无,中,彩礼二十万，人接过来了就得好好过，别整天想着回娘家。,彩礼二十万，两个人既然成了家就好好过；回不回娘家该由她自己决定。,需改写,人接过来了／别想着回娘家,以交付隐喻描述婚姻，并据此限制其人身自由。,“成了家就好好经营，回娘家是她自己的事”,只删“人接过来了”，限制回娘家仍在,把彩礼二十万这一事实删掉，丢失讨论前提,彩礼二十万这一事实、两人已成家、跟帖在给出看法,必改,中,否,同机制新语体,主集,test,
POS-0928,v9,七、贬损与物化（词项自带贬抑）,7.4 以某一性别为标准的评价,常规句,指向女性,,公文与规章,援建表彰材料,无,中,在高原施工现场，几位女同志顶起了半边天，工程量丝毫不比男同志少。,在高原施工现场，几位同志承担了大量工作，工程量在全队名列前茅。,需改写,顶起半边天／不比男同志少,以男性工作量为参照上限，两处均以对标构成褒扬。,“几位同志承担的工程量在全队名列前茅”,只删“半边天”，对标结构仍在,把高原施工与工程量这一表彰依据删掉,高原施工现场、几位同志承担大量工程量,建议改,中,是,多触发点；同机制新语体,主集,index,
POS-0929,v9,七、贬损与物化（词项自带贬抑）,7.4 以某一性别为标准的评价,常规句,指向男性,,文艺创作与评论,舞蹈评论,无,中,他的柔韧度比女演员还好，这在男舞者里极为罕见。,他的柔韧度达到了同台演员中的顶尖水平，这在同行里极为罕见。,需改写,比女演员还好,以女性为参照上限的褒扬，反向使用同样以性别作标尺。,“柔韧度在同台演员中属顶尖”,改成“不输女演员”，标尺仍在,把“极为罕见”这一评价删掉,他的柔韧度出色、这一水平在同行中罕见,建议改,中,是,反向标尺；同机制新实例,主集,test,
POS-0930,v9,七、贬损与物化（词项自带贬抑）,7.5 性别化詈词与轻蔑语,常规句,不特指,,商业与产品,销售动员,无,中,谈单别磨磨唧唧跟个老娘们似的，该逼单就逼单。,谈单别磨磨唧唧，该推进就推进。,需改写,跟个老娘们似的,以女性化作为拖沓的贬义参照，双向贬低。,“谈单要果断，该推进就推进”,改成“别那么娘”，詈词仍在,把逼单这一销售动作删掉，丢失动员内容,谈单需果断、及时推进成交这一动员要点,必改,易,否,同机制新语体,主集,index,
POS-0931,v9,七、贬损与物化（词项自带贬抑）,7.5 性别化詈词与轻蔑语,常规句,指向女性,,文艺创作与评论,相声脚本,无,中,您瞧他那位，典型的母老虎脾气，一嗓子能掀了屋顶。,您瞧他那位，脾气是真大，一嗓子能掀了屋顶。,需改写,母老虎脾气,以猛兽比附女性脾气，脚本以取笑为目的更强化了贬抑。,“他那位脾气大，嗓门也高”,改成“河东狮”，比附仍在,把“一嗓子能掀屋顶”这一包袱删掉，破坏相声节奏,该人物脾气大、嗓门高这一包袱、相声的口语节奏,必改,中,是,同机制新语体,主集,dev,
POS-0932,v9,七、贬损与物化（词项自带贬抑）,7.5 性别化詈词与轻蔑语,常规句,不特指,,工程与技术,代码评审意见,结构化文本,中,// 这段逻辑写得婆婆妈妈，三层嵌套完全没必要，建议重构,// 这段逻辑过于繁冗，三层嵌套完全没必要，建议重构,需改写,婆婆妈妈,评审意见中使用性别化贬义词，既不专业也带贬抑。,“逻辑冗余，嵌套过深，建议扁平化”,改成“娘们唧唧”，换了一个同类詈词,把三层嵌套与重构建议删掉，丢失评审意见,三层嵌套没必要这一判断、建议重构这一意见、注释格式,必改,中,否,同机制新载体,主集,test,
POS-0933,v9,七、贬损与物化（词项自带贬抑）,7.5 性别化詈词与轻蔑语,常规句,指向男性,,新闻报道,体育解说,无,中,这防守动作软绵绵的，跟个小姑娘似的，一点对抗都没有。,这防守动作软绵绵的，一点对抗强度都没有。,需改写,跟个小姑娘似的,以女性化作为软弱的参照来批评球员，双向贬低。,“防守对抗强度不够”,改成“跟个娘们似的”，参照结构未变,把“没有对抗”这一技战术评价删掉,防守动作软、缺乏对抗强度这一评价、解说的现场感,必改,易,否,异形同机制：跟个小姑娘似的,主集,test,
POS-0934,v9,一、缺省预设（信息缺位处默认为男性）,1.1 泛指人称代词,常规句,不特指,,公文与规章,消防安全须知,缺标点,中,发现火情人员应先断电再灭火 他不得贸然开窗,发现火情人员应先断电再灭火 不得贸然开窗,需改写,他,泛指发现人，代词冗余；原文无标点。,“断电后灭火，不得开窗”,改成“他/她不得贸然开窗”,补全标点并改成规范书面语，改变须知的告示体裁,先断电再灭火、不得贸然开窗、原文无标点的告示体裁,应改,中,否,保留缺标点噪声,主集,index,
POS-0935,v9,一、缺省预设（信息缺位处默认为男性）,1.1 泛指人称代词,常规句,不特指,,商业与产品,众筹项目说明,无,中,支持者可在发货前随时取消，他已支付的款项将原路退回。,支持者可在发货前随时取消，已支付款项原路退回。,需改写,他,泛指支持者，领属可由上下文承接。,“取消后款项原路退回”,改成“他/她已支付的款项”,把原路退回这一退款方式改掉,发货前可随时取消、款项原路退回,应改,中,否,同机制新语体,主集,dev,
POS-0936,v9,一、缺省预设（信息缺位处默认为男性）,1.2 领属与反身形式,常规句,不特指,,公文与规章,不动产登记须知,无,中,申请人应亲自到场，代办的须提交他本人签署的授权委托书。,申请人应亲自到场，代办的须提交申请人签署的授权委托书。,需改写,他本人,泛指申请人，复用名词更准确。,“须提交申请人签署的委托书”,改成“他/她本人签署”,把授权委托书这一材料要求删掉,申请人应亲自到场、代办须提交授权委托书,应改,中,否,同机制新语体,主集,dev,
POS-0937,v9,一、缺省预设（信息缺位处默认为男性）,1.3 职业角色的默认代词,常规句,指向男性,,社交与社区,装修监理帖,无,中,监理进场第一天，他会拍一套隐蔽工程的底片留档。,监理进场第一天，会拍一套隐蔽工程的底片留档。,需改写,他,以监理岗位默认男性。,“进场首日拍隐蔽工程底片留档”,改成“他/她会拍底片”,把隐蔽工程留档这一环节删掉,监理进场首日、拍摄隐蔽工程底片留档,应改,易,否,同机制新语体,主集,index,
POS-0938,v9,一、缺省预设（信息缺位处默认为男性）,1.3 职业角色的默认代词,常规句,指向女性,,公文与规章,图书馆指引,无,中,如需查阅古籍，请联系典藏馆员，她会协助办理预约。,如需查阅古籍，请联系典藏馆员，可协助办理预约。,需改写,她,以馆员岗位默认女性，属反向默认。,“典藏馆员可协助预约”,改成“他/她会协助”,把古籍查阅需预约这一规则删掉,查阅古籍需联系典藏馆员、需办理预约,应改,易,否,反向默认,主集,test,
POS-0939,v9,一、缺省预设（信息缺位处默认为男性）,1.4 家庭角色的默认指派,常规句,指向女性,,新闻报道,民生报道,无,中,记者在校门口看到，接孩子的清一色是妈妈们，个个手上还拎着菜。,记者在校门口看到，接孩子的多数是女性家长，不少人手上还拎着菜。,需改写,清一色是妈妈们,把观察到的现象直接以“妈妈”概括为常态，而非作为待解释的现象呈现。,“接送人以女性家长为主，这一分布本身值得追问”,只把“清一色”改成“大多”，仍未把它作为现象呈现,把接孩子与拎菜这两个观察细节删掉,校门口接孩子的人以女性为主这一观察、拎菜这一细节,建议改,难,是,观察陈述与默认指派的边界,主集,index,
POS-0940,v9,一、缺省预设（信息缺位处默认为男性）,1.5 男性词统称混合群体,常规句,不特指,,公文与规章,抢险动员,无,中,全体党员干部要冲在前面，关键时刻男同志顶得上，队伍才拉得动。,全体党员干部要冲在前面，关键时刻顶得上，队伍才拉得动。,需改写,男同志顶得上,以男性作为可依靠力量的默认，实际排除了队伍中的其他成员。,“关键时刻大家都要顶得上”,改成“男女同志都要顶得上”，仍以二元穷举,把抢险动员这一场合与要求删掉,抢险场合、要求党员干部冲在前面,应改,中,否,同机制新语体,主集,index,
POS-0941,v9,一、缺省预设（信息缺位处默认为男性）,1.6 收件与受众称谓默认,常规句,指向男性,,学术与调研,审稿邀请函,无,中,尊敬的教授先生：兹邀请您审阅稿件一篇，回复期限为两周。,尊敬的教授：兹邀请您审阅稿件一篇，回复期限为两周。,需改写,教授先生,邀请函模板默认受邀专家为男性。,“尊敬的××教授：兹邀请您审阅稿件”,改成“教授先生/女士”，仍是二元穷举,改动回复期限，损失函件要求,邀请审阅稿件一篇、两周回复期限,应改,中,否,同机制新语体,主集,dev,
POS-0942,v9,一、缺省预设（信息缺位处默认为男性）,1.8 译入与转写产生的默认,常规句,不特指,,公文与规章,国际公约译本,无,中,任何被拘留者均有权立即通知其家属，并有权要求会见他所选择的律师。,任何被拘留者均有权立即通知其家属，并有权要求会见其选择的律师。,需改写,他所选择的,公约译本中 his lawyer 的直译，中文可用“其”或省略。,“有权会见自行选择的律师”,改成“他/她所选择的”,把通知家属或会见律师这两项权利删掉,通知家属的权利、会见自选律师的权利,应改,中,否,同机制新语体,主集,test,
POS-0943,v9,二、冗余标记（性别在场却不承载信息）,2.1 职业与身份的性别前缀,常规句,指向女性,,文艺创作与评论,乐团介绍,无,中,本场由女指挥执棒，曲目为马勒第五交响曲。,本场指挥为林某，曲目为马勒第五交响曲。,需改写,女指挥,演出信息的要素是指挥人选与曲目，性别前缀不承载信息。,“指挥：××；曲目：马勒第五”,改成“女性指挥”,改动曲目，损失演出信息,本场的指挥安排、曲目为马勒第五交响曲,应改,中,是,若节目主题即为女性指挥，则属负例,主集,index,
POS-0944,v9,二、冗余标记（性别在场却不承载信息）,2.1 职业与身份的性别前缀,常规句,指向男性,,医疗健康,科室公告,无,中,本周由男助产士值班，孕妇如有顾虑可提前告知。,本周助产士值班安排见排班表，孕妇如有偏好可提前告知。,需改写,男助产士,前缀把该从业者标为需要预先说明的例外。,“值班安排见排班表，有偏好可提前沟通”,改成“男性助产士”，标记仍在,把“可提前告知”这一沟通渠道删掉,本周存在值班安排、孕妇可提前表达偏好,应改,难,是,医疗场景中的知情选择与冗余标记的边界,主集,index,
POS-0945,v9,二、冗余标记（性别在场却不承载信息）,2.2 性别专用与阴性化称谓,常规句,指向女性,,公文与规章,三八节表彰,无,中,各条战线的女将们撑起了工作局面，特此表彰。,各条战线的女性职工撑起了工作局面，特此表彰。,需改写,女将们,以军事化的阴性称谓指代女性职工，男性同类不会被这样命名。,“各条战线的女性职工表现突出，特此表彰”,改成“巾帼们”，专称仍在,把表彰这一文种功能删掉,各条战线女性职工的贡献、表彰这一文种功能,建议改,中,是,异形同机制：女将,主集,test,
POS-0946,v9,二、冗余标记（性别在场却不承载信息）,2.3 标题与导语的冗余标性,标题,指向女性,,新闻报道,教育新闻标题,无,中,女校长坚守山区二十年 送出三百名大学生,一校长坚守山区二十年 送出三百名大学生,需改写,女校长,坚守年限与升学成果与性别无关。,“山区校长坚守二十年，送出三百名大学生”,改成“女性校长”,把二十年与三百名这两个数据删掉,坚守山区二十年、送出三百名大学生,建议改,中,是,若报道主题即为山区女教师处境，则属负例,主集,test,
POS-0947,v9,二、冗余标记（性别在场却不承载信息）,2.4 服务岗位的性别化称呼与设定,常规句,指向女性,,商业与产品,楼盘案场管理,无,中,案场置业顾问统一称呼为置业女神，制服裙长不低于膝上十厘米。,案场置业顾问统一称呼为置业顾问，着装以商务正装为准。,需改写,置业女神／裙长规定,岗位称呼与着装规定同时性别化，问题在设定不在称呼。,“统一称置业顾问，着装为商务正装”,只改称呼，裙长规定未动,把着装要求整个删掉，丢失管理规定,案场顾问的统一称呼、存在着装要求,必改,中,否,多触发点,主集,index,
POS-0949,v9,二、冗余标记（性别在场却不承载信息）,2.6 商品、空间与内容的性别化归类,常规句,双向,,商业与产品,旅行社产品说明,无,中,闺蜜团线路主打拍照打卡，兄弟团线路主打越野露营。,轻松打卡线路与越野露营线路同时开放，可按兴趣选择。,需改写,闺蜜团／兄弟团,以性别化关系词命名线路，把旅行方式提前分性别。,“打卡线与越野线均开放报名”,只删“兄弟团”，另一侧仍在,删掉两条线路的内容差异，丢失产品信息,存在打卡与越野露营两条线路,应改,中,否,同机制新语体,主集,index,
POS-0951,v9,三、属性绑定（陈述性：把特质归于性别）,3.1 性格与心理特质的本质化,常规句,指向男性,,医疗健康,问诊记录,无,中,患者不愿细说病史，男性一般都这样，故未追问。,患者不愿细说病史，已说明信息完整性对诊断的影响，将于复诊时再次沟通。,需改写,男性一般都这样／未追问,以性别解释就诊行为并据此放弃追问，会直接影响诊断质量。,“患者暂不愿详述，需在复诊时补充病史”,只删“男性一般都这样”，未追问这一处置仍在,把患者不愿细说病史这一临床事实删掉,患者不愿详述病史这一情况、病史完整性对诊断的影响,必改,难,否,归因导致诊疗处置偏差,主集,dev,
POS-0952,v9,三、属性绑定（陈述性：把特质归于性别）,3.2 能力与胜任力预设,常规句,指向女性,,商业与产品,4S店接待,方言,中,这车参数您可能听不懂，要不叫您先生一起来听？,这车参数我给您详细讲一遍，有不清楚的随时打断我。,需改写,您可能听不懂／叫您先生来听,以性别预设理解能力，并把决策权转交给他人。,“参数我详细讲，随时可以问”,只删前半句，仍建议叫他人来听,把车辆参数讲解这一销售环节删掉,需要讲解车辆参数、接待正在进行、门店口语,必改,中,否,同机制新语体,主集,test,
POS-0953,v9,三、属性绑定（陈述性：把特质归于性别）,3.3 劳动与人生领域的分工绑定,常规句,双向,,公文与规章,抗疫总结,无,中,转运与消杀由男同志承担，信息统计与心理疏导由女同志承担，配合默契。,转运、消杀、信息统计与心理疏导四项工作按人员专长与培训情况分工，配合默契。,需改写,转运消杀归男／统计疏导归女,按性别把体力工作与事务／情绪工作分开，写进总结即成为可复制的经验。,“四项工作按专长与培训情况分工”,只删一侧，另一侧的分派仍在,删掉四项工作中的任一项，损失总结内容,转运、消杀、信息统计、心理疏导这四项工作,必改,中,否,同机制新语体,主集,dev,
POS-0954,v9,三、属性绑定（陈述性：把特质归于性别）,3.4 兴趣、物品与色彩的性别化,结构化文本,双向,,公文与规章,儿童节礼品清单,结构化文本,中,礼品发放：男生—遥控汽车；女生—毛绒玩偶；教师—保温杯。,礼品发放：学生按自选项目领取（遥控汽车／毛绒玩偶／拼装积木）；教师—保温杯。,需改写,男生遥控汽车／女生毛绒玩偶,按性别指派礼品，把玩具偏好提前决定。,“学生礼品自选，提供三种可选”,只把两项礼品对调，指派结构未变,删掉教师礼品这一项，损失清单内容,学生与教师两类发放对象、遥控汽车与毛绒玩偶这两种礼品、清单格式,必改,中,否,同机制新载体,主集,dev,
POS-0958,v9,四、规范说教（应然性：以性别提出要求）,4.1 应然句式,常规句,指向女性,,社交与社区,婆媳话题贴,无,中,做儿媳的就该主动些，逢年过节礼数不能少。,逢年过节的礼数两边都该顾到，具体怎么安排夫妻俩商量。,需改写,做儿媳的就该主动,以家庭身份提出单向义务，属应然规训。,“节日往来两边都要顾，夫妻共同安排”,只删“就该”，义务的单向分派仍在,把逢年过节的往来这一话题删掉,逢年过节的礼数往来这一话题、跟帖在给建议,必改,中,否,同机制新语体,主集,index,
POS-0959,v9,四、规范说教（应然性：以性别提出要求）,4.2 资格与身份定义,常规句,指向男性,,公文与规章,消防员选拔标准,无,中,面试环节重点考察男子气概与心理韧性，二者缺一不可。,面试环节重点考察应急决断与心理韧性，二者缺一不可。,需改写,男子气概,以性别气质作为岗位资格，替代了对能力的定义。,“考察应急决断能力与心理承受力”,改成“阳刚之气”，资格判据未变,把心理韧性这一考察项删掉，损失选拔标准,面试环节考察两项、心理韧性为其中之一,必改,中,否,含合规风险,主集,index,
POS-0960,v9,四、规范说教（应然性：以性别提出要求）,4.3 选择的性别化劝阻与限制,常规句,指向女性,,商业与产品,留学中介咨询,无,中,女孩子出国读工科不好找对象，建议还是选商科或者教育。,工科与商科、教育方向的就业路径不同，建议结合你的职业规划来选。,需改写,女孩子读工科不好找对象,以婚恋前景劝阻专业选择，把无关因素设为择校依据。,“不同方向的就业路径不同，按职业规划选”,只删“女孩子”，仍以婚恋作为择校依据,把三个专业方向删掉，丢失咨询内容,工科、商科、教育三个方向、咨询在给出选择建议,必改,中,否,同机制新语体,主集,index,
POS-0962,v9,四、规范说教（应然性：以性别提出要求）,4.5 传统角色规训与伦理话语,常规句,指向女性,,公文与规章,文明家庭事迹,无,中,她二十年如一日照顾公婆，从无怨言，是远近闻名的好儿媳。,她二十年如一日照顾老人，家中照护责任由她与配偶共同承担，事迹在社区广受称道。,需改写,从无怨言／好儿媳,以“无怨言”与身份称号把照护义务单向确立为女性的美德标准。,“她长期承担老人照护，事迹广受称道”,只删“好儿媳”，“从无怨言”这一无条件承受仍在,把二十年照护这一事实删掉，损失事迹依据,她二十年照顾老人这一事实、事迹在社区受称道,应改,中,是,同机制新语体,主集,test,
POS-0963,v9,四、规范说教（应然性：以性别提出要求）,4.6 保护式区别对待（善意歧视）,常规句,指向女性,,公文与规章,外派名单说明,无,中,考虑到女同事家庭负担较重，本次驻外名单未纳入女性人选。,本次驻外名单按岗位匹配度与个人意愿产生，家庭情况由本人自行申报。,需改写,考虑到家庭负担／未纳入女性,以体谅为名整体排除一类人选，是善意歧视中后果最实的一种。,“驻外人选按意愿申报与岗位匹配确定”,只删“考虑到家庭负担”，排除结果仍在,把驻外名单这一事项删掉，丢失说明内容,本次存在驻外名单、名单需要一套产生规则,必改,中,是,含合规风险,主集,test,
POS-0972,v9,六、以性别设限与划界,6.1 二元穷举式称呼与并称,常规句,双向,,新闻报道,颁奖典礼报道,无,中,主持人以一句“各位男士女士”开场，随后宣布获奖名单。,主持人以一句“各位来宾”开场，随后宣布获奖名单。,需改写,各位男士女士,以二元穷举称呼全场，报道原样转述时同样构成使用。,若为如实转述主持词，应加引号并标明为原话,改成“各位男女来宾”，穷举结构未变,把宣布获奖名单这一流程删掉,主持人开场、随后宣布获奖名单,应改,中,是,转述与使用的边界,主集,test,
POS-0973,v9,六、以性别设限与划界,6.2 家庭结构的窄化预设,常规句,双向,,医疗健康,儿童就诊须知,无,中,初诊须由父母双方之一陪同，并出示双方身份证。,初诊须由法定监护人陪同，并出示监护关系证明。,需改写,父母双方之一／双方身份证,以父母为唯一监护主体，其他监护形态无法完成初诊手续。,“由法定监护人陪同并出示监护关系证明”,只把“父母”改成“家长”，身份证要求仍限于父母双方,删掉身份核验这一要求，影响就诊安全,初诊需监护人陪同、需出示身份或监护关系证明,应改,中,否,同机制新语体,主集,index,
POS-0974,v9,六、以性别设限与划界,6.3 表单、字段与选项的强制二元,结构化文本,双向,,公文与规章,人口普查辅助表,结构化文本,中,H2 户内成员性别：□男 □女（必填，与身份证一致）,H2 户内成员性别：□男 □女（必填，与身份证登记一致）；另设 H2a 自我认同（选填，仅用于研究分析）,需改写,仅男女两项,法定统计口径确需与证件一致，但可另设选填项承载身份表达，二者不冲突。,保留法定项，另设选填的自我认同项并说明用途,直接放开法定项的取值，与身份证登记不一致，影响统计口径,删掉性别项，破坏普查的法定要求,H2 题号、与身份证一致这一法定要求、必填约束,应改,难,是,法定口径与身份表达可并存的处理示例,主集,test,
POS-0975,v9,六、以性别设限与划界,6.4 依推定的性别称谓指派,常规句,双向,,公文与规章,窗口服务,无,中,工作人员抬头看了一眼，直接叫了声“先生”，请对方出示材料。,工作人员抬头看了一眼，请对方出示材料。,需改写,直接叫了声“先生”,依外表推定并称呼，窗口场景下误称的纠正成本高。,“请您出示材料”,改成“先生/女士”，仍是依推定二选一,把出示材料这一办事环节删掉,工作人员请对方出示材料这一办事环节,应改,中,否,同机制新语体,主集,dev,
POS-0976,v9,六、以性别设限与划界,6.5 准入与资格的性别限制,常规句,指向女性,,公文与规章,岗位年检说明,无,中,高空作业证年检时，女性从业人员需额外提交家属同意书。,高空作业证年检时，全体从业人员按同一标准提交体检与培训记录。,需改写,女性需额外提交家属同意书,以额外材料对一类从业者设限，且把执业资格系于他人同意。,“年检材料对全体从业人员一致”,只删“家属”，额外材料要求仍在,把年检需提交材料这一制度删掉,高空作业证需年检、年检需提交材料,必改,中,否,含合规风险,主集,test,
POS-0977,v9,六、以性别设限与划界,6.6 空间、设施与分组的非必要划分,常规句,双向,,商业与产品,餐厅包厢安排,无,中,商务宴请建议男宾主桌、女宾偏厅，避免相互打扰。,商务宴请按主客与陪同关系安排座次，可根据需要分设主桌与偏厅。,需改写,男宾主桌／女宾偏厅,按性别分配主桌与偏厅，把主次位置与性别绑定。,“按主客关系安排座次”,只删“避免相互打扰”，主次分配仍按性别,删掉主桌与偏厅这一空间安排，丢失服务内容,存在主桌与偏厅两个空间、需要一套座次安排,必改,中,否,同机制新语体,主集,index,
POS-0978,v9,六、以性别设限与划界,6.7 生理与医学表述的性别绝对化,常规句,双向,,医疗健康,科普短视频文案,无,中,记住，痛风是男人病，女的基本不用担心。,记住，痛风男性发病率更高，但女性绝经后风险明显上升，同样需要关注。,需改写,男人病／女的基本不用担心,医学事实错误：绝经后女性痛风发病率显著上升，绝对化表述会造成漏诊。,“男性高发，女性绝经后风险上升，均需关注”,只删“基本不用担心”，“男人病”这一定性仍在,把痛风男性高发这一正确的流行病学事实一并删掉,痛风在男性中发病率更高这一事实、科普面向大众这一定位,必改,中,否,医学事实错误,主集,test,
POS-0979,v9,七、贬损与物化（词项自带贬抑）,7.1 性别化侮辱标签,常规句,指向女性,,社交与社区,育儿话题贴,网络用语,中,小区里那几个鸡娃妈天天比来比去，一开口就让人窒息。,小区里那几位家长天天比孩子成绩，一开口就让人窒息。,需改写,鸡娃妈,以性别化标签指代教育焦虑的家长，把该现象单向归到母亲身上。,“那几位家长总在比孩子的成绩”,改成“虎妈”，标签仍在,把“比来比去”这一具体行为删掉,几位家长互相比较孩子、令人不适这一感受、跟帖口语,必改,中,否,异形同机制：鸡娃妈,主集,test,
POS-0980,v9,七、贬损与物化（词项自带贬抑）,7.1 性别化侮辱标签,常规句,指向男性,,社交与社区,消费维权帖,无,中,客服那个大爷味十足的男的，全程都在教育我该怎么用产品。,那位客服全程都在教育我该怎么用产品，态度让人不适。,需改写,大爷味十足,以性别与年龄叠加的贬称概括其态度，替代了对具体行为的描述。,“客服全程在说教，态度不好”,改成“爹味”，贬称仍在,把“教育我怎么用产品”这一具体行为删掉,客服全程说教、发帖人感到不适、维权帖的口语,必改,中,否,异形同机制：大爷味,主集,test,
POS-0981,v9,七、贬损与物化（词项自带贬抑）,7.2 身体化与部位指代,常规句,指向女性,,公文与规章,活动策划案,结构化文本,中,开场环节：安排形象好的女生站台造势，负责举牌与合影。,开场环节：安排两名接待人员站台，负责举牌与引导合影。,需改写,形象好的女生站台,以外貌作为岗位配置依据，把人当作现场布景。,“安排接待人员负责举牌与引导”,只删“形象好的”，仍指定女生承担,把举牌与合影这两项工作删掉，丢失策划内容,开场环节需要有人站台、举牌与合影引导这两项工作,必改,中,否,同机制新载体,主集,dev,
POS-0982,v9,七、贬损与物化（词项自带贬抑）,7.3 所有权、支配与交易隐喻,常规句,指向女性,,文艺创作与评论,武侠小说,无,中,他冷冷道：这女人是我从山下带回来的，山上的规矩由我定。,他冷冷道：这人是我从山下带回来的，山上的规矩由我定。,需改写,这女人是我带回来的,以带回与规矩宣示对他人的支配权。,“她是我从山下请回来的，山上的事我说了算”,只删“女人”改成“这个女的”，支配结构未变,把这句台词删掉，破坏人物塑造,该人物宣示山上规矩由己而定、对方系其带回这一情节,必改,中,是,若为反派塑造则属负例,主集,test,
POS-0984,v9,七、贬损与物化（词项自带贬抑）,7.4 以某一性别为标准的评价,成语俗谚,指向女性,,新闻报道,科技报道,无,中,这支以女性为主的研发团队，用三年时间证明了谁说女子不如男。,这支研发团队用三年时间拿下了三项核心专利，成果在业内领先。,需改写,谁说女子不如男,以男性为默认标尺，褒扬的前提是需要先反驳一个预设。,“该团队三年内取得多项突破”,改成“巾帼不让须眉”，标尺结构未变,编造专利数量等原文没有的信息,该团队以女性为主、三年时间、取得研发成果,建议改,中,是,异形同机制：谁说女子不如男,主集,test,
POS-0986,v9,七、贬损与物化（词项自带贬抑）,7.5 性别化詈词与轻蔑语,常规句,指向男性,,社交与社区,健身社群,网络用语,中,举这么点重量还喊得那么响，别这么娘们儿气行不行。,举这么点重量还喊得那么响，动作先做标准再说。,需改写,娘们儿气,以女性化作为贬义参照来讥讽，双向贬低。,“先把动作做标准，别急着喊”,改成“太娘”，詈词仍在,把重量与动作这一训练讨论删掉,对方重量偏小、喊声偏大这两个观察、社群口语,必改,易,否,异形同机制：娘们儿气,主集,index,
